gsm	source	stage	gate	contrast	modality	programme	n_genes	n_pairs	difference	ci_low	ci_high	p_pair
GSM6339597	line1	stem	TSS_ge_2	2plus_vs_1	RNA	Hallmark_myogenesis	198	213	0.01876976449321153	-0.007223492415469695	0.044763021401892755	0.15608491640634775
GSM6339597	line1	stem	TSS_ge_2	2plus_vs_1	RNA	Reactome_myogenesis	29	213	0.0025404152744425124	-0.017626812880618445	0.022707643429503467	0.8041354836307062
GSM6339597	line1	stem	TSS_ge_2	2plus_vs_1	RNA	MRF_loci	4	213	0.012756484729903428	-0.026549279371009996	0.05206224883081685	0.5230269178888531
GSM6339597	line1	stem	TSS_ge_2	2plus_vs_1	RNA	MEF2_loci	3	213	0.06629407494170712	-0.02891326088075309	0.16150141076416735	0.17133221564815912
GSM6339597	line1	stem	TSS_ge_2	2plus_vs_1	ATAC	Hallmark_myogenesis	198	213	-4.3663671373491224e-05	-0.0015529500330354472	0.0014656226902884646	0.9545771363421729
GSM6339597	line1	stem	TSS_ge_2	2plus_vs_1	ATAC	Reactome_myogenesis	29	213	-0.0012761527411205894	-0.0036349092148247153	0.0010826037325835365	0.2874183195718755
GSM6339597	line1	stem	TSS_ge_2	2plus_vs_1	ATAC	MRF_loci	4	213	-0.0002664282911088828	-0.007538721853999028	0.0070058652717812624	0.9424967816846429
GSM6339597	line1	stem	TSS_ge_2	2plus_vs_1	ATAC	MEF2_loci	3	213	-0.0007902750469260638	-0.008135869121935037	0.006555319028082909	0.8322536828537068
GSM6339597	line1	stem	TSS_ge_2	3plus_vs_1	RNA	Hallmark_myogenesis	198	46	0.049462883923729516	-0.016634538411365023	0.11556030625882405	0.13874297887039025
GSM6339597	line1	stem	TSS_ge_2	3plus_vs_1	RNA	Reactome_myogenesis	29	46	-0.004860590702142725	-0.04077579754570306	0.031054616141417614	0.7864237641830663
GSM6339597	line1	stem	TSS_ge_2	3plus_vs_1	RNA	MRF_loci	4	46	0.03333025243058851	-0.046402973470214305	0.11306347833139133	0.4042740367754344
GSM6339597	line1	stem	TSS_ge_2	3plus_vs_1	RNA	MEF2_loci	3	46	-0.030003344748349033	-0.19984390713075237	0.1398372176340543	0.7236504567989817
GSM6339597	line1	stem	TSS_ge_2	3plus_vs_1	ATAC	Hallmark_myogenesis	198	46	-0.0007350233850887914	-0.00372334336057623	0.0022532965903986476	0.622728572975906
GSM6339597	line1	stem	TSS_ge_2	3plus_vs_1	ATAC	Reactome_myogenesis	29	46	-0.00018622662058987623	-0.005318655249011913	0.00494620200783216	0.942066054242558
GSM6339597	line1	stem	TSS_ge_2	3plus_vs_1	ATAC	MRF_loci	4	46	-8.345672365055828e-05	-0.016349316804324096	0.01618240335702298	0.9918005320895793
GSM6339597	line1	stem	TSS_ge_2	3plus_vs_1	ATAC	MEF2_loci	3	46	-0.0014296626615467201	-0.01752754526044851	0.01466821993735507	0.8588397720504735
GSM6339597	line1	stem	TSS_ge_3	2plus_vs_1	RNA	Hallmark_myogenesis	198	211	0.01646231857283938	-0.009536165376997259	0.04246080252267602	0.21332986315418107
GSM6339597	line1	stem	TSS_ge_3	2plus_vs_1	RNA	Reactome_myogenesis	29	211	0.0005172794577265339	-0.01953748241418691	0.020572041329639974	0.9594957163705403
GSM6339597	line1	stem	TSS_ge_3	2plus_vs_1	RNA	MRF_loci	4	211	0.010809301434143118	-0.02874223289674535	0.050360835765031586	0.5906255702215414
GSM6339597	line1	stem	TSS_ge_3	2plus_vs_1	RNA	MEF2_loci	3	211	0.0564944585394297	-0.03799114438235183	0.15098006146121123	0.2398567394473865
GSM6339597	line1	stem	TSS_ge_3	2plus_vs_1	ATAC	Hallmark_myogenesis	198	211	-5.680447256642604e-05	-0.0015803893565507303	0.0014667804114178783	0.941479990762264
GSM6339597	line1	stem	TSS_ge_3	2plus_vs_1	ATAC	Reactome_myogenesis	29	211	-0.001311282459290095	-0.0036919422822142577	0.0010693773636340676	0.27880430512021737
GSM6339597	line1	stem	TSS_ge_3	2plus_vs_1	ATAC	MRF_loci	4	211	-0.00026895367775446567	-0.007610743605304204	0.007072836249795272	0.942498706296218
GSM6339597	line1	stem	TSS_ge_3	2plus_vs_1	ATAC	MEF2_loci	3	211	-0.0008635899236215192	-0.00827809702335727	0.006550917176114232	0.8186213286736232
GSM6339597	line1	stem	TSS_ge_3	3plus_vs_1	RNA	Hallmark_myogenesis	198	46	0.049462883923729516	-0.016634538411365023	0.11556030625882405	0.13874297887039025
GSM6339597	line1	stem	TSS_ge_3	3plus_vs_1	RNA	Reactome_myogenesis	29	46	-0.004860590702142725	-0.04077579754570306	0.031054616141417614	0.7864237641830663
GSM6339597	line1	stem	TSS_ge_3	3plus_vs_1	RNA	MRF_loci	4	46	0.03333025243058851	-0.046402973470214305	0.11306347833139133	0.4042740367754344
GSM6339597	line1	stem	TSS_ge_3	3plus_vs_1	RNA	MEF2_loci	3	46	-0.030003344748349033	-0.19984390713075237	0.1398372176340543	0.7236504567989817
GSM6339597	line1	stem	TSS_ge_3	3plus_vs_1	ATAC	Hallmark_myogenesis	198	46	-0.0007350233850887914	-0.00372334336057623	0.0022532965903986476	0.622728572975906
GSM6339597	line1	stem	TSS_ge_3	3plus_vs_1	ATAC	Reactome_myogenesis	29	46	-0.00018622662058987623	-0.005318655249011913	0.00494620200783216	0.942066054242558
GSM6339597	line1	stem	TSS_ge_3	3plus_vs_1	ATAC	MRF_loci	4	46	-8.345672365055828e-05	-0.016349316804324096	0.01618240335702298	0.9918005320895793
GSM6339597	line1	stem	TSS_ge_3	3plus_vs_1	ATAC	MEF2_loci	3	46	-0.0014296626615467201	-0.01752754526044851	0.01466821993735507	0.8588397720504735
GSM6339599	line1	differentiated	TSS_ge_2	2plus_vs_1	RNA	Hallmark_myogenesis	198	327	0.005307872461975844	-0.006001525465751815	0.016617270389703502	0.3565319981840147
GSM6339599	line1	differentiated	TSS_ge_2	2plus_vs_1	RNA	Reactome_myogenesis	29	327	0.008079767601710688	-0.004713775940494703	0.02087331114391608	0.21497143622184423
GSM6339599	line1	differentiated	TSS_ge_2	2plus_vs_1	RNA	MRF_loci	4	327	0.02526386978822293	-0.0010087265387114762	0.05153646611515733	0.05941240293413486
GSM6339599	line1	differentiated	TSS_ge_2	2plus_vs_1	RNA	MEF2_loci	3	327	-0.016857893070016207	-0.06923613059699019	0.035520344456957766	0.527070821821497
GSM6339599	line1	differentiated	TSS_ge_2	2plus_vs_1	ATAC	Hallmark_myogenesis	198	327	0.0006291640506463375	-0.0002697868739787002	0.001528114975271375	0.169498784212413
GSM6339599	line1	differentiated	TSS_ge_2	2plus_vs_1	ATAC	Reactome_myogenesis	29	327	0.00012629816380616972	-0.0016712120679646446	0.001923808395576984	0.8901473115492196
GSM6339599	line1	differentiated	TSS_ge_2	2plus_vs_1	ATAC	MRF_loci	4	327	0.003346588273165375	-0.0027716107611281742	0.009464787307458925	0.28268990411103184
GSM6339599	line1	differentiated	TSS_ge_2	2plus_vs_1	ATAC	MEF2_loci	3	327	0.0014056242394672564	-0.003533844447954051	0.006345092926888563	0.5759831411149658
GSM6339599	line1	differentiated	TSS_ge_2	3plus_vs_1	RNA	Hallmark_myogenesis	198	74	0.00701311939699624	-0.023450947542747028	0.03747718633673951	0.6477359265990568
GSM6339599	line1	differentiated	TSS_ge_2	3plus_vs_1	RNA	Reactome_myogenesis	29	74	0.013261944277464983	-0.01530707040487159	0.04183095895980156	0.35792906366295507
GSM6339599	line1	differentiated	TSS_ge_2	3plus_vs_1	RNA	MRF_loci	4	74	0.008553635649976526	-0.0460522622812029	0.06315953358115595	0.7557867365409658
GSM6339599	line1	differentiated	TSS_ge_2	3plus_vs_1	RNA	MEF2_loci	3	74	0.007032575774343831	-0.10919291438448897	0.12325806593317662	0.9043452425962568
GSM6339599	line1	differentiated	TSS_ge_2	3plus_vs_1	ATAC	Hallmark_myogenesis	198	74	-0.00029699541682786534	-0.002393754587311772	0.0017997637536560412	0.7785138209229336
GSM6339599	line1	differentiated	TSS_ge_2	3plus_vs_1	ATAC	Reactome_myogenesis	29	74	0.0012661893040358631	-0.0023920939993714472	0.004924472607443173	0.4925023012417352
GSM6339599	line1	differentiated	TSS_ge_2	3plus_vs_1	ATAC	MRF_loci	4	74	0.004060748054556105	-0.008715485861323508	0.01683698197043572	0.5284218478916445
GSM6339599	line1	differentiated	TSS_ge_2	3plus_vs_1	ATAC	MEF2_loci	3	74	0.0016378558045224716	-0.009696059781377258	0.012971771390422202	0.774157838905429
GSM6339599	line1	differentiated	TSS_ge_3	2plus_vs_1	RNA	Hallmark_myogenesis	198	326	0.004217999148387125	-0.006920541269881792	0.01535653956665604	0.4568201290653435
GSM6339599	line1	differentiated	TSS_ge_3	2plus_vs_1	RNA	Reactome_myogenesis	29	326	0.008313275357357092	-0.004511444348215418	0.021137995062929602	0.20313434424955262
GSM6339599	line1	differentiated	TSS_ge_3	2plus_vs_1	RNA	MRF_loci	4	326	0.02659908496527758	0.0003775170208448926	0.05282065290971026	0.04681035543359656
GSM6339599	line1	differentiated	TSS_ge_3	2plus_vs_1	RNA	MEF2_loci	3	326	-0.020214135813515145	-0.07233478475438046	0.031906513127350176	0.4460281265874363
GSM6339599	line1	differentiated	TSS_ge_3	2plus_vs_1	ATAC	Hallmark_myogenesis	198	326	0.0006260225933754007	-0.00027567912082502026	0.0015277243075758219	0.17293787989335255
GSM6339599	line1	differentiated	TSS_ge_3	2plus_vs_1	ATAC	Reactome_myogenesis	29	326	0.00012537062082130262	-0.0016776816716725746	0.00192842291331518	0.8912811107954652
GSM6339599	line1	differentiated	TSS_ge_3	2plus_vs_1	ATAC	MRF_loci	4	326	0.003356853881365268	-0.0027801784352275	0.009493886197958035	0.28269199344303636
GSM6339599	line1	differentiated	TSS_ge_3	2plus_vs_1	ATAC	MEF2_loci	3	326	0.0013706092438198773	-0.003583609485634418	0.006324827973274173	0.5866353696089842
GSM6339599	line1	differentiated	TSS_ge_3	3plus_vs_1	RNA	Hallmark_myogenesis	198	74	0.00701311939699624	-0.023450947542747028	0.03747718633673951	0.6477359265990568
GSM6339599	line1	differentiated	TSS_ge_3	3plus_vs_1	RNA	Reactome_myogenesis	29	74	0.013261944277464983	-0.01530707040487159	0.04183095895980156	0.35792906366295507
GSM6339599	line1	differentiated	TSS_ge_3	3plus_vs_1	RNA	MRF_loci	4	74	0.008553635649976526	-0.0460522622812029	0.06315953358115595	0.7557867365409658
GSM6339599	line1	differentiated	TSS_ge_3	3plus_vs_1	RNA	MEF2_loci	3	74	0.007032575774343831	-0.10919291438448897	0.12325806593317662	0.9043452425962568
GSM6339599	line1	differentiated	TSS_ge_3	3plus_vs_1	ATAC	Hallmark_myogenesis	198	74	-0.00029699541682786534	-0.002393754587311772	0.0017997637536560412	0.7785138209229336
GSM6339599	line1	differentiated	TSS_ge_3	3plus_vs_1	ATAC	Reactome_myogenesis	29	74	0.0012661893040358631	-0.0023920939993714472	0.004924472607443173	0.4925023012417352
GSM6339599	line1	differentiated	TSS_ge_3	3plus_vs_1	ATAC	MRF_loci	4	74	0.004060748054556105	-0.008715485861323508	0.01683698197043572	0.5284218478916445
GSM6339599	line1	differentiated	TSS_ge_3	3plus_vs_1	ATAC	MEF2_loci	3	74	0.0016378558045224716	-0.009696059781377258	0.012971771390422202	0.774157838905429
GSM6339601	line2	stem	TSS_ge_2	2plus_vs_1	RNA	Hallmark_myogenesis	198	297	0.0147041824297389	-0.006080140932349681	0.03548850579182748	0.16487701080709055
GSM6339601	line2	stem	TSS_ge_2	2plus_vs_1	RNA	Reactome_myogenesis	29	297	0.015317868823825034	-0.006977958689881172	0.03761369633753124	0.1773820558387713
GSM6339601	line2	stem	TSS_ge_2	2plus_vs_1	RNA	MRF_loci	4	297	0.0450554155822585	0.0063448171698093705	0.08376601399470762	0.022690926822136016
GSM6339601	line2	stem	TSS_ge_2	2plus_vs_1	RNA	MEF2_loci	3	297	0.05967342394969097	-0.034851261737992426	0.15419810963737435	0.21507056207385006
GSM6339601	line2	stem	TSS_ge_2	2plus_vs_1	ATAC	Hallmark_myogenesis	198	297	-0.00020263336474427945	-0.001244900670126023	0.000839633940637464	0.7022815939093223
GSM6339601	line2	stem	TSS_ge_2	2plus_vs_1	ATAC	Reactome_myogenesis	29	297	-0.0007981535202786921	-0.003047749635308198	0.0014514425947508138	0.48557065082165274
GSM6339601	line2	stem	TSS_ge_2	2plus_vs_1	ATAC	MRF_loci	4	297	0.0017318697814053853	-0.0041684118778316966	0.007632151440642467	0.5639349399160698
GSM6339601	line2	stem	TSS_ge_2	2plus_vs_1	ATAC	MEF2_loci	3	297	-0.001851771913500308	-0.006809203494647926	0.00310565966764731	0.4628484578323886
GSM6339601	line2	stem	TSS_ge_2	3plus_vs_1	RNA	Hallmark_myogenesis	198	58	0.06986931644755565	0.015286852348728001	0.12445178054638328	0.013031956363288856
GSM6339601	line2	stem	TSS_ge_2	3plus_vs_1	RNA	Reactome_myogenesis	29	58	0.05497745112490954	0.009377962901708725	0.10057693934811035	0.018999274825716665
GSM6339601	line2	stem	TSS_ge_2	3plus_vs_1	RNA	MRF_loci	4	58	0.16259247002720265	0.07806249187051847	0.24712244818388682	0.00029959279611138114
GSM6339601	line2	stem	TSS_ge_2	3plus_vs_1	RNA	MEF2_loci	3	58	0.22032143220296702	0.010024590299868769	0.43061827410606524	0.040356741501717336
GSM6339601	line2	stem	TSS_ge_2	3plus_vs_1	ATAC	Hallmark_myogenesis	198	58	0.0007827487202839315	-0.0016113376811393726	0.0031768351217072357	0.5152891699066908
GSM6339601	line2	stem	TSS_ge_2	3plus_vs_1	ATAC	Reactome_myogenesis	29	58	0.003316516198722594	-0.001459508772412659	0.008092541169857848	0.1697733638467469
GSM6339601	line2	stem	TSS_ge_2	3plus_vs_1	ATAC	MRF_loci	4	58	0.015013878509661578	0.0029624683660595934	0.02706528865326356	0.015528028734097915
GSM6339601	line2	stem	TSS_ge_2	3plus_vs_1	ATAC	MEF2_loci	3	58	0.0008452860464354718	-0.008511590503386639	0.010202162596257584	0.8570879986199851
GSM6339601	line2	stem	TSS_ge_3	2plus_vs_1	RNA	Hallmark_myogenesis	198	296	0.013694857328719428	-0.007064632989522406	0.03445434764696126	0.1951990732749322
GSM6339601	line2	stem	TSS_ge_3	2plus_vs_1	RNA	Reactome_myogenesis	29	296	0.014480002427217127	-0.007830321863325012	0.03679032671775927	0.20249724304109123
GSM6339601	line2	stem	TSS_ge_3	2plus_vs_1	RNA	MRF_loci	4	296	0.04355443243198918	0.004825546781419186	0.08228331808255918	0.027645439125582722
GSM6339601	line2	stem	TSS_ge_3	2plus_vs_1	RNA	MEF2_loci	3	296	0.053773488717901885	-0.04035411615827823	0.147901093594082	0.26179704529554926
GSM6339601	line2	stem	TSS_ge_3	2plus_vs_1	ATAC	Hallmark_myogenesis	198	296	-0.00021660246156740044	-0.0012620476044335606	0.0008288426812987598	0.6837518279224616
GSM6339601	line2	stem	TSS_ge_3	2plus_vs_1	ATAC	Reactome_myogenesis	29	296	-0.0008007577264207262	-0.003057992263579351	0.0014564768107378986	0.48562408781645383
GSM6339601	line2	stem	TSS_ge_3	2plus_vs_1	ATAC	MRF_loci	4	296	0.0017039369090452682	-0.0042161373468527505	0.007624011164943287	0.5715201209900607
GSM6339601	line2	stem	TSS_ge_3	2plus_vs_1	ATAC	MEF2_loci	3	296	-0.0019518717435384099	-0.006922220034371754	0.003018476547294935	0.44022704737905927
GSM6339601	line2	stem	TSS_ge_3	3plus_vs_1	RNA	Hallmark_myogenesis	198	58	0.06986931644755565	0.015286852348728001	0.12445178054638328	0.013031956363288856
GSM6339601	line2	stem	TSS_ge_3	3plus_vs_1	RNA	Reactome_myogenesis	29	58	0.05497745112490954	0.009377962901708725	0.10057693934811035	0.018999274825716665
GSM6339601	line2	stem	TSS_ge_3	3plus_vs_1	RNA	MRF_loci	4	58	0.16259247002720265	0.07806249187051847	0.24712244818388682	0.00029959279611138114
GSM6339601	line2	stem	TSS_ge_3	3plus_vs_1	RNA	MEF2_loci	3	58	0.22032143220296702	0.010024590299868769	0.43061827410606524	0.040356741501717336
GSM6339601	line2	stem	TSS_ge_3	3plus_vs_1	ATAC	Hallmark_myogenesis	198	58	0.0007827487202839315	-0.0016113376811393726	0.0031768351217072357	0.5152891699066908
GSM6339601	line2	stem	TSS_ge_3	3plus_vs_1	ATAC	Reactome_myogenesis	29	58	0.003316516198722594	-0.001459508772412659	0.008092541169857848	0.1697733638467469
GSM6339601	line2	stem	TSS_ge_3	3plus_vs_1	ATAC	MRF_loci	4	58	0.015013878509661578	0.0029624683660595934	0.02706528865326356	0.015528028734097915
GSM6339601	line2	stem	TSS_ge_3	3plus_vs_1	ATAC	MEF2_loci	3	58	0.0008452860464354718	-0.008511590503386639	0.010202162596257584	0.8570879986199851
GSM6339603	line2	differentiated	TSS_ge_2	2plus_vs_1	RNA	Hallmark_myogenesis	198	183	0.008435097339667887	0.0002918712578493191	0.016578323421486456	0.042413893398232046
GSM6339603	line2	differentiated	TSS_ge_2	2plus_vs_1	RNA	Reactome_myogenesis	29	183	0.022617359509075837	0.006084693423045694	0.03915002559510598	0.007604166896187875
GSM6339603	line2	differentiated	TSS_ge_2	2plus_vs_1	RNA	MRF_loci	4	183	0.016378679795408066	0.003913648447173963	0.02884371114364217	0.010300094246753952
GSM6339603	line2	differentiated	TSS_ge_2	2plus_vs_1	RNA	MEF2_loci	3	183	0.07180116563377076	0.03366823432788686	0.10993409693965465	0.0002700079287285072
GSM6339603	line2	differentiated	TSS_ge_2	2plus_vs_1	ATAC	Hallmark_myogenesis	198	183	0.0030746446117852454	0.0005574313656945447	0.005591857857875946	0.01694757124049938
GSM6339603	line2	differentiated	TSS_ge_2	2plus_vs_1	ATAC	Reactome_myogenesis	29	183	0.0011345688123610414	-0.002282266765704845	0.004551404390426928	0.5131871386155702
GSM6339603	line2	differentiated	TSS_ge_2	2plus_vs_1	ATAC	MRF_loci	4	183	-0.0006811145510835913	-0.009501160925338986	0.008138931823171802	0.8790651675053998
GSM6339603	line2	differentiated	TSS_ge_2	2plus_vs_1	ATAC	MEF2_loci	3	183	0.0042696121931094615	-0.003415547075851297	0.01195477146207022	0.27444916512292505
GSM6339603	line2	differentiated	TSS_ge_2	3plus_vs_1	RNA	Hallmark_myogenesis	198	34	0.008438074961759703	-0.010620050363640925	0.027496200287160332	0.37422658195780856
GSM6339603	line2	differentiated	TSS_ge_2	3plus_vs_1	RNA	Reactome_myogenesis	29	34	0.023516991433450127	-0.01651967363291042	0.06355365649981068	0.24058693300409695
GSM6339603	line2	differentiated	TSS_ge_2	3plus_vs_1	RNA	MRF_loci	4	34	0.015787182081994356	-0.003151125610923882	0.03472548977491259	0.09930289318549751
GSM6339603	line2	differentiated	TSS_ge_2	3plus_vs_1	RNA	MEF2_loci	3	34	0.0637494182999021	-0.023329043164408703	0.1508278797642129	0.14586453998688967
GSM6339603	line2	differentiated	TSS_ge_2	3plus_vs_1	ATAC	Hallmark_myogenesis	198	34	0.003033815792523613	-0.004308208648678215	0.010375840233725443	0.4065736573158817
GSM6339603	line2	differentiated	TSS_ge_2	3plus_vs_1	ATAC	Reactome_myogenesis	29	34	-0.006921009522266745	-0.015584788888442405	0.001742769843908914	0.11362105872777457
GSM6339603	line2	differentiated	TSS_ge_2	3plus_vs_1	ATAC	MRF_loci	4	34	-0.010090147514114009	-0.03330504983978538	0.013124754811557369	0.38294069951036114
GSM6339603	line2	differentiated	TSS_ge_2	3plus_vs_1	ATAC	MEF2_loci	3	34	-0.0020948550360315047	-0.020915222929514043	0.016725512857451035	0.8222424646955194
GSM6339603	line2	differentiated	TSS_ge_3	2plus_vs_1	RNA	Hallmark_myogenesis	198	125	0.010710892360417843	-0.00017353259688025584	0.02159531731771594	0.053707856550309886
GSM6339603	line2	differentiated	TSS_ge_3	2plus_vs_1	RNA	Reactome_myogenesis	29	125	0.03093705493435159	0.0093012070065055	0.05257290286219768	0.005428939268464355
GSM6339603	line2	differentiated	TSS_ge_3	2plus_vs_1	RNA	MRF_loci	4	125	0.021070849326389012	0.003641856905777195	0.03849984174700083	0.01821793640810472
GSM6339603	line2	differentiated	TSS_ge_3	2plus_vs_1	RNA	MEF2_loci	3	125	0.08867344797680626	0.04026291341636611	0.1370839825372464	0.00041956458424053424
GSM6339603	line2	differentiated	TSS_ge_3	2plus_vs_1	ATAC	Hallmark_myogenesis	198	125	0.004146138670587863	0.0011773156596953478	0.007114961681480378	0.006577523772735647
GSM6339603	line2	differentiated	TSS_ge_3	2plus_vs_1	ATAC	Reactome_myogenesis	29	125	0.0014590927934544434	-0.00244158490412813	0.005359770491037017	0.4604737541458449
GSM6339603	line2	differentiated	TSS_ge_3	2plus_vs_1	ATAC	MRF_loci	4	125	0.0032138699690402476	-0.0069687179801542825	0.013396457918234777	0.5333102278466639
GSM6339603	line2	differentiated	TSS_ge_3	2plus_vs_1	ATAC	MEF2_loci	3	125	0.0013580246913580233	-0.008661721782505197	0.011377771165221245	0.7889438742911794
GSM6339603	line2	differentiated	TSS_ge_3	3plus_vs_1	RNA	Hallmark_myogenesis	198	23	0.009888471839475095	-0.013626477937304106	0.03340342161625429	0.39257134254252424
GSM6339603	line2	differentiated	TSS_ge_3	3plus_vs_1	RNA	Reactome_myogenesis	29	23	0.025656375589122506	-0.029360460359874285	0.0806732115381193	0.34399470118231934
GSM6339603	line2	differentiated	TSS_ge_3	3plus_vs_1	RNA	MRF_loci	4	23	0.011283286519773861	-0.018413353982372774	0.04097992702192049	0.4391216088723683
GSM6339603	line2	differentiated	TSS_ge_3	3plus_vs_1	RNA	MEF2_loci	3	23	0.07223915411377206	-0.031076800206583016	0.17555510843412714	0.1611483882041061
GSM6339603	line2	differentiated	TSS_ge_3	3plus_vs_1	ATAC	Hallmark_myogenesis	198	23	0.005093255311535966	-0.00194012439260631	0.012126635015678242	0.14736553097131905
GSM6339603	line2	differentiated	TSS_ge_3	3plus_vs_1	ATAC	Reactome_myogenesis	29	23	-0.010367195590234315	-0.01879925847440851	-0.0019351327060601192	0.01826020896175213
GSM6339603	line2	differentiated	TSS_ge_3	3plus_vs_1	ATAC	MRF_loci	4	23	-0.0035159510028267595	-0.029606375270924735	0.022574473265271216	0.7824905184379696
GSM6339603	line2	differentiated	TSS_ge_3	3plus_vs_1	ATAC	MEF2_loci	3	23	-0.010766340476485402	-0.037468984523696784	0.01593630357072598	0.4120480869753138
