gate	contrast	modality	programme	n_genes_min	n_genes_max	positive_libraries	n_pairs	difference	ci_low	ci_high	p_pair	q_4_programmes
TSS_ge_2	2plus_vs_1	RNA	Hallmark_myogenesis	198	198	4	1020	0.01141607757540376	0.002434204264507859	0.02039795088629966	0.012785179130081646	0.01776489704117281
TSS_ge_2	2plus_vs_1	RNA	Reactome_myogenesis	29	29	4	1020	0.01163880028436526	0.0024271447341530656	0.020850455834577453	0.013323672780879607	0.01776489704117281
TSS_ge_2	2plus_vs_1	RNA	MRF_loci	4	4	4	1020	0.026820758332067426	0.010435255993134662	0.04320626067100019	0.001359431018292598	0.005437724073170392
TSS_ge_2	2plus_vs_1	RNA	MEF2_loci	3	3	3	1020	0.03869679132620254	0.00031444060070859314	0.07707914205169648	0.04815590635067906	0.04815590635067906
TSS_ge_2	2plus_vs_1	ATAC	Hallmark_myogenesis	198	198	2	1020	0.000685209938418086	-6.074974075701836e-06	0.0013764948509118738	0.052043719521359375	0.2081748780854375
TSS_ge_2	2plus_vs_1	ATAC	Reactome_myogenesis	29	29	2	1020	-0.0002548495462301656	-0.0014242348063522165	0.0009145357138918852	0.6689948712949436	0.73426126908321
TSS_ge_2	2plus_vs_1	ATAC	MRF_loci	4	4	2	1020	0.0013993200995568505	-0.0019917900961005305	0.004790430295214232	0.4182852893521566	0.73426126908321
TSS_ge_2	2plus_vs_1	ATAC	MEF2_loci	3	3	2	1020	0.0005124248179803736	-0.002448883549858416	0.003473733185819163	0.73426126908321	0.73426126908321
TSS_ge_2	3plus_vs_1	RNA	Hallmark_myogenesis	198	198	4	212	0.03364895471003461	0.010426333822920908	0.05687157559714831	0.004714332452317125	0.00942866490463425
TSS_ge_2	3plus_vs_1	RNA	Reactome_myogenesis	29	29	3	212	0.022387106501018404	0.003701949088438447	0.04107226391359836	0.019095522644977766	0.025460696859970353
TSS_ge_2	3plus_vs_1	RNA	MRF_loci	4	4	4	212	0.05723249104844763	0.022120866782229444	0.09234411531466583	0.001518321452691433	0.006073285810765732
TSS_ge_2	3plus_vs_1	RNA	MEF2_loci	3	3	3	212	0.06644518886248184	-0.013553819619801191	0.14644419734476488	0.10306072481480798	0.10306072481480798
TSS_ge_2	3plus_vs_1	ATAC	Hallmark_myogenesis	198	198	2	212	0.00043754918001379437	-0.001182508960790038	0.0020576073208176267	0.5950053767108214	0.9616959737011249
TSS_ge_2	3plus_vs_1	ATAC	Reactome_myogenesis	29	29	2	212	0.00019893962132245602	-0.0023223048615447404	0.0027201841041896526	0.8765413631737318	0.9616959737011249
TSS_ge_2	3plus_vs_1	ATAC	MRF_loci	4	4	2	212	0.003888661720894912	-0.0035524420173358917	0.011329765459125715	0.3041094389864402	0.9616959737011249
TSS_ge_2	3plus_vs_1	ATAC	MEF2_loci	3	3	2	212	0.00015678474797971626	-0.006271025199592325	0.006584594695551758	0.9616959737011249	0.9616959737011249
TSS_ge_3	2plus_vs_1	RNA	Hallmark_myogenesis	198	198	4	958	0.010690142229223897	0.0012285620193580853	0.020151722439089706	0.02683932972846455	0.035785772971286066
TSS_ge_3	2plus_vs_1	RNA	Reactome_myogenesis	29	29	4	958	0.011453534778005143	0.0017878087153714636	0.021119260840638823	0.020257394697102537	0.035785772971286066
TSS_ge_3	2plus_vs_1	RNA	MRF_loci	4	4	4	958	0.027638864788050214	0.010269926804932078	0.04500780277116835	0.0018452029836855774	0.00738081193474231
TSS_ge_3	2plus_vs_1	RNA	MEF2_loci	3	3	3	958	0.03374911913800988	-0.006556473725941411	0.07405471200196118	0.10066659377801512	0.10066659377801512
TSS_ge_3	2plus_vs_1	ATAC	Hallmark_myogenesis	198	198	2	958	0.000674583117879329	-5.4681576802834446e-06	0.0013546343934389415	0.05186705568584314	0.20746822274337257
TSS_ge_3	2plus_vs_1	ATAC	Reactome_myogenesis	29	29	2	958	-0.00030318106927055844	-0.0014795316030369664	0.0008731694644958494	0.6131264524384394	0.8175019365845859
TSS_ge_3	2plus_vs_1	ATAC	MRF_loci	4	4	3	958	0.002028897923305131	-0.0014298781111896125	0.005487673957799874	0.24995420062205226	0.4999084012441045
TSS_ge_3	2plus_vs_1	ATAC	MEF2_loci	3	3	2	958	-0.00014968664933870268	-0.0032274473281970195	0.0029280740295196143	0.9239826229659374	0.9239826229659374
TSS_ge_3	3plus_vs_1	RNA	Hallmark_myogenesis	198	198	4	201	0.035194620408634	0.010774191921306468	0.05961504889596153	0.004949438890202053	0.009898877780404106
TSS_ge_3	3plus_vs_1	RNA	Reactome_myogenesis	29	29	3	201	0.022570077154370222	0.0030462894814548974	0.04209386482728555	0.023688455397678134	0.03158460719690418
TSS_ge_3	3plus_vs_1	RNA	MRF_loci	4	4	4	201	0.058985271151432275	0.02194068249130541	0.09602985981155915	0.0019466391020027552	0.007786556408011021
TSS_ge_3	3plus_vs_1	RNA	MEF2_loci	3	3	3	201	0.06756418090182205	-0.016391420280292515	0.15151978208393663	0.11411391351941041	0.11411391351941041
TSS_ge_3	3plus_vs_1	ATAC	Hallmark_myogenesis	198	198	2	201	0.0005311221959325812	-0.0009172601564606844	0.001979504548325847	0.4704663822139088	0.8759006570025176
TSS_ge_3	3plus_vs_1	ATAC	Reactome_myogenesis	29	29	2	201	0.0001942488801096556	-0.002255347886173261	0.002643845646392572	0.8759006570025176	0.8759006570025176
TSS_ge_3	3plus_vs_1	ATAC	MRF_loci	4	4	2	201	0.005405942424102398	-0.0019901390011018384	0.012802023849306635	0.15106436957517375	0.604257478300695
TSS_ge_3	3plus_vs_1	ATAC	MEF2_loci	3	3	2	201	-0.0007122507122507125	-0.00742530298972771	0.006000801565226285	0.834491805755821	0.8759006570025176
