logFC	logCPM	F	PValue	FDR	peak	config	n_donors	FC	q_native_union	n_native_tested	celltype	time	qc	rule	caliper	n_high	n_low	primary	scope_genes	q_union	gene	r_equal_donor	link_p	link_q	link_n_donors	RNA_FC	RNA_p	RNA_q	ATAC_open_nominal	RNA_up_nominal	positive_link_nominal
0.11182749435337	5.18186874594767	0.984872667211681	0.322388047439711	1.0	chr11-19201660-19202638	C113	6	1.08059618548041	0.989481905489014	604	Fast	Pre	author	2plus_vs_1	0.1	1707	1707	False	CSRP3	0.989481905489014	CSRP3	0.0278836319488452	0.1287002721427103	0.6851693907379653	6.0	1.01949103899824	0.722849861729123	0.9156098248568892	False	False	False
0.095108263336729	5.13333573842109	0.811264275239937	0.369853236169023	0.989118734047871	chr11-19201660-19202638	C114	6	1.06814556127526	0.972249352892956	609	Fast	Pre	author	2plus_vs_1	0.2	1886	1886	False	CSRP3	0.972249352892956	CSRP3	0.0278836319488452	0.1287002721427103	0.6851693907379653	6.0	0.99681054145858	0.94713055834406	0.969019111352525	False	False	False
0.0864300042702975	5.09842037757218	0.652664056411656	0.421798284461018	0.99667180930664	chr11-19201660-19202638	C115	6	1.06173961992035	0.992395759602226	613	Fast	Pre	author	2plus_vs_1	0.3	1937	1937	False	CSRP3	0.992395759602226	CSRP3	0.0278836319488452	0.1287002721427103	0.6851693907379653	6.0	1.01560776510431	0.727132329220676	0.8982222890373057	False	False	False
0.0569800418442971	5.21299327316877	0.128508198366158	0.720934860340479	0.999011711184689	chr11-19201660-19202638	C117	6	1.04028587517073	0.979527929504041	548	Fast	Pre	author	3plus_vs_1	0.1	846	846	True	CSRP3	0.979527929504041	CSRP3	0.0278836319488452	0.1287002721427103	0.6851693907379653	6.0	1.05218444184179	0.512947666017462	0.806821251169649	False	False	False
0.0870668577167866	5.17537266509013	0.348188081840445	0.557166170552593	0.999694897761377	chr11-19201660-19202638	C118	6	1.06220841046964	0.98974588961759	557	Fast	Pre	author	3plus_vs_1	0.2	945	945	False	CSRP3	0.98974588961759	CSRP3	0.0278836319488452	0.1287002721427103	0.6851693907379653	6.0	0.99638078270372	0.954362709587986	0.954362709587986	False	False	False
0.0998702103680473	5.16186455184581	0.466103362793079	0.497393700466775	0.999688166697717	chr11-19201660-19202638	C119	6	1.07167704657706	0.996570991725692	564	Fast	Pre	author	3plus_vs_1	0.3	978	978	False	CSRP3	0.996570991725692	CSRP3	0.0278836319488452	0.1287002721427103	0.6851693907379653	6.0	1.00268631462668	0.967745846456362	0.967745846456362	False	False	False
0.104697727639089	5.34605428175071	0.169470523699955	0.683504929061991	0.997742885245998	chr11-19201660-19202638	C121	6	1.07526907730028	0.995238692152629	460	Fast	Pre	author	4plus_vs_1	0.1	374	374	False	CSRP3	0.995238692152629	CSRP3	0.0278836319488452	0.1287002721427103	0.6851693907379653	6.0	1.04956580126725	0.596624673685771	0.8260957020264521	False	False	False
0.223924513366985	5.26502629470642	1.0866822509948	0.301275796630378	0.990959876321385	chr11-19201660-19202638	C122	6	1.16790628424879	0.977038924587587	476	Fast	Pre	author	4plus_vs_1	0.2	424	424	False	CSRP3	0.977038924587587	CSRP3	0.0278836319488452	0.1287002721427103	0.6851693907379653	6.0	0.963563082532987	0.689506298345474	0.8331601484817124	False	False	False
0.216922385277911	5.2330188210775	1.10118431722939	0.296335110900052	1.0	chr11-19201660-19202638	C123	6	1.16225157853086	0.971004623219463	482	Fast	Pre	author	4plus_vs_1	0.3	446	446	False	CSRP3	0.971004623219463	CSRP3	0.0278836319488452	0.1287002721427103	0.6851693907379653	6.0	0.956691375471603	0.597023054239375	0.7676010697363392	False	False	False
-0.0642935950082123	5.27961900881339	0.209572559354298	0.649644595808966	0.998849946720659	chr11-19201660-19202638	C125	6	0.956413503784251	0.988042011430054	556	Fast	Pre	author	3plus_vs_1to2	0.1	930	930	False	CSRP3	0.988042011430054	CSRP3	0.0278836319488452	0.1287002721427103	0.6851693907379653	6.0	1.07107454949038	0.257196679114344	0.4886736903172536	False	False	False
-0.0241278454964487	5.22199242947797	0.0330958716389331	0.856139035618726	0.990977158152005	chr11-19201660-19202638	C126	6	0.98341492411833	0.982202475472314	569	Fast	Pre	author	3plus_vs_1to2	0.2	1004	1004	False	CSRP3	0.982202475472314	CSRP3	0.0278836319488452	0.1287002721427103	0.6851693907379653	6.0	1.0454977548756	0.458588778115789	0.6748359031409099	False	False	False
-0.0300131474235342	5.21318549369484	0.052275275037135	0.819711056422743	0.994800605251377	chr11-19201660-19202638	C127	6	0.979411372072919	0.988300450763607	571	Fast	Pre	author	3plus_vs_1to2	0.3	1028	1028	False	CSRP3	0.988300450763607	CSRP3	0.0278836319488452	0.1287002721427103	0.6851693907379653	6.0	1.0457722447903	0.450059745372413	0.7734612501578221	False	False	False
-0.108236043634632	5.258132680575	0.258508029551641	0.613602301319352	0.997959335266864	chr11-19201660-19202638	C129	6	0.92772167674543	0.995790789369753	476	Fast	Pre	author	positive_q25	0.1	469	469	False	CSRP3	0.995790789369753	CSRP3	0.0278836319488452	0.1287002721427103	0.6851693907379653	6.0	0.96577176152376	0.694166669114474	0.8925000031471808	False	False	False
0.029502976479786	5.09630131795438	0.027295818378372	0.869569764644473	1.0	chr11-19201660-19202638	C130	6	1.02066043694227	0.988053177176273	523	Fast	Pre	author	positive_q25	0.2	658	658	False	CSRP3	0.988053177176273	CSRP3	0.0278836319488452	0.1287002721427103	0.6851693907379653	6.0	0.953981456735816	0.54866497164089	0.7054263921097157	False	False	False
-0.0261714132566382	5.12601604042549	0.026907875393756	0.870237391703452	0.997569192870443	chr11-19201660-19202638	C131	6	0.982022909657079	0.994534679103553	540	Fast	Pre	author	positive_q25	0.3	794	794	False	CSRP3	0.994534679103553	CSRP3	0.0278836319488452	0.1287002721427103	0.6851693907379653	6.0	0.982249185615312	0.79900559308312	0.9073874113443254	False	False	False
-0.144446127630838	5.18618692564869	0.87961862465415	0.350646909419488	1.0	chr11-19201660-19202638	C133	6	0.904726649091225	0.983041879033377	549	Fast	Pre	author	positive_q33	0.1	888	888	False	CSRP3	0.983041879033377	CSRP3	0.0278836319488452	0.1287002721427103	0.6851693907379653	6.0	1.07634218198911	0.304365616667729	0.5782946716686851	False	False	False
-0.0243284318925891	5.15124850147193	0.0367524344049225	0.849229792048734	0.993695900244576	chr11-19201660-19202638	C134	6	0.983278203649001	0.994754449362783	564	Fast	Pre	author	positive_q33	0.2	1083	1083	False	CSRP3	0.994754449362783	CSRP3	0.0278836319488452	0.1287002721427103	0.6851693907379653	6.0	1.02220325192572	0.694330090204046	0.8275684213513638	False	False	False
0.0202154525817779	5.11157776549827	0.0244846828074182	0.876395357089153	0.988202724962289	chr11-19201660-19202638	C135	6	1.01411091616072	0.978627793286814	573	Fast	Pre	author	positive_q33	0.3	1168	1168	False	CSRP3	0.978627793286814	CSRP3	0.0278836319488452	0.1287002721427103	0.6851693907379653	6.0	1.05480275837241	0.351910950911122	0.8579335782385258	False	False	False
0.154558194630911	5.04942760637446	3.40730222937665	0.0675325655761223	0.993565787843371	chr11-19201660-19202638	C137	6	1.11308070048685	0.976723656684738	635	Fast	Pre	author	detected_vs_zero	0.1	3254	3254	False	CSRP3	0.976723656684738	CSRP3	0.0278836319488452	0.1287002721427103	0.6851693907379653	6.0	1.128975595783	0.0084501695566608	0.0591511868966256	False	True	False
0.184273041925718	5.02936039912533	5.23452705644927	0.0248537098002219	0.994442290860348	chr11-19201660-19202638	C138	6	1.13624428803387	0.920919712217203	633	Fast	Pre	author	detected_vs_zero	0.2	3417	3417	False	CSRP3	0.920919712217203	CSRP3	0.0278836319488452	0.1287002721427103	0.6851693907379653	6.0	1.13709639479154	0.0026139026043224	0.0575058572950928	True	True	False
0.147557466206679	5.02800363827242	3.21620814869724	0.0729303533205774	0.989467759854664	chr11-19201660-19202638	C139	6	1.10769252097993	0.973841972004613	633	Fast	Pre	author	detected_vs_zero	0.3	3457	3457	False	CSRP3	0.973841972004613	CSRP3	0.0278836319488452	0.1287002721427103	0.6851693907379653	6.0	1.12395035399828	0.0072382613622451	0.0737213153321911	False	True	False
0.0821906144606533	5.17825322050422	0.460197825629068	0.498202329797801	0.99916389811871	chr11-19201660-19202638	C141	6	1.05862425517528	0.998742231074715	593	Fast	Pre	trim95	2plus_vs_1	0.1	1586	1586	False	CSRP3	0.998742231074715	CSRP3	0.0278836319488452	0.1287002721427103	0.6851693907379653	6.0	1.01765499516882	0.761282339902711	0.868947756640382	False	False	False
0.043324410693258	5.15268972826034	0.142235648232862	0.706901899473145	0.997989210968618	chr11-19201660-19202638	C142	6	1.03048564706211	0.992242113691117	597	Fast	Pre	trim95	2plus_vs_1	0.2	1717	1717	False	CSRP3	0.992242113691117	CSRP3	0.0278836319488452	0.1287002721427103	0.6851693907379653	6.0	1.00656313123801	0.895583048108419	0.993465440699695	False	False	False
0.0393816750064521	5.11509712884337	0.120485856828438	0.729623790112261	0.994532005816775	chr11-19201660-19202638	C143	6	1.02767328153221	0.994752569461878	601	Fast	Pre	trim95	2plus_vs_1	0.3	1750	1750	False	CSRP3	0.994752569461878	CSRP3	0.0278836319488452	0.1287002721427103	0.6851693907379653	6.0	1.00228422814537	0.960707836232828	0.960707836232828	False	False	False
-0.0640518557676868	5.20555021948697	0.130156587835858	0.718800225855169	1.0	chr11-19201660-19202638	C145	6	0.956573774693087	0.995843279461844	532	Fast	Pre	trim95	3plus_vs_1	0.1	756	756	False	CSRP3	0.995843279461844	CSRP3	0.0278836319488452	0.1287002721427103	0.6851693907379653	6.0	1.01601934036764	0.849436855313111	0.9633372245692292	False	False	False
-0.0277702136923731	5.14942557277344	0.0264652607975891	0.871148283734707	0.998981585702796	chr11-19201660-19202638	C146	6	0.980935230722852	1.0	537	Fast	Pre	trim95	3plus_vs_1	0.2	810	810	False	CSRP3	1.0	CSRP3	0.0278836319488452	0.1287002721427103	0.6851693907379653	6.0	0.978504735523153	0.733472978839208	0.9608323617551026	False	False	False
-0.0352097591302959	5.13563295337822	0.0440311798278878	0.834081836927205	1.0	chr11-19201660-19202638	C147	6	0.975889861979296	0.991215510080231	535	Fast	Pre	trim95	3plus_vs_1	0.3	821	821	False	CSRP3	0.991215510080231	CSRP3	0.0278836319488452	0.1287002721427103	0.6851693907379653	6.0	0.982367442738196	0.79146725964647	0.9063579861903992	False	False	False
-0.0831154944942021	5.32987947181839	0.0833488002791571	0.774207928362636	0.985124083263881	chr11-19201660-19202638	C149	6	0.944016843156034	0.969358712286552	414	Fast	Pre	trim95	4plus_vs_1	0.1	315	315	False	CSRP3	0.969358712286552	CSRP3	0.0278836319488452	0.1287002721427103	0.6851693907379653	6.0	1.05678881561904	0.65318559375025	0.8355976725376676	False	False	False
0.0121482330285353	5.2733028569022	0.0019591323569939	0.964851015577086	0.991169490320144	chr11-19201660-19202638	C150	6	1.0084560657154	0.987115637506958	419	Fast	Pre	trim95	4plus_vs_1	0.2	332	332	False	CSRP3	0.987115637506958	CSRP3	0.0278836319488452	0.1287002721427103	0.6851693907379653	6.0	0.994386033971217	0.961553695379825	0.961553695379825	False	False	False
0.0597800619871834	5.2274968345784	0.0490014229285547	0.82551311847875	0.989999141525376	chr11-19201660-19202638	C151	6	1.04230684966057	0.984104283135888	421	Fast	Pre	trim95	4plus_vs_1	0.3	336	336	False	CSRP3	0.984104283135888	CSRP3	0.0278836319488452	0.1287002721427103	0.6851693907379653	6.0	0.98712582419559	0.91206517546099	0.91206517546099	False	False	False
-0.281665970879186	5.26803241707281	3.10274086358269	0.0834512066299532	0.992690673889058	chr11-19201660-19202638	C153	6	0.822640513727829	1.0	538	Fast	Pre	trim95	3plus_vs_1to2	0.1	796	796	False	CSRP3	1.0	CSRP3	0.0278836319488452	0.1287002721427103	0.6851693907379653	6.0	1.03024426099473	0.651382149733367	0.7816585796800404	False	False	False
-0.256796857395343	5.2161861004763	2.65231922687913	0.107970912251557	0.995753777491484	chr11-19201660-19202638	C154	6	0.83694408257792	0.987995564368235	540	Fast	Pre	trim95	3plus_vs_1to2	0.2	821	821	False	CSRP3	0.987995564368235	CSRP3	0.0278836319488452	0.1287002721427103	0.6851693907379653	6.0	1.0062086178765	0.923860900829473	0.960318557713893	False	False	False
-0.249827668569971	5.2010634509189	2.51962539889377	0.117631253374239	0.98902167629314	chr11-19201660-19202638	C155	6	0.84099686720855	0.977889269275335	540	Fast	Pre	trim95	3plus_vs_1to2	0.3	828	828	False	CSRP3	0.977889269275335	CSRP3	0.0278836319488452	0.1287002721427103	0.6851693907379653	6.0	1.01164520926188	0.857989201529584	0.938937514635946	False	False	False
-0.0575982720142681	5.23681674712256	0.0586753484025349	0.810066412267753	0.995341206205149	chr11-19201660-19202638	C157	6	0.960862385197921	0.99648974779411	466	Fast	Pre	trim95	positive_q25	0.1	448	448	False	CSRP3	0.99648974779411	CSRP3	0.0278836319488452	0.1287002721427103	0.6851693907379653	6.0	1.03539993239113	0.72019209979351	0.849576480277197	False	False	False
0.024006909869174	5.16142634226737	0.0149419593122283	0.90304270705662	1.0	chr11-19201660-19202638	C158	6	1.0167795432032	0.994742407993937	499	Fast	Pre	trim95	positive_q25	0.2	612	612	False	CSRP3	0.994742407993937	CSRP3	0.0278836319488452	0.1287002721427103	0.6851693907379653	6.0	1.01931655189312	0.833898149544235	0.8829509818703665	False	False	False
0.0184880805331333	5.12118861645183	0.0107105187359071	0.917966298436063	1.0	chr11-19201660-19202638	C159	6	1.01289742438585	0.998510190477057	527	Fast	Pre	trim95	positive_q25	0.3	734	734	False	CSRP3	0.998510190477057	CSRP3	0.0278836319488452	0.1287002721427103	0.6851693907379653	6.0	1.05954089190776	0.48915460697612	0.8090432323439514	False	False	False
-0.148018008201942	5.17012272128493	0.808950794426344	0.371974694689633	1.0	chr11-19201660-19202638	C161	6	0.902489462216859	1.0	537	Fast	Pre	trim95	positive_q33	0.1	837	837	False	CSRP3	1.0	CSRP3	0.0278836319488452	0.1287002721427103	0.6851693907379653	6.0	1.10958467237313	0.167891212670058	0.5036736380101741	False	False	False
0.0129366693015663	5.1366982722386	0.0072230622863084	0.932418473752992	1.0	chr11-19201660-19202638	C162	6	1.00900733997777	1.0	552	Fast	Pre	trim95	positive_q33	0.2	1003	1003	False	CSRP3	1.0	CSRP3	0.0278836319488452	0.1287002721427103	0.6851693907379653	6.0	1.08516412185824	0.19567854270577	0.6196487185682718	False	False	False
-0.0317193539955422	5.10041981901909	0.0506111228622439	0.822909397853344	0.996826661107808	chr11-19201660-19202638	C163	6	0.97825375365069	0.986200448507624	558	Fast	Pre	trim95	positive_q33	0.3	1090	1090	False	CSRP3	0.986200448507624	CSRP3	0.0278836319488452	0.1287002721427103	0.6851693907379653	6.0	1.10734814961047	0.103187123504346	0.4190039875031118	False	False	False
0.164891173149483	5.07203744611194	3.49764267759547	0.0633507572203735	0.997434436851261	chr11-19201660-19202638	C165	6	1.12108150826987	0.994701842049305	632	Fast	Pre	trim95	detected_vs_zero	0.1	3113	3113	False	CSRP3	0.994701842049305	CSRP3	0.0278836319488452	0.1287002721427103	0.6851693907379653	6.0	1.15086265658375	0.0031384824703116	0.0403654362533404	False	True	False
0.171510953193296	5.04037226191896	4.06101274368372	0.0463663012057801	0.969894178934482	chr11-19201660-19202638	C166	6	1.12623739023847	0.984324219284715	632	Fast	Pre	trim95	detected_vs_zero	0.2	3261	3261	False	CSRP3	0.984324219284715	CSRP3	0.0278836319488452	0.1287002721427103	0.6851693907379653	6.0	1.14612942834301	0.0018869240388986	0.0415123288557692	True	True	False
0.125037362301314	5.02854904895575	2.13461614869658	0.146016571933412	0.995098304406103	chr11-19201660-19202638	C167	6	1.09053597453546	0.987224487902683	632	Fast	Pre	trim95	detected_vs_zero	0.3	3298	3298	False	CSRP3	0.987224487902683	CSRP3	0.0278836319488452	0.1287002721427103	0.6851693907379653	6.0	1.14517867248142	0.0023845482814778	0.0524600621925116	False	True	False
