stage	contrast	gsm	metric	n_pairs	high_mean	low_mean
stem	2plus_vs_1	GSM6339597	total_rna_umi	211	26557.11374407583	26387.905213270144
stem	2plus_vs_1	GSM6339597	total_open_peaks	211	16374.0	16391.08530805687
stem	2plus_vs_1	GSM6339597	myogenesis_score	211	0.5428710842645297	0.530522034091031
stem	2plus_vs_1	GSM6339597	percent_mito	211	10.144643337668091	9.785400861406536
stem	2plus_vs_1	GSM6339601	total_rna_umi	296	17688.736486486487	17657.60135135135
stem	2plus_vs_1	GSM6339601	total_open_peaks	296	11247.074324324325	11238.516891891892
stem	2plus_vs_1	GSM6339601	myogenesis_score	296	0.49836195003453054	0.48840022438734915
stem	2plus_vs_1	GSM6339601	percent_mito	296	12.207040064233663	12.634701894305588
stem	3plus_vs_1	GSM6339597	total_rna_umi	46	30728.239130434784	30964.043478260868
stem	3plus_vs_1	GSM6339597	total_open_peaks	46	17923.195652173912	17871.5
stem	3plus_vs_1	GSM6339597	myogenesis_score	46	0.5788155416537456	0.5409781073021407
stem	3plus_vs_1	GSM6339597	percent_mito	46	9.586819489819339	9.820968213307333
stem	3plus_vs_1	GSM6339601	total_rna_umi	58	20259.155172413793	20332.672413793105
stem	3plus_vs_1	GSM6339601	total_open_peaks	58	11552.98275862069	11489.568965517241
stem	3plus_vs_1	GSM6339601	myogenesis_score	58	0.5464800317919771	0.49568196268931414
stem	3plus_vs_1	GSM6339601	percent_mito	58	11.500768288604608	12.899530616467466
differentiated	2plus_vs_1	GSM6339599	total_rna_umi	326	19904.9754601227	19900.22699386503
differentiated	2plus_vs_1	GSM6339599	total_open_peaks	326	13334.220858895706	13344.407975460123
differentiated	2plus_vs_1	GSM6339599	myogenesis_score	326	0.4615415186809038	0.45705709866761646
differentiated	2plus_vs_1	GSM6339599	percent_mito	326	10.234707277653142	10.34521085131037
differentiated	2plus_vs_1	GSM6339603	total_rna_umi	125	25505.192	25378.312
differentiated	2plus_vs_1	GSM6339603	total_open_peaks	125	18510.32	18457.352
differentiated	2plus_vs_1	GSM6339603	myogenesis_score	125	0.3407791251031428	0.32695635490257263
differentiated	2plus_vs_1	GSM6339603	percent_mito	125	16.746848807598944	17.994339941217053
differentiated	3plus_vs_1	GSM6339599	total_rna_umi	74	21939.175675675677	21906.932432432433
differentiated	3plus_vs_1	GSM6339599	total_open_peaks	74	13179.635135135135	13171.175675675675
differentiated	3plus_vs_1	GSM6339599	myogenesis_score	74	0.4726908264916645	0.4658705189213017
differentiated	3plus_vs_1	GSM6339599	percent_mito	74	10.421086620686024	10.115179560364561
differentiated	3plus_vs_1	GSM6339603	total_rna_umi	23	27056.391304347828	26722.91304347826
differentiated	3plus_vs_1	GSM6339603	total_open_peaks	23	23081.260869565216	22972.521739130436
differentiated	3plus_vs_1	GSM6339603	myogenesis_score	23	0.33858849263681945	0.3270717456359186
differentiated	3plus_vs_1	GSM6339603	percent_mito	23	15.476111224184663	18.578950298183788
