Sample	donor	time	caliper	contrast	n_pairs	max_log_depth_mismatch
E_M1	Ex-1	Pre	0.1	2plus_vs_1	0	NA
E_M1	Ex-1	Pre	0.1	3plus_vs_1	0	NA
E_M2	Ex-1	Post	0.1	2plus_vs_1	2	0.09657998016339242
E_M2	Ex-1	Post	0.1	3plus_vs_1	0	NA
G_M1	Ex-3	Pre	0.1	2plus_vs_1	0	NA
G_M1	Ex-3	Pre	0.1	3plus_vs_1	0	NA
G_M2	Ex-3	Post	0.1	2plus_vs_1	1	0.05096644359202607
G_M2	Ex-3	Post	0.1	3plus_vs_1	0	NA
I_M1	Ex-2	Pre	0.1	2plus_vs_1	1	0.08104656504508512
I_M1	Ex-2	Pre	0.1	3plus_vs_1	0	NA
I_M2	Ex-2	Post	0.1	2plus_vs_1	0	NA
I_M2	Ex-2	Post	0.1	3plus_vs_1	0	NA
J_M1	Ex-4	Pre	0.1	2plus_vs_1	10	0.09050905709888113
J_M1	Ex-4	Pre	0.1	3plus_vs_1	3	0.09050905709888113
J_M2	Ex-4	Post	0.1	2plus_vs_1	0	NA
J_M2	Ex-4	Post	0.1	3plus_vs_1	0	NA
L_M1	Ctrl-2	Pre	0.1	2plus_vs_1	0	NA
L_M1	Ctrl-2	Pre	0.1	3plus_vs_1	0	NA
L_M2	Ctrl-2	Post	0.1	2plus_vs_1	1	0.08060510300336254
L_M2	Ctrl-2	Post	0.1	3plus_vs_1	1	0.08060510300336254
N_M1	Ctrl-1	Pre	0.1	2plus_vs_1	1	0.029781259543676164
N_M1	Ctrl-1	Pre	0.1	3plus_vs_1	0	NA
N_M2	Ctrl-1	Post	0.1	2plus_vs_1	0	NA
N_M2	Ctrl-1	Post	0.1	3plus_vs_1	0	NA
E_M1	Ex-1	Pre	0.2	2plus_vs_1	1	0.11880267013296297
E_M1	Ex-1	Pre	0.2	3plus_vs_1	0	NA
E_M2	Ex-1	Post	0.2	2plus_vs_1	5	0.18381331720682503
E_M2	Ex-1	Post	0.2	3plus_vs_1	1	0.18381331720682503
G_M1	Ex-3	Pre	0.2	2plus_vs_1	0	NA
G_M1	Ex-3	Pre	0.2	3plus_vs_1	0	NA
G_M2	Ex-3	Post	0.2	2plus_vs_1	4	0.18175264601052277
G_M2	Ex-3	Post	0.2	3plus_vs_1	2	0.18175264601052277
I_M1	Ex-2	Pre	0.2	2plus_vs_1	1	0.08104656504508512
I_M1	Ex-2	Pre	0.2	3plus_vs_1	0	NA
I_M2	Ex-2	Post	0.2	2plus_vs_1	0	NA
I_M2	Ex-2	Post	0.2	3plus_vs_1	0	NA
J_M1	Ex-4	Pre	0.2	2plus_vs_1	13	0.18411172414115917
J_M1	Ex-4	Pre	0.2	3plus_vs_1	4	0.18411172414115917
J_M2	Ex-4	Post	0.2	2plus_vs_1	1	0.1519716992241129
J_M2	Ex-4	Post	0.2	3plus_vs_1	0	NA
L_M1	Ctrl-2	Pre	0.2	2plus_vs_1	0	NA
L_M1	Ctrl-2	Pre	0.2	3plus_vs_1	0	NA
L_M2	Ctrl-2	Post	0.2	2plus_vs_1	1	0.08060510300336254
L_M2	Ctrl-2	Post	0.2	3plus_vs_1	1	0.08060510300336254
N_M1	Ctrl-1	Pre	0.2	2plus_vs_1	2	0.19044289499564648
N_M1	Ctrl-1	Pre	0.2	3plus_vs_1	0	NA
N_M2	Ctrl-1	Post	0.2	2plus_vs_1	0	NA
N_M2	Ctrl-1	Post	0.2	3plus_vs_1	0	NA
E_M1	Ex-1	Pre	0.3	2plus_vs_1	1	0.11880267013296297
E_M1	Ex-1	Pre	0.3	3plus_vs_1	0	NA
E_M2	Ex-1	Post	0.3	2plus_vs_1	5	0.18381331720682503
E_M2	Ex-1	Post	0.3	3plus_vs_1	1	0.18381331720682503
G_M1	Ex-3	Pre	0.3	2plus_vs_1	0	NA
G_M1	Ex-3	Pre	0.3	3plus_vs_1	0	NA
G_M2	Ex-3	Post	0.3	2plus_vs_1	5	0.2938740426997022
G_M2	Ex-3	Post	0.3	3plus_vs_1	2	0.2177292379655391
I_M1	Ex-2	Pre	0.3	2plus_vs_1	3	0.2909380407219828
I_M1	Ex-2	Pre	0.3	3plus_vs_1	1	0.2762318057970976
I_M2	Ex-2	Post	0.3	2plus_vs_1	2	0.28209528069596956
I_M2	Ex-2	Post	0.3	3plus_vs_1	1	0.28209528069596956
J_M1	Ex-4	Pre	0.3	2plus_vs_1	14	0.2999337033996383
J_M1	Ex-4	Pre	0.3	3plus_vs_1	4	0.18411172414115917
J_M2	Ex-4	Post	0.3	2plus_vs_1	2	0.2633000100130012
J_M2	Ex-4	Post	0.3	3plus_vs_1	1	0.2633000100130012
L_M1	Ctrl-2	Pre	0.3	2plus_vs_1	0	NA
L_M1	Ctrl-2	Pre	0.3	3plus_vs_1	0	NA
L_M2	Ctrl-2	Post	0.3	2plus_vs_1	1	0.08060510300336254
L_M2	Ctrl-2	Post	0.3	3plus_vs_1	1	0.08060510300336254
N_M1	Ctrl-1	Pre	0.3	2plus_vs_1	3	0.272938460195574
N_M1	Ctrl-1	Pre	0.3	3plus_vs_1	1	0.272938460195574
N_M2	Ctrl-1	Post	0.3	2plus_vs_1	1	0.2149856365099474
N_M2	Ctrl-1	Post	0.3	3plus_vs_1	0	NA
