config	status
C000	ok
C001	ok
C002	ok
C003	ok
C004	ok
C005	fewer_than_two_usable_donors
C006	fewer_than_two_usable_donors
C007	ok
C008	ok
C009	fewer_than_two_usable_donors
C010	fewer_than_two_usable_donors
C011	fewer_than_two_usable_donors
C012	ok
C013	fewer_than_two_usable_donors
C014	fewer_than_two_usable_donors
C015	ok
C016	ok
C017	fewer_than_two_usable_donors
C018	fewer_than_two_usable_donors
C019	fewer_than_two_usable_donors
C020	ok
C021	fewer_than_two_usable_donors
C022	fewer_than_two_usable_donors
C023	ok
C024	ok
C025	ok
C026	ok
C027	ok
C028	ok
C029	ok
C030	ok
C031	ok
C032	ok
C033	fewer_than_two_usable_donors
C034	fewer_than_two_usable_donors
C035	fewer_than_two_usable_donors
C036	fewer_than_two_usable_donors
C037	fewer_than_two_usable_donors
C038	fewer_than_two_usable_donors
C039	fewer_than_two_usable_donors
C040	ok
C041	fewer_than_two_usable_donors
C042	fewer_than_two_usable_donors
C043	fewer_than_two_usable_donors
C044	ok
C045	fewer_than_two_usable_donors
C046	fewer_than_two_usable_donors
C047	error: Fewer than 10 count-supported background features
C048	ok
C049	error: Fewer than 10 count-supported background features
C050	error: Problem with covariate
C051	ok
C052	ok
C053	ok
C054	ok
C055	ok
C056	ok
C057	ok
C058	ok
C059	ok
C060	ok
C061	fewer_than_two_usable_donors
C062	error: Fewer than 10 count-supported background features
C063	ok
C064	ok
C065	fewer_than_two_usable_donors
C066	fewer_than_two_usable_donors
C067	fewer_than_two_usable_donors
C068	ok
C069	fewer_than_two_usable_donors
C070	error: Fewer than 10 count-supported background features
C071	ok
C072	ok
C073	fewer_than_two_usable_donors
C074	fewer_than_two_usable_donors
C075	error: Fewer than 10 count-supported background features
C076	ok
C077	error: Fewer than 10 count-supported background features
C078	ok
C079	ok
C080	ok
C081	ok
C082	ok
C083	ok
C084	ok
C085	error: Fewer than 10 count-supported background features
C086	ok
C087	ok
C088	ok
C089	fewer_than_two_usable_donors
C090	error: Fewer than 10 count-supported background features
C091	error: Fewer than 10 count-supported background features
C092	design_not_estimable
C093	fewer_than_two_usable_donors
C094	fewer_than_two_usable_donors
C095	fewer_than_two_usable_donors
C096	ok
C097	fewer_than_two_usable_donors
C098	error: Fewer than 10 count-supported background features
C099	error: Fewer than 10 count-supported background features
C100	ok
C101	fewer_than_two_usable_donors
C102	error: Fewer than 10 count-supported background features
C103	error: Fewer than 10 count-supported background features
C104	ok
C105	fewer_than_two_usable_donors
C106	error: Fewer than 10 count-supported background features
C107	ok
C108	ok
C109	ok
C110	ok
C111	ok
C112	ok
C113	ok
C114	ok
C115	ok
C116	ok
C117	ok
C118	ok
C119	ok
C120	ok
C121	ok
C122	ok
C123	ok
C124	ok
C125	ok
C126	ok
C127	ok
C128	ok
C129	ok
C130	ok
C131	ok
C132	ok
C133	ok
C134	ok
C135	ok
C136	ok
C137	ok
C138	ok
C139	ok
C140	ok
C141	ok
C142	ok
C143	ok
C144	ok
C145	ok
C146	ok
C147	ok
C148	ok
C149	ok
C150	ok
C151	ok
C152	ok
C153	ok
C154	ok
C155	ok
C156	ok
C157	ok
C158	ok
C159	ok
C160	ok
C161	ok
C162	ok
C163	ok
C164	ok
C165	ok
C166	ok
C167	ok
C168	ok
C169	ok
C170	ok
C171	ok
C172	ok
C173	ok
C174	ok
C175	ok
C176	ok
C177	ok
C178	ok
C179	ok
C180	ok
C181	ok
C182	ok
C183	ok
C184	ok
C185	ok
C186	ok
C187	ok
C188	ok
C189	ok
C190	ok
C191	ok
C192	ok
C193	ok
C194	ok
C195	ok
C196	ok
C197	ok
C198	ok
C199	ok
C200	ok
C201	ok
C202	ok
C203	ok
C204	ok
C205	ok
C206	ok
C207	ok
C208	ok
C209	ok
C210	ok
C211	ok
C212	ok
C213	ok
C214	ok
C215	ok
C216	ok
C217	ok
C218	ok
C219	ok
C220	ok
C221	ok
C222	ok
C223	ok
C224	ok
C225	ok
C226	ok
C227	ok
C228	ok
C229	ok
C230	ok
C231	ok
C232	ok
C233	ok
C234	ok
C235	ok
C236	ok
C237	ok
C238	ok
C239	ok
C240	ok
C241	ok
C242	ok
C243	ok
C244	ok
C245	ok
C246	ok
C247	ok
C248	ok
C249	ok
C250	ok
C251	ok
C252	ok
C253	ok
C254	ok
C255	ok
C256	ok
C257	ok
C258	ok
C259	ok
C260	ok
C261	ok
C262	ok
C263	ok
C264	ok
C265	ok
C266	ok
C267	ok
C268	ok
C269	ok
C270	ok
C271	ok
C272	ok
C273	ok
C274	ok
C275	ok
C276	ok
C277	ok
C278	ok
C279	ok
C280	ok
C281	ok
C282	ok
C283	ok
C284	ok
C285	ok
C286	ok
C287	ok
C288	ok
C289	ok
C290	ok
C291	ok
C292	ok
C293	ok
C294	ok
C295	ok
C296	ok
C297	ok
C298	ok
C299	ok
C300	ok
C301	ok
C302	ok
C303	ok
C304	ok
C305	ok
C306	ok
C307	ok
C308	ok
C309	ok
C310	ok
C311	ok
C312	ok
C313	ok
C314	ok
C315	ok
C316	ok
C317	ok
C318	ok
C319	ok
C320	ok
C321	ok
C322	ok
C323	ok
C324	ok
C325	ok
C326	ok
C327	ok
C328	ok
C329	ok
C330	ok
C331	ok
C332	ok
C333	ok
C334	ok
C335	ok
C336	ok
C337	ok
C338	ok
C339	ok
C340	ok
C341	ok
C342	ok
C343	ok
C344	ok
C345	ok
C346	ok
C347	ok
C348	ok
C349	ok
C350	ok
C351	ok
C352	ok
C353	ok
C354	ok
C355	ok
C356	ok
C357	ok
C358	ok
C359	ok
C360	ok
C361	ok
C362	ok
C363	ok
C364	ok
C365	ok
C366	ok
C367	ok
C368	ok
C369	ok
C370	ok
C371	ok
C372	ok
C373	ok
C374	ok
C375	ok
C376	ok
C377	ok
C378	ok
C379	ok
C380	ok
C381	ok
C382	ok
C383	ok
C384	ok
C385	ok
C386	ok
C387	ok
C388	ok
C389	ok
C390	ok
C391	ok
C392	ok
C393	ok
C394	ok
C395	ok
C396	ok
C397	ok
C398	ok
C399	ok
C400	ok
C401	ok
C402	ok
C403	ok
C404	ok
C405	ok
C406	ok
C407	ok
C408	ok
C409	error: Fewer than 10 count-supported background features
C410	ok
C411	ok
C412	ok
C413	ok
C414	ok
C415	ok
C416	ok
C417	ok
C418	ok
C419	ok
C420	ok
C421	ok
C422	ok
C423	ok
C424	ok
C425	ok
C426	ok
C427	ok
C428	ok
C429	ok
C430	ok
C431	ok
C432	ok
C433	ok
C434	ok
C435	ok
C436	ok
C437	error: missing values and NaN's not allowed if 'na.rm' is FALSE
C438	ok
C439	ok
C440	ok
C441	ok
C442	ok
C443	ok
C444	ok
C445	ok
C446	ok
C447	ok
