config	donor	high_fraction	low_fraction
C001	I	0.05426356589147287	0.040310077519379844
C001	J	0.03937984496124031	0.038449612403100776
C001	N	0.037209302325581395	0.043410852713178294
C002	E	0.10077519379844961	0.10697674418604651
C002	I	0.05426356589147287	0.040310077519379844
C002	J	0.03995229576624926	0.038521168753726895
C002	N	0.031007751937984496	0.03333333333333333
C003	E	0.10077519379844961	0.10697674418604651
C003	I	0.06356589147286822	0.05788113695090439
C003	J	0.038205980066445176	0.036877076411960134
C003	N	0.046511627906976744	0.06770025839793281
C005	J	0.05271317829457364	0.03979328165374677
C006	J	0.05232558139534883	0.04224806201550388
C007	I	0.11162790697674418	0.10697674418604651
C007	J	0.05232558139534883	0.04224806201550388
C007	N	0.07751937984496124	0.11937984496124031
C009	J	0.05426356589147287	0.04496124031007752
C010	J	0.05426356589147287	0.04496124031007752
C011	J	0.05426356589147287	0.04496124031007752
C013	J	0.05271317829457364	0.03979328165374677
C014	J	0.05232558139534883	0.04224806201550388
C015	I	0.11162790697674418	0.10697674418604651
C015	J	0.047751937984496125	0.04248062015503876
C015	N	0.07751937984496124	0.11937984496124031
C017	J	0.047286821705426356	0.040310077519379844
C018	J	0.04082687338501292	0.043410852713178294
C019	J	0.037209302325581395	0.041550387596899226
C021	J	0.03875968992248062	0.043410852713178294
C022	J	0.03953488372093023	0.044444444444444446
C023	E	0.05503875968992248	0.05736434108527132
C023	J	0.03809523809523809	0.045182724252491695
C023	N	0.05116279069767442	0.07984496124031007
C025	E	0.056827668455575436	0.05450208706022659
C025	G	0.09043927648578813	0.10077519379844964
C025	I	0.043410852713178294	0.04203273040482343
C025	J	0.03472868217054263	0.03526427061310782
C025	L	0.11162790697674418	0.10542635658914729
C025	N	0.03807062876830319	0.0388458225667528
C026	E	0.05811452863215804	0.057264316079019766
C026	G	0.09043927648578813	0.10077519379844964
C026	I	0.04045102184637068	0.03932346723044397
C026	J	0.03357558139534884	0.03391472868217054
C026	L	0.09147286821705426	0.07674418604651162
C026	N	0.035181872391174714	0.03709004174120453
C027	E	0.05791447861965491	0.057264316079019766
C027	G	0.08333333333333334	0.09457364341085275
C027	I	0.04750830564784053	0.04396456256921373
C027	J	0.033321763276640055	0.033900266111303944
C027	L	0.09147286821705426	0.07674418604651162
C027	N	0.0372093023255814	0.03910422049956934
C029	I	0.05426356589147287	0.040310077519379844
C029	J	0.03352713178294574	0.03643410852713178
C029	N	0.037209302325581395	0.043410852713178294
C030	I	0.05426356589147287	0.040310077519379844
C030	J	0.035348837209302326	0.03612403100775194
C030	N	0.031007751937984496	0.03333333333333333
C031	I	0.03953488372093023	0.03333333333333333
C031	J	0.03354474982381959	0.03424947145877378
C031	N	0.031007751937984496	0.04186046511627907
C033	J	0.03255813953488372	0.02635658914728682
C034	J	0.043410852713178294	0.030232558139534883
C035	J	0.043410852713178294	0.030232558139534883
C038	J	0.05426356589147287	0.034108527131782945
C039	J	0.05426356589147287	0.034108527131782945
C041	J	0.03255813953488372	0.02635658914728682
C042	J	0.043410852713178294	0.030232558139534883
C043	J	0.043410852713178294	0.030232558139534883
C045	J	0.030232558139534883	0.046511627906976744
C046	J	0.03643410852713178	0.04263565891472868
C047	I	0.05426356589147287	0.04186046511627907
C047	J	0.03503875968992248	0.04124031007751938
C049	I	0.05426356589147287	0.040310077519379844
C049	J	0.03359173126614987	0.03875968992248062
C050	I	0.05426356589147287	0.040310077519379844
C050	J	0.0359173126614987	0.040568475452196384
C051	E	0.04082687338501292	0.05219638242894057
C051	I	0.05426356589147287	0.040310077519379844
C051	J	0.03499446290143964	0.04097452934662237
C053	E	0.054411221853082316	0.052048726467331115
C053	G	0.09043927648578813	0.09870801033591732
C053	I	0.043410852713178294	0.04203273040482343
C053	J	0.032953336373309015	0.03319653442772458
C053	L	0.11162790697674418	0.10542635658914729
C053	N	0.033287733698130414	0.034108527131782945
C054	E	0.05284799460734749	0.05102797438490057
C054	G	0.09043927648578813	0.09870801033591732
C054	I	0.04045102184637068	0.03932346723044397
C054	J	0.031089351285189717	0.031062151502787978
C054	L	0.09147286821705426	0.07674418604651162
C054	N	0.03114256825075834	0.03431075160094371
C055	E	0.05284799460734749	0.05102797438490057
C055	G	0.09043927648578813	0.09870801033591732
C055	I	0.03850129198966409	0.03811369509043928
C055	J	0.03082063619353114	0.030874097834803528
C055	L	0.09147286821705426	0.07674418604651162
C055	N	0.03204134366925065	0.035594315245478035
C057	E	0.08449612403100776	0.08682170542635659
C057	G	0.11162790697674418	0.09767441860465116
C057	L	0.05891472868217054	0.05581395348837209
C058	E	0.08031007751937984	0.0765891472868217
C058	G	0.07945736434108527	0.07209302325581396
C058	J	0.10077519379844961	0.07286821705426356
C058	L	0.05891472868217054	0.05581395348837209
C059	E	0.08031007751937984	0.0765891472868217
C059	G	0.08124031007751939	0.08031007751937984
C059	I	0.05581395348837209	0.07209302325581396
C059	J	0.10232558139534884	0.07364341085271317
C059	L	0.05891472868217054	0.05581395348837209
C059	N	0.08837209302325581	0.11937984496124031
C061	L	0.05891472868217054	0.05581395348837209
C062	E	0.043410852713178294	0.06201550387596899
C062	G	0.07596899224806203	0.07209302325581396
C062	L	0.05891472868217054	0.05581395348837209
C063	E	0.043410852713178294	0.06201550387596899
C063	G	0.07596899224806203	0.07131782945736434
C063	I	0.08992248062015504	0.11782945736434108
C063	J	0.10387596899224806	0.07286821705426356
C063	L	0.05891472868217054	0.05581395348837209
C065	L	0.05891472868217054	0.05581395348837209
C066	L	0.05891472868217054	0.05581395348837209
C067	L	0.05891472868217054	0.05581395348837209
C069	L	0.05891472868217054	0.05581395348837209
C070	E	0.043410852713178294	0.06046511627906977
C070	G	0.07596899224806203	0.07209302325581396
C070	L	0.05891472868217054	0.05581395348837209
C071	E	0.043410852713178294	0.06046511627906977
C071	G	0.07596899224806203	0.07131782945736434
C071	I	0.08992248062015504	0.11782945736434108
C071	J	0.10387596899224806	0.10077519379844961
C071	L	0.05891472868217054	0.05581395348837209
C073	L	0.05891472868217054	0.05581395348837209
C074	L	0.05891472868217054	0.05581395348837209
C075	G	0.12093023255813953	0.11472868217054263
C075	L	0.05891472868217054	0.05581395348837209
C077	E	0.10077519379844961	0.09457364341085271
C077	L	0.05891472868217054	0.05581395348837209
C078	E	0.10077519379844961	0.09457364341085271
C078	G	0.08992248062015504	0.08062015503875969
C078	J	0.10077519379844961	0.08527131782945736
C078	L	0.05891472868217054	0.05581395348837209
C079	E	0.10077519379844961	0.09457364341085271
C079	G	0.10025839793281655	0.09147286821705426
C079	I	0.021705426356589147	0.02635658914728682
C079	J	0.10077519379844961	0.08527131782945736
C079	L	0.05891472868217054	0.05581395348837209
C079	N	0.08837209302325581	0.11937984496124031
C081	E	0.06585067319461443	0.06087311301509588
C081	G	0.05680056377730796	0.06187455954897816
C081	I	0.020930232558139535	0.01821705426356589
C081	J	0.07616279069767441	0.07073643410852713
C081	L	0.05891472868217054	0.05271317829457364
C081	N	0.08527131782945736	0.08682170542635659
C082	E	0.06375968992248061	0.0607235142118863
C082	G	0.06039128829826504	0.05714285714285714
C082	I	0.021016365202411715	0.020327304048234282
C082	J	0.06573643410852713	0.06170542635658914
C082	L	0.07364341085271317	0.07054263565891472
C082	N	0.08488372093023255	0.10232558139534884
C083	E	0.06153846153846154	0.05831842576028622
C083	G	0.062403100775193794	0.06111111111111111
C083	I	0.021016365202411715	0.020327304048234282
C083	J	0.06187455954897816	0.057787174066243834
C083	L	0.06873385012919897	0.06925064599483204
C083	N	0.08488372093023255	0.09573643410852713
C085	E	0.06821705426356589	0.07906976744186046
C085	G	0.11162790697674418	0.09767441860465116
C085	L	0.05891472868217054	0.05581395348837209
C086	E	0.07364341085271317	0.0693798449612403
C086	G	0.0640826873385013	0.05788113695090439
C086	L	0.05891472868217054	0.05581395348837209
C087	E	0.07364341085271317	0.0693798449612403
C087	G	0.07015503875968992	0.07209302325581396
C087	I	0.021705426356589147	0.02635658914728682
C087	J	0.10387596899224806	0.07286821705426356
C087	L	0.05891472868217054	0.05581395348837209
C089	L	0.05891472868217054	0.05581395348837209
C090	E	0.043410852713178294	0.06201550387596899
C090	G	0.02635658914728682	0.02945736434108527
C090	L	0.05891472868217054	0.05581395348837209
C091	E	0.043410852713178294	0.06201550387596899
C091	G	0.02635658914728682	0.02945736434108527
C091	J	0.10387596899224806	0.07286821705426356
C091	L	0.05891472868217054	0.05581395348837209
C093	L	0.05891472868217054	0.05581395348837209
C094	L	0.05891472868217054	0.05581395348837209
C095	L	0.05891472868217054	0.05581395348837209
C097	L	0.05891472868217054	0.05581395348837209
C098	E	0.043410852713178294	0.06046511627906977
C098	G	0.02635658914728682	0.02945736434108527
C098	L	0.05891472868217054	0.05581395348837209
C099	E	0.043410852713178294	0.06046511627906977
C099	G	0.02635658914728682	0.02945736434108527
C099	J	0.10387596899224806	0.07286821705426356
C099	L	0.05891472868217054	0.05581395348837209
C101	L	0.05891472868217054	0.05581395348837209
C102	G	0.02635658914728682	0.02945736434108527
C102	L	0.05891472868217054	0.05581395348837209
C103	E	0.08217054263565891	0.09767441860465116
C103	G	0.02635658914728682	0.02945736434108527
C103	I	0.021705426356589147	0.02635658914728682
C103	L	0.05891472868217054	0.05581395348837209
C105	L	0.05891472868217054	0.05581395348837209
C106	E	0.06279069767441861	0.06744186046511627
C106	G	0.02635658914728682	0.02945736434108527
C106	L	0.05891472868217054	0.05581395348837209
C107	E	0.06459948320413438	0.07751937984496124
C107	G	0.07364341085271317	0.07209302325581396
C107	I	0.021705426356589147	0.02635658914728682
C107	L	0.05891472868217054	0.05581395348837209
C109	E	0.06585067319461443	0.06087311301509588
C109	G	0.05680056377730796	0.06187455954897816
C109	I	0.020930232558139535	0.01821705426356589
C109	J	0.0726467331118494	0.06666666666666667
C109	L	0.05891472868217054	0.05271317829457364
C109	N	0.08527131782945736	0.08682170542635659
C110	E	0.06105574012550757	0.057290513104466596
C110	G	0.058098735210118324	0.05736434108527132
C110	I	0.021016365202411715	0.020327304048234282
C110	J	0.06184323858742464	0.05753660637381567
C110	L	0.07364341085271317	0.07054263565891472
C110	N	0.08488372093023255	0.10232558139534884
C111	E	0.058779912369396704	0.054870239298955174
C111	G	0.05854558877814692	0.058840900701365814
C111	I	0.021016365202411715	0.020327304048234282
C111	J	0.057984496124031004	0.05364341085271318
C111	L	0.06873385012919897	0.06925064599483204
C111	N	0.08488372093023255	0.09573643410852713
C113	E	0.06707822410147993	0.06741649048625792
C113	G	0.10463680734998569	0.1047372954349699
C113	I	0.04028824107435309	0.03975688757870218
C113	J	0.040970242560640156	0.04069017254313578
C113	L	0.11875968992248069	0.12589147286821714
C113	N	0.05227021040974529	0.05295169946332737
C114	E	0.06692250620410879	0.06739325095300228
C114	G	0.09630964079047935	0.0968555519161481
C114	I	0.04006615878107458	0.03918404170008019
C114	J	0.040758811448650824	0.04034331706969621
C114	L	0.10186046511627915	0.10666666666666676
C114	N	0.05219967412235224	0.0527329284550437
C115	E	0.06726793877956669	0.06742695289206917
C115	G	0.09195226438188497	0.09335985312117506
C115	I	0.040287035665498114	0.03921065191988018
C115	J	0.040808918241645	0.04036160097426169
C115	L	0.09955703211517172	0.10077519379844968
C115	N	0.0523897845627051	0.05270842250439911
C117	E	0.0680545136284071	0.06872968242060516
C117	G	0.10098191214470288	0.10005167958656334
C117	I	0.041607809359747346	0.041487223657766296
C117	J	0.0424750830564784	0.04248062015503876
C117	L	0.11317829457364348	0.13333333333333344
C117	N	0.058800938766801786	0.0599103904416471
C118	E	0.06863194671907415	0.0696910143028715
C118	G	0.09333333333333337	0.09484237726098195
C118	I	0.04180165731087944	0.041582464581662655
C118	J	0.043086109365179134	0.04265661009847056
C118	L	0.10653377630121821	0.11982281284606879
C118	N	0.061246052253804195	0.06203847258110825
C119	E	0.06866750471401635	0.06939032055311126
C119	G	0.08714312724522598	0.08895821516354702
C119	I	0.04243468274476026	0.041776942552136355
C119	J	0.04332871297294522	0.04278453719390113
C119	L	0.10000000000000006	0.10449612403100783
C119	N	0.06124588701132118	0.061970888405554626
C121	E	0.07226022191822466	0.07381060951512389
C121	G	0.10232558139534888	0.10301464254952632
C121	I	0.04411449016100179	0.04435301132975552
C121	J	0.04382267441860465	0.04395591085271318
C121	L	0.10697674418604655	0.1410852713178296
C121	N	0.06339362618432386	0.0631782945736434
C122	E	0.07155432926028119	0.07389304953356983
C122	G	0.08801771871539316	0.08992248062015508
C122	I	0.04514950166112957	0.04490586932447397
C122	J	0.04544718269119519	0.04530834201087586
C122	L	0.12015503875968998	0.14961240310077542
C122	N	0.06937984496124032	0.06866428145497915
C123	E	0.07117471675611212	0.07324985092426954
C123	G	0.08451707521474966	0.08598365807668137
C123	I	0.045998396150761824	0.04557070302058273
C123	J	0.04575858250276855	0.04545957918050941
C123	L	0.09457364341085277	0.12273901808785544
C123	N	0.06897762176393156	0.06856808541758082
C125	E	0.06800879324308691	0.06825176443364574
C125	G	0.09803921568627455	0.0957136342909257
C125	I	0.043092422937384176	0.04374494296974917
C125	J	0.044076791009833	0.04420685708339837
C125	L	0.10258397932816543	0.11214470284237742
C125	N	0.059976805224928285	0.061600439479948726
C126	E	0.06998742928975488	0.06945317410433689
C126	G	0.09013565891472872	0.08920542635658918
C126	I	0.04332053887258222	0.04411831113118085
C126	J	0.04455011516457389	0.044733387819798395
C126	L	0.11007751937984503	0.11825229034531376
C126	N	0.06222149943080176	0.06322979346235161
C127	E	0.06990930739220755	0.06938237827430715
C127	G	0.08581851345189241	0.08552667578659373
C127	I	0.04367171157868832	0.04412452319429064
C127	J	0.04471180886704326	0.04470691805443474
C127	L	0.10626118067978539	0.11079308288610627
C127	N	0.061897888265169745	0.062956428762363
C129	E	0.06819791367594986	0.07143267298306058
C129	G	0.10449612403100779	0.10058914728682174
C129	I	0.04191429801894918	0.04237726098191214
C129	J	0.04292936588184313	0.04304492272136357
C129	L	0.11550387596899236	0.1410852713178296
C129	N	0.05692137320044297	0.05758582502768549
C130	E	0.0655892786756011	0.06825647089738536
C130	G	0.0974008207934337	0.09562243502051987
C130	I	0.041654344221893624	0.041851503338262305
C130	J	0.04230620155038759	0.04206072351421188
C130	L	0.12310077519379851	0.14325581395348858
C130	N	0.05248414376321353	0.052924594785059904
C131	E	0.06613205025394281	0.06715851376637264
C131	G	0.09368770764119605	0.09276485788113699
C131	I	0.041613637240155814	0.04150565004435188
C131	J	0.0416712652739456	0.04096176586519511
C131	L	0.1014396456256922	0.12203765227021054
C131	N	0.051654740608228986	0.05253428741800835
C133	E	0.0683014290987713	0.0697358012972631
C133	G	0.10369978858350958	0.10366455250176186
C133	I	0.041608527131782945	0.041311369509043926
C133	J	0.042212825933756165	0.04154568945266619
C133	L	0.11046511627906982	0.12325581395348845
C133	N	0.056305539799584046	0.058057603831852274
C134	E	0.06599043377865743	0.06702127659574468
C134	G	0.10253580344238607	0.10045986072789387
C134	I	0.04161508002900005	0.041330656405108475
C134	J	0.04140516141693651	0.04080855656952213
C134	L	0.10562015503875974	0.11647286821705438
C134	N	0.054053513378344596	0.055183795948987244
C135	E	0.06631877481565514	0.06651540934013991
C135	G	0.09788975021533167	0.09625322997416025
C135	I	0.041612614037863205	0.04120656014343722
C135	J	0.04092572779998874	0.04042269647314976
C135	L	0.10000000000000005	0.10658914728682178
C135	N	0.05296556697313864	0.05389399675500271
C137	E	0.06362375975020194	0.0640746500777605
C137	G	0.09783141988028657	0.09636934550093222
C137	I	0.03830627468187802	0.03792355321534786
C137	J	0.040087647872685504	0.03956864536373205
C137	L	0.11188630490956077	0.11834625322997422
C137	N	0.045159318220722375	0.04546988482136307
C138	E	0.06311963747613462	0.06360729648287443
C138	G	0.08968992248062017	0.09049095607235144
C138	I	0.03854827343199436	0.037773079633544746
C138	J	0.03955476048499304	0.03915337808811177
C138	L	0.11643410852713187	0.11705426356589155
C138	N	0.045280978998458815	0.045520207945161366
C139	E	0.062267470235055106	0.06308465842668574
C139	G	0.0864871481028152	0.08858425132598942
C139	I	0.03884412858131325	0.03777691775440078
C139	J	0.039477414658442206	0.03907385413074851
C139	L	0.10761099365750539	0.1092318534179
C139	N	0.045651805964591584	0.0456901707231757
C141	E	0.063755859913595	0.06416643686613353
C141	G	0.10129742962056307	0.101640146878825
C141	I	0.03867505337872929	0.038024890838094134
C141	J	0.03936659378519843	0.03905121579540184
C141	L	0.11875968992248069	0.12589147286821714
C141	N	0.04821389020724569	0.048853029583926594
C142	E	0.06306463834003614	0.06351343474966485
C142	G	0.09307367492279577	0.09307367492279577
C142	I	0.038113990740247995	0.03735830982917354
C142	J	0.03889528487732494	0.03855245989715251
C142	L	0.09543496985357457	0.098535745047373
C142	N	0.046994719694416355	0.047803617571059435
C143	E	0.06262417456215906	0.0632271030720643
C143	G	0.08882182377655484	0.09017101603645189
C143	I	0.03800904977375566	0.037300501595987225
C143	J	0.03884653206135141	0.0385068260475333
C143	L	0.09493142516398335	0.09469290399522962
C143	N	0.0473057288712422	0.04781892337195797
C145	E	0.062228859967285395	0.06343787781807837
C145	G	0.09905567300916142	0.09843551797040173
C145	I	0.039274393497159714	0.03901704170982017
C145	J	0.03985047645310537	0.039519563685387754
C145	L	0.11317829457364348	0.13333333333333344
C145	N	0.05445518683041547	0.05651075690270882
C146	E	0.060759155306067895	0.062015503875969
C146	G	0.09259633749016967	0.09358499045051122
C146	I	0.03941905016484006	0.03897947666993377
C146	J	0.03951685595817559	0.03919235622859203
C146	L	0.10232558139534888	0.10981912144702849
C146	N	0.052263565891472866	0.05418604651162791
C147	E	0.060759155306067895	0.062015503875969
C147	G	0.0868010335917313	0.08789664082687342
C147	I	0.0395289662110184	0.038996390318953786
C147	J	0.03951685595817559	0.03919235622859203
C147	L	0.09457364341085277	0.09612403100775198
C147	N	0.05202241154347993	0.05381840509632359
C149	E	0.061279069767441866	0.06422480620155038
C149	G	0.0995478036175711	0.09916020671834629
C149	I	0.040255196542498456	0.039980791658091513
C149	J	0.03962406530836249	0.0395691843314811
C149	L	0.10697674418604655	0.1410852713178296
C149	N	0.054600606673407485	0.05513987192450286
C150	E	0.05934739498828195	0.0624481701820804
C150	G	0.08732183045761444	0.08717179294823708
C150	I	0.040215706100438155	0.03983822042467139
C150	J	0.03962406530836249	0.0395691843314811
C150	L	0.11317829457364344	0.13953488372093037
C150	N	0.050186620729256386	0.050358886017800746
C151	E	0.05934739498828195	0.0624481701820804
C151	G	0.0834390415785765	0.08292224571294342
C151	I	0.040215706100438155	0.03983822042467139
C151	J	0.03962406530836249	0.0395691843314811
C151	L	0.08527131782945738	0.11131782945736442
C151	N	0.050186620729256386	0.050358886017800746
C153	E	0.06137065239761268	0.06176853948000275
C153	G	0.09689922480620158	0.09459864966241563
C153	I	0.0396447770946568	0.03947845198847605
C153	J	0.03964389534883721	0.03951065891472868
C153	L	0.10258397932816543	0.11214470284237742
C153	N	0.052728998576174656	0.054928017718715395
C154	E	0.060759155306067895	0.06094627105052125
C154	G	0.08905171498354043	0.08745885101412341
C154	I	0.0395289662110184	0.039375110953310845
C154	J	0.03951685595817559	0.03939667087314464
C154	L	0.10852713178294582	0.11209302325581408
C154	N	0.052363581091351266	0.05471956224350205
C155	E	0.060759155306067895	0.06094627105052125
C155	G	0.08519077821403405	0.08390214436726066
C155	I	0.0395289662110184	0.039375110953310845
C155	J	0.03951685595817559	0.03939667087314464
C155	L	0.10626118067978539	0.1063804412641623
C155	N	0.052363581091351266	0.05471956224350205
C157	E	0.06129994036970782	0.06434108527131782
C157	G	0.09908998988877658	0.09720256150994273
C157	I	0.03985471892448637	0.03916083916083916
C157	J	0.03953995034706389	0.03936768505851953
C157	L	0.11550387596899236	0.1410852713178296
C157	N	0.05328270843221009	0.05505457997152349
C158	E	0.06153950768393853	0.06242350061199511
C158	G	0.09772443110777698	0.09587396849212307
C158	I	0.03893821940333568	0.038111346018322764
C158	J	0.039885980463725795	0.03910731045990197
C158	L	0.09860465116279074	0.1119379844961241
C158	N	0.04950764718206579	0.0509532788602556
C159	E	0.061932021466905185	0.06282647584973167
C159	G	0.09003875968992252	0.08810077519379848
C159	I	0.038727221072283775	0.038597345671496405
C159	J	0.03967201186578233	0.03873170458679652
C159	L	0.08283499446290146	0.0996677740863788
C159	N	0.04839299712568592	0.05015242574688616
C161	E	0.06501870222800454	0.06643898736921994
C161	G	0.10434469082386881	0.10347935821164597
C161	I	0.04002572695575641	0.03876646017399546
C161	J	0.039860616619953035	0.039183900209580076
C161	L	0.11046511627906982	0.12325581395348845
C161	N	0.05074376702283679	0.05299252741113206
C162	E	0.06293687707641195	0.06372535991140642
C162	G	0.10026779422128265	0.09739252995066953
C162	I	0.039698238735929196	0.038480501351391486
C162	J	0.03949496859309678	0.03848658641625176
C162	L	0.10055370985603547	0.10741971207087493
C162	N	0.049133606931144554	0.05082079343365253
C163	E	0.06296065995108403	0.06366538158603822
C163	G	0.09483568075117375	0.094027732285184
C163	I	0.03918099089989888	0.038270980788675434
C163	J	0.039039399025013986	0.038264205226564374
C163	L	0.09556025369978861	0.09992952783650462
C163	N	0.04777563817706019	0.04945440181701476
C165	E	0.061381601558024974	0.06219116355443541
C165	G	0.09547179898422885	0.0943063352044908
C165	I	0.037507259551044114	0.03711840012120294
C165	J	0.03882878027884868	0.03832303887023449
C165	L	0.11188630490956077	0.11834625322997422
C165	N	0.04318755629987694	0.04355041297149165
C166	E	0.060046487289012206	0.06152142431212199
C166	G	0.08737541528239204	0.0882059800664452
C166	I	0.037170360093948134	0.036790673335523834
C166	J	0.038184676151706905	0.037846116641812096
C166	L	0.10956072351421194	0.1126614987080104
C166	N	0.04323592490085427	0.0431616404874016
C167	E	0.05948592411260709	0.06117071063431492
C167	G	0.08474871526870484	0.08629910286560406
C167	I	0.03670384680809701	0.036796189643022045
C167	J	0.038074199033350735	0.03779170181146323
C167	L	0.09953488372093029	0.10449612403100779
C167	N	0.0432105746801442	0.042979665889116656
C169	E	0.08546511627906979	0.08427131782945738
C169	G	0.08901808785529719	0.086046511627907
C169	I	0.03411992704058368	0.034268125854993156
C169	J	0.0891860465116279	0.09135658914728682
C169	L	0.0910594315245478	0.09343669250645997
C169	N	0.09756749532210642	0.09858326650628177
C170	E	0.0813785697506628	0.08057988523104802
C170	G	0.08833517903285348	0.0863418235511259
C170	I	0.03442068570833984	0.034306227563602305
C170	J	0.0832821412900395	0.08413046657890888
C170	L	0.09000000000000001	0.09201550387596905
C170	N	0.09127906976744188	0.09274332472006892
C171	E	0.08142478657639095	0.08058744643966899
C171	G	0.08530577088716627	0.08403100775193802
C171	I	0.03490905406090084	0.03477732178142575
C171	J	0.0832821412900395	0.08413046657890888
C171	L	0.08985200845665964	0.0896405919661734
C171	N	0.08910648714810283	0.09120767033863732
C173	E	0.08658808537750877	0.08792609111181907
C173	G	0.0943152454780362	0.08966408268733851
C173	I	0.03599114064230343	0.033720930232558136
C173	J	0.10096899224806202	0.09844961240310077
C173	L	0.0917312661498708	0.09496124031007754
C173	N	0.1057787174066244	0.10711768851303738
C174	E	0.08356589147286822	0.08457364341085272
C174	G	0.09813953488372099	0.09472868217054269
C174	I	0.035808952238059515	0.034308577144286076
C174	J	0.09395348837209302	0.0916279069767442
C174	L	0.08982558139534885	0.09709302325581401
C174	N	0.09883720930232562	0.10049833887043193
C175	E	0.08356589147286822	0.08457364341085272
C175	G	0.09922480620155043	0.09809725158562373
C175	I	0.03641061780596664	0.03528306319003993
C175	J	0.09395348837209302	0.0916279069767442
C175	L	0.08914728682170545	0.09216192937123174
C175	N	0.09883720930232562	0.10049833887043193
C177	E	0.08976744186046512	0.09240310077519381
C177	G	0.13178294573643418	0.13178294573643418
C177	I	0.037873754152823916	0.032115171650055375
C177	J	0.09612403100775194	0.10310077519379846
C177	L	0.1049095607235142	0.11653746770025845
C177	N	0.10353143841515938	0.10180878552971581
C178	E	0.08304684866868892	0.08506909336029661
C178	G	0.13178294573643418	0.13178294573643418
C178	I	0.0374031007751938	0.03197674418604651
C178	J	0.09612403100775194	0.10310077519379846
C178	L	0.09753347427766035	0.10754052149400994
C178	N	0.10284237726098196	0.09651162790697677
C179	E	0.08304684866868892	0.08506909336029661
C179	G	0.12093023255813956	0.13178294573643418
C179	I	0.03906976744186046	0.03565891472868217
C179	J	0.09612403100775194	0.10310077519379846
C179	L	0.10400516795865637	0.10736434108527139
C179	N	0.10284237726098196	0.09651162790697677
C181	E	0.08549870801033593	0.08686304909560724
C181	G	0.10542635658914734	0.10096899224806205
C181	I	0.0358656330749354	0.033643410852713176
C181	J	0.10096899224806202	0.10135658914728682
C181	L	0.09147286821705426	0.09767441860465119
C181	N	0.10258397932816539	0.10258397932816542
C182	E	0.08331897789262131	0.08440999138673558
C182	G	0.10119802677942218	0.09499647639182526
C182	I	0.03556201550387597	0.03313953488372093
C182	J	0.09395348837209302	0.09395348837209302
C182	L	0.08899224806201551	0.09103875968992252
C182	N	0.09883720930232562	0.09894795127353272
C183	E	0.08331897789262131	0.08440999138673558
C183	G	0.10193798449612407	0.098062015503876
C183	I	0.03641061780596664	0.03396758280479211
C183	J	0.09395348837209302	0.09395348837209302
C183	L	0.09069767441860466	0.09197120708748618
C183	N	0.09883720930232562	0.09894795127353272
C185	E	0.08727770177838577	0.08736890104879161
C185	G	0.08992248062015504	0.08744186046511629
C185	I	0.03658076681332496	0.035533207626230884
C185	J	0.0944702842377261	0.09736434108527132
C185	L	0.09321705426356588	0.10213178294573648
C185	N	0.10714900947459091	0.09991386735572785
C186	E	0.08261933904528765	0.08278253773969808
C186	G	0.08491353607632678	0.08729874776386404
C186	I	0.03590371277029784	0.03416292669658643
C186	J	0.0912280701754386	0.09310485516115871
C186	L	0.09625322997416023	0.1040051679586564
C186	N	0.09982110912343474	0.09588550983899823
C187	E	0.07966843195947501	0.08138767365108604
C187	G	0.0915697674418605	0.09234496124031011
C187	I	0.03419233186675047	0.033605698721977786
C187	J	0.0884828349944629	0.08803986710963455
C187	L	0.08740310077519381	0.09263565891472873
C187	N	0.09932170542635661	0.09777131782945739
C189	E	0.08537467700258398	0.0855075673680325
C189	G	0.09178294573643413	0.08930232558139538
C189	I	0.03545558520777735	0.03428644046257466
C189	J	0.08843172331544426	0.08735837805605248
C189	L	0.08583509513742071	0.09203664552501765
C189	N	0.10093839249286007	0.09726642186862507
C190	E	0.0825986347333102	0.08200856184195304
C190	G	0.09243263196751574	0.09043927648578816
C190	I	0.0346374829001368	0.034236206110351115
C190	J	0.08588331293349653	0.08596491228070176
C190	L	0.08432385874246341	0.09052540913006034
C190	N	0.09523809523809525	0.09634551495016615
C191	E	0.08093656067077995	0.081421715973211
C191	G	0.08962432915921292	0.08843172331544429
C191	I	0.03350643486114247	0.03276887182960789
C191	J	0.08372093023255814	0.08509104020191095
C191	L	0.08305647840531563	0.08733850129198971
C191	N	0.09189570119802679	0.09560723514211888
C193	E	0.07998977766419628	0.07986767754209616
C193	G	0.0864925728638864	0.08616344030141616
C193	I	0.03211380164628786	0.0319731479261568
C193	J	0.08561046511627908	0.08474806201550387
C193	L	0.08773784355179705	0.09436222692036647
C193	N	0.09696382428940571	0.09730297157622741
C194	E	0.07913512948220193	0.07889459717374539
C194	G	0.08673099125845295	0.08644235526966851
C194	I	0.03301020949953731	0.03261882006705199
C194	J	0.08266013871889025	0.08184414524683803
C194	L	0.09045542635658917	0.09733527131782949
C194	N	0.09067992188886918	0.09244333984259427
C195	E	0.07900057659042861	0.07875712729835352
C195	G	0.08673379685127472	0.08607048669383845
C195	I	0.03307890312309364	0.03284083976848339
C195	J	0.08209035017375034	0.08154682348748107
C195	L	0.08951208390332879	0.09653442772457822
C195	N	0.0874909374825721	0.09025709664826281
C197	E	0.08054176465464681	0.08007142234996951
C197	G	0.08367394879022788	0.08043222926943858
C197	I	0.03127682747133064	0.03171247357293869
C197	J	0.08810631229235881	0.0901439645625692
C197	L	0.0910594315245478	0.09343669250645997
C197	N	0.09676758812344599	0.09723562966213253
C198	E	0.07711828454626095	0.07695630375255505
C198	G	0.08190476190476192	0.07902547065337764
C198	I	0.031184218818932376	0.031486733471985884
C198	J	0.08164275111331025	0.08312716476991588
C198	L	0.08510811913504693	0.08722970216238272
C198	N	0.09004174120453193	0.09225998807394159
C199	E	0.07651087529163844	0.07689470911417175
C199	G	0.07698898408812731	0.07413300693594453
C199	I	0.03102025506376594	0.031420355088772195
C199	J	0.08164275111331025	0.08312716476991588
C199	L	0.08482834994462901	0.08519748984865265
C199	N	0.0873089700996678	0.08990033222591363
C201	E	0.08250447227191413	0.08434108527131783
C201	G	0.0943152454780362	0.08966408268733851
C201	I	0.031209976407145266	0.030198854061341422
C201	J	0.10096899224806202	0.09844961240310077
C201	L	0.0917312661498708	0.09496124031007754
C201	N	0.10550018456995204	0.10557401255075675
C202	E	0.07991336069311446	0.08187414500683995
C202	G	0.0943152454780362	0.08966408268733851
C202	I	0.03133074935400517	0.030232558139534887
C202	J	0.09181739879414298	0.09043927648578812
C202	L	0.08609819121447028	0.09136950904392767
C202	N	0.098062015503876	0.09967700258397934
C203	E	0.07991336069311446	0.08187414500683995
C203	G	0.08660022148394242	0.08039867109634553
C203	I	0.03133074935400517	0.030232558139534887
C203	J	0.09181739879414298	0.09043927648578812
C203	L	0.08290013679890561	0.0868217054263566
C203	N	0.09531782945736436	0.09724031007751939
C205	E	0.08746010031919745	0.09119927040583675
C205	G	0.13178294573643418	0.13178294573643418
C205	I	0.030749354005167956	0.026098191214470285
C205	J	0.09612403100775194	0.10310077519379846
C205	L	0.1049095607235142	0.11653746770025845
C205	N	0.10353143841515938	0.09888027562446171
C206	E	0.08045695634434924	0.08453692370461037
C206	G	0.13178294573643418	0.13178294573643418
C206	I	0.03122923588039867	0.026799557032115173
C206	J	0.09612403100775194	0.10310077519379846
C206	L	0.09255813953488372	0.10000000000000005
C206	N	0.10353143841515938	0.09888027562446171
C207	E	0.08045695634434924	0.08453692370461037
C207	G	0.13178294573643418	0.13178294573643418
C207	I	0.03122923588039867	0.026799557032115173
C207	J	0.09612403100775194	0.10310077519379846
C207	L	0.09570119802677941	0.10049330514446796
C207	N	0.09612403100775196	0.0928682170542636
C209	E	0.08167723749119098	0.08374442095372328
C209	G	0.0943152454780362	0.08966408268733851
C209	I	0.031209976407145266	0.02992922143579373
C209	J	0.10096899224806202	0.10135658914728682
C209	L	0.09147286821705426	0.09767441860465119
C209	N	0.102190765082575	0.1012470508931581
C210	E	0.07991336069311446	0.08217054263565891
C210	G	0.0943152454780362	0.08966408268733851
C210	I	0.03133074935400517	0.029715762273901807
C210	J	0.09181739879414298	0.09302325581395349
C210	L	0.0842377260981912	0.0872093023255814
C210	N	0.09806201550387598	0.09754521963824292
C211	E	0.07991336069311446	0.08217054263565891
C211	G	0.08660022148394242	0.08039867109634553
C211	I	0.03133074935400517	0.029715762273901807
C211	J	0.09181739879414298	0.09302325581395349
C211	L	0.08562909958258796	0.08747763864042936
C211	N	0.09531782945736436	0.09519379844961243
C213	E	0.0874031007751938	0.0877906976744186
C213	G	0.08863049095607235	0.09095607235142118
C213	I	0.03217054263565891	0.031056201550387595
C213	J	0.09211886304909561	0.09496124031007752
C213	L	0.09321705426356588	0.10213178294573648
C213	N	0.10714900947459091	0.09767441860465116
C214	E	0.08205128205128205	0.08187239117471676
C214	G	0.09481216457960649	0.08968395945140131
C214	I	0.03234054127566979	0.03182374541003672
C214	J	0.09024887800897594	0.09318645450836394
C214	L	0.08785529715762275	0.09315245478036178
C214	N	0.10528541226215649	0.09992952783650458
C215	E	0.07814922480620155	0.079328165374677
C215	G	0.09156406748746014	0.08627450980392158
C215	I	0.03107146649676118	0.03136880110438568
C215	J	0.08471317829457364	0.08700775193798449
C215	L	0.0811046511627907	0.08449612403100777
C215	N	0.09058693244739759	0.09047619047619047
C217	E	0.08088342840427087	0.0824045634050022
C217	G	0.08692506459948322	0.08372093023255815
C217	I	0.03268118616955826	0.03329641934293097
C217	J	0.08615725359911407	0.08755998523440384
C217	L	0.08583509513742071	0.09203664552501765
C217	N	0.10144927536231886	0.10246039770812271
C218	E	0.07743324720068906	0.07877445551864157
C218	G	0.08866740494647474	0.08881506090808419
C218	I	0.032217810550198525	0.03214218188693515
C218	J	0.08541666666666667	0.08817829457364341
C218	L	0.08062015503875969	0.08508891928864572
C218	N	0.09952295766249256	0.10035778175313062
C219	E	0.0762366850705482	0.07813284256315878
C219	G	0.08552971576227392	0.08617571059431528
C219	I	0.03096259501768646	0.03139911191390081
C219	J	0.08306813545491636	0.08445532435740515
C219	L	0.07813953488372093	0.08255813953488374
C219	N	0.09194268264035707	0.09546629081512804
C221	E	0.07731610006219755	0.07723114731716198
C221	G	0.08412013182936455	0.08357239010351393
C221	I	0.031048021745696163	0.030910433236014632
C221	J	0.0828752642706131	0.08167181655553749
C221	L	0.08608342561830935	0.09294942783314877
C221	N	0.0946080964685616	0.0932127476313523
C222	E	0.0760742479197781	0.07611691913804139
C222	G	0.08284147060156855	0.08222494220046242
C222	I	0.03094520976316266	0.030774041705755525
C222	J	0.08009651419477386	0.07905949997433133
C222	L	0.0851109329056402	0.09329056402031544
C222	N	0.08768158426161164	0.0874340433847958
C223	E	0.07585905567300916	0.07585059901338971
C223	G	0.08250405624661981	0.08196322336398056
C223	I	0.03094520976316266	0.030774041705755525
C223	J	0.07958656330749353	0.07858337133302934
C223	L	0.08387596899224807	0.09379844961240312
C223	N	0.08337364341085272	0.0848496124031008
C225	E	0.06748383846864243	0.06828981613634455
C225	G	0.10302694721299377	0.10712440014765601
C225	I	0.04362781657513504	0.04386738083937894
C225	J	0.04259909316951879	0.04223709229194091
C225	N	0.055198443805707986	0.0542345324158755
C226	E	0.06626481034974463	0.06696741074900833
C226	G	0.09374677002583982	0.09558139534883724
C226	I	0.04443152454780362	0.04294142980189492
C226	J	0.04256518675123326	0.04188796644837484
C226	L	0.11627906976744186	0.08992248062015504
C226	N	0.0535233808452113	0.05281820455113778
C227	E	0.06520747834017328	0.06650960125652329
C227	G	0.08570451436388513	0.09067487460100321
C227	I	0.04483873011849693	0.04280252624464018
C227	J	0.04203534614673191	0.0415678756999445
C227	L	0.10930232558139547	0.10542635658914729
C227	N	0.05439356733593336	0.05226539554143194
C229	E	0.07075291089978973	0.0730125851300882
C229	G	0.10501291989664088	0.10888888888888894
C229	I	0.04533245987553226	0.045185063871601705
C229	J	0.04401349506811919	0.04326663061114116
C229	N	0.06058354866494401	0.05900086132644273
C230	E	0.07011825949188027	0.0721382900469643
C230	G	0.0953660637381568	0.09798449612403104
C230	I	0.045771442860715175	0.044256064016004
C230	J	0.0433779657035471	0.04271082922245713
C230	N	0.05816689466484268	0.05699954400364797
C231	E	0.0701350595380804	0.0720477370201657
C231	G	0.08772374911909799	0.09234672304439749
C231	I	0.0469234496124031	0.04400193798449613
C231	J	0.043039122353687835	0.042245795366970394
C231	L	0.10930232558139547	0.10542635658914729
C231	N	0.05897569898092501	0.05685044856719798
C233	E	0.0731168641216908	0.07787041099897617
C233	G	0.1059431524547804	0.11173126614987085
C233	I	0.048489708634055065	0.04779470729751403
C233	J	0.046735780330624824	0.045493602316241714
C233	N	0.05800664451827242	0.056522702104097454
C234	E	0.0727547740593685	0.07675048843511692
C234	G	0.0982945736434109	0.1037209302325582
C234	I	0.04922081035722848	0.04719092144170063
C234	J	0.04581145286321581	0.044786196549137285
C234	N	0.05947217141363993	0.058461806462851665
C235	E	0.0713409695707509	0.07510123799606619
C235	G	0.08382785351510294	0.08826516974071108
C235	I	0.04998689285848032	0.04688611766468187
C235	J	0.04652794777641779	0.0451733986128111
C235	N	0.059208486332109345	0.05821297429620564
C237	E	0.0724848484848485	0.07440732910500353
C237	G	0.10185685956372818	0.10380385794122955
C237	I	0.04842558348482	0.04809544704235358
C237	J	0.0460439132129401	0.04518643627387294
C237	N	0.062294225241703687	0.06056092674854107
C238	E	0.07163841807909606	0.07381947181710682
C238	G	0.09307963354474987	0.09434813248766742
C238	I	0.04897515105593441	0.047910473859066265
C238	J	0.045326037391700866	0.04464204286365709
C238	L	0.11782945736434108	0.13798449612403113
C238	N	0.06250189998480012	0.06116431068551452
C239	E	0.07200182398540812	0.0740588741956731
C239	G	0.08650678294573647	0.08737887596899228
C239	I	0.0498246811091526	0.04816815450806467
C239	J	0.0449652883194689	0.044633351549375595
C239	L	0.12635658914728698	0.11627906976744189
C239	N	0.06279433708192307	0.06117116133493468
C241	E	0.07159392587872997	0.07416374641605607
C241	G	0.1117140396210164	0.11403962101636525
C241	I	0.04729627528833428	0.047050482132728305
C241	J	0.044851702055948774	0.04348668688911358
C241	N	0.05645796064400716	0.05815146094215862
C242	E	0.0689997742153985	0.07055768796568075
C242	G	0.1009100101112235	0.10448264239973042
C242	I	0.0466838931955211	0.04586358229769083
C242	J	0.04331174117730346	0.042681674984956286
C242	L	0.11782945736434108	0.13798449612403113
C242	N	0.05768992248062016	0.058108527131782946
C243	E	0.0671132803777076	0.06869556895396689
C243	G	0.09253875968992252	0.09433139534883724
C243	I	0.04589732338745064	0.04457364341085271
C243	J	0.043037974683544304	0.04231184378373074
C243	L	0.11782945736434108	0.13798449612403113
C243	N	0.05472994264826369	0.056280330245162914
C245	E	0.06952553741272198	0.07072956182307989
C245	G	0.10981912144702848	0.11085271317829462
C245	I	0.04625420506069913	0.045879771829749894
C245	J	0.04406557720511209	0.04331133459040436
C245	N	0.0598750433877126	0.059030429249103324
C246	E	0.06751355468925035	0.06821705426356589
C246	G	0.09724806201550393	0.09922480620155043
C246	I	0.04594441293250142	0.04522053858412338
C246	J	0.043236493013830965	0.04293961028250984
C246	L	0.11782945736434108	0.13798449612403113
C246	N	0.05754461871281774	0.058301784748512706
C247	E	0.06695315133131109	0.06749241658240647
C247	G	0.09289130793336636	0.09421078673923804
C247	I	0.04549870801033592	0.04464599483204134
C247	J	0.04306985837368433	0.04266066516629158
C247	L	0.09224806201550387	0.11395348837209308
C247	N	0.056585045732332556	0.05724129445059677
C249	E	0.06278065196644733	0.06316908600800308
C249	G	0.10743116813686186	0.10652232023523125
C249	I	0.04165806464670998	0.041621632562187545
C249	J	0.03879453009319746	0.03872484975176378
C249	N	0.048852678801629454	0.04933395211330549
C250	E	0.0627431051311215	0.06251885552033169
C250	G	0.09654305468258959	0.10077519379844965
C250	I	0.04173581083713139	0.041061898640489265
C250	J	0.03811480887463245	0.03814153969526865
C250	L	0.09689922480620156	0.1279069767441861
C250	N	0.04894841173910941	0.04865187190768586
C251	E	0.06262321753277826	0.062246785976329475
C251	G	0.0917748917748918	0.09924494110540626
C251	I	0.041748898763152326	0.040941004481889705
C251	J	0.03835872761293772	0.03814153969526865
C251	L	0.09457364341085271	0.12351421188630496
C251	N	0.04874545166903971	0.04849549121974371
C253	E	0.06429636255217651	0.06498509242695288
C253	G	0.10017889087656533	0.10502882130789111
C253	I	0.0415570253419624	0.04181305265154209
C253	J	0.040517307544707955	0.039991557295264414
C253	N	0.05309621523027816	0.05246390028879769
C254	E	0.06287806298622955	0.06382105365339545
C254	G	0.09119601328903656	0.0945182724252492
C254	I	0.04257672605285824	0.041017271861825105
C254	J	0.04045429962141698	0.03956733369388859
C254	L	0.11627906976744186	0.08992248062015504
C254	N	0.05092788348602302	0.05095398428731762
C255	E	0.062260732142613864	0.06340785547880819
C255	G	0.0856158484065461	0.0906607604282023
C255	I	0.042780035983207836	0.04090979764998556
C255	J	0.03990838618745595	0.0392847075405215
C255	L	0.10930232558139547	0.10542635658914729
C255	N	0.05083056478405315	0.05028188865398168
C257	E	0.06534385890050494	0.0674916435530901
C257	G	0.10232558139534888	0.10726385300028715
C257	I	0.0429209532866488	0.0428229734013429
C257	J	0.04120941267345306	0.040111451350382084
C257	N	0.05737599813487206	0.05586058168677508
C258	E	0.06335961672821638	0.06586152976012244
C258	G	0.0934013991302704	0.09676687464549066
C258	I	0.043379104161705956	0.04198745932216843
C258	J	0.04050074007174933	0.03953739243872457
C258	N	0.05424356089022256	0.053533383345836454
C259	E	0.06328880092363516	0.06578261586673265
C259	G	0.08875177978168014	0.09144122765385225
C259	I	0.04391909235587042	0.041886133785101906
C259	J	0.040095558480815176	0.039135098239968795
C259	L	0.10930232558139547	0.10542635658914729
C259	N	0.05412705377602262	0.05346399492955
C261	E	0.0641313269493844	0.06869129046967624
C261	G	0.1059431524547804	0.11173126614987085
C261	I	0.04497099117546682	0.04396665204036858
C261	J	0.04234234234234234	0.04068719882673371
C261	N	0.054287418008348236	0.053285629099582586
C262	E	0.061459386585776876	0.06585776879002359
C262	G	0.1020807833537332	0.1053447572419421
C262	I	0.04572329523058731	0.04369114877589454
C262	J	0.04096237474002647	0.03953488372093023
C262	N	0.053780328198932845	0.05267290848686198
C263	E	0.06121530382595649	0.06553304992914896
C263	G	0.08586762075134172	0.08825283243887899
C263	I	0.04582162024022489	0.04383678337166709
C263	J	0.04096237474002647	0.03953488372093023
C263	N	0.053548002385211686	0.05255416418207116
C265	E	0.06475475371084924	0.06655542809469184
C265	G	0.09870801033591735	0.10077519379844965
C265	I	0.04452288667404947	0.044107604282022886
C265	J	0.041119399346692016	0.040129686509677735
C265	N	0.055691554467564255	0.053875968992248065
C266	E	0.06339362618432386	0.06551381435102366
C266	G	0.09097806366485241	0.09249546429160485
C266	I	0.04467027120925889	0.04403621913881832
C266	J	0.040568475452196384	0.039511392999765096
C266	L	0.11782945736434108	0.13798449612403113
C266	N	0.0542542262071542	0.05252638460820024
C267	E	0.06328880092363516	0.06538677222497113
C267	G	0.08424747696358054	0.0853005704256253
C267	I	0.04480145105914362	0.044227073481462285
C267	J	0.04052956010086859	0.03944148687774353
C267	L	0.11214470284237733	0.1162790697674419
C267	N	0.05405932321403704	0.05232326045583253
C269	E	0.06643697961527419	0.06869939707149009
C269	G	0.10645994832041347	0.11248923341946604
C269	I	0.04462333532100974	0.043937586960842774
C269	J	0.04133755332324206	0.040566946470345394
C269	N	0.05332393704486728	0.05407564012215175
C270	E	0.06393503137689184	0.06586276198679299
C270	G	0.09726996966632964	0.10171890798786656
C270	I	0.043575418994413403	0.04322030228227448
C270	J	0.040271123057146196	0.039554360952047056
C270	L	0.11782945736434108	0.13798449612403113
C270	N	0.04973434369828412	0.051441512063409106
C271	E	0.06413277328142608	0.06532117610900523
C271	G	0.08933440256615881	0.09323710237904308
C271	I	0.04310700790775584	0.04225000973861556
C271	J	0.04006987662408559	0.039669541798595186
C271	L	0.11782945736434108	0.13798449612403113
C271	N	0.0481844145246838	0.05075479396164831
C273	E	0.06486290833408741	0.06604530510059421
C273	G	0.10816935002981519	0.10983899821109129
C273	I	0.04415780058374918	0.043592882026174555
C273	J	0.041152048311703396	0.040519118543680864
C273	N	0.05245061265316329	0.0518754688672168
C274	E	0.06331487633813215	0.06446167097329888
C274	G	0.09707149009474596	0.10116279069767446
C274	I	0.04378548168640673	0.04280568283334774
C274	J	0.0405235735163299	0.040096581522429786
C274	L	0.11782945736434108	0.13798449612403113
C274	N	0.049472368092023	0.04974243560890223
C275	E	0.06262277735606009	0.06375911485289719
C275	G	0.08992248062015508	0.09238900634249475
C275	I	0.043438244720190644	0.042326129235489084
C275	J	0.04024160614286063	0.03996282982417529
C275	L	0.11782945736434108	0.13798449612403113
C275	N	0.04956733369388859	0.05064899945916712
C277	E	0.06117867652803459	0.06162834101582507
C277	G	0.10323241187655409	0.10408073716542347
C277	I	0.040570542635658915	0.04061188630490956
C277	J	0.03823935435913773	0.03810838554387455
C277	N	0.04611234015000269	0.046439684166981424
C278	E	0.06032097213492563	0.060957888120678816
C278	G	0.09432648017076735	0.09801145938658581
C278	I	0.04052131284749208	0.040031087463382554
C278	J	0.0374235006119951	0.03759349925200598
C278	L	0.09689922480620156	0.1279069767441861
C278	N	0.04609616456401682	0.045501680431000995
C279	E	0.059941135016374415	0.06069394353936077
C279	G	0.08968561584840656	0.09649009474590874
C279	I	0.04056191712902845	0.03992051312320466
C279	J	0.03747450020399837	0.03759349925200598
C279	L	0.09457364341085271	0.12351421188630496
C279	N	0.04603127277545883	0.04539852911945935
C281	E	0.08180635762967588	0.08065137089641539
C281	G	0.08584131326949387	0.08633150934792524
C281	I	0.03591391268869849	0.036464708282333745
C281	J	0.08841979725700656	0.08861061419200955
C281	L	0.10655391120507401	0.1035940803382664
C281	N	0.10927559476075921	0.10783213044640477
C282	E	0.07918968692449356	0.07813610861278857
C282	G	0.08135306553911208	0.08242424242424246
C282	I	0.036035309405386025	0.03659093964242506
C282	J	0.0862377932145374	0.08770764119601329
C282	L	0.10193798449612405	0.10687984496124033
C282	N	0.10398941198714316	0.10402722631877487
C283	E	0.07820561697801501	0.07764646079552676
C283	G	0.08202547712951633	0.0832766671199964
C283	I	0.03594474037503789	0.03653371443419514
C283	J	0.08417470221213841	0.08698241633579128
C283	L	0.10068399452804379	0.10405836753305975
C283	N	0.10583241048357331	0.10365448504983393
C285	E	0.08089700996677741	0.08067552602436323
C285	G	0.08062015503875972	0.08211312087281082
C285	I	0.03400377121307354	0.03605698721977792
C285	J	0.08875968992248062	0.08621608527131783
C285	L	0.10174418604651164	0.10058139534883723
C285	N	0.10515672396359962	0.1041456016177958
C286	E	0.07869441044471645	0.07809057527539781
C286	G	0.08138264074215278	0.08260261786758168
C286	I	0.0346922024623803	0.03662562699498404
C286	J	0.0870874861572536	0.08538205980066445
C286	L	0.10180878552971578	0.10697674418604652
C286	N	0.10269037847697221	0.09945280437756501
C287	E	0.07887596899224807	0.07848837209302327
C287	G	0.08376937984496127	0.08544089147286826
C287	I	0.034672304439746296	0.03636363636363637
C287	J	0.08390949088623507	0.08288288288288288
C287	L	0.1001937984496124	0.10687984496124033
C287	N	0.10269037847697221	0.10068399452804382
C289	E	0.0781223083548665	0.0785099052540913
C289	G	0.09054263565891477	0.09308527131782952
C289	I	0.03553965414430531	0.03887895050685748
C289	J	0.08917401764234163	0.08650093557872227
C289	L	0.11976744186046516	0.1162790697674419
C289	N	0.1052713178294574	0.10015503875968998
C290	E	0.07692307692307693	0.07692307692307693
C290	G	0.08934826299167388	0.09158771174275057
C290	I	0.03736434108527132	0.04036175710594315
C290	J	0.08822674418604652	0.08604651162790698
C290	L	0.11395348837209304	0.11841085271317833
C290	N	0.099582587954681	0.09314251639833039
C291	E	0.07692307692307693	0.07692307692307693
C291	G	0.09302325581395354	0.09548249131248336
C291	I	0.038559639909977496	0.04126031507876969
C291	J	0.08550622504110877	0.08395583744420955
C291	L	0.11224806201550389	0.11395348837209304
C291	N	0.099582587954681	0.09314251639833039
C293	E	0.07932254802831143	0.08045163464779238
C293	G	0.07909745293466226	0.07934662236987822
C293	I	0.03467054263565891	0.036899224806201544
C293	J	0.0867077063383493	0.08540811673506611
C293	L	0.10372093023255816	0.10573643410852718
C293	N	0.10852713178294576	0.10875681883433827
C294	E	0.07887596899224807	0.07965116279069769
C294	G	0.08187046761690425	0.08177044261065271
C294	I	0.03470754052149401	0.036592670894996474
C294	J	0.08508017415312732	0.08459169586917277
C294	L	0.10478796169630644	0.10752393980848156
C294	N	0.10170542635658916	0.1034772978959026
C295	E	0.07887596899224807	0.07965116279069769
C295	G	0.08383838383838386	0.0843786704251821
C295	I	0.035525548053680085	0.03659248145369676
C295	J	0.08328682170542637	0.08310077519379845
C295	L	0.10821705426356591	0.1074418604651163
C295	N	0.10170542635658916	0.10467331118493914
C297	E	0.08235658914728682	0.08353488372093024
C297	G	0.0845665961945032	0.08503641061780601
C297	I	0.0333702473237357	0.03684016242155777
C297	J	0.08812067881835324	0.08698931489629165
C297	L	0.09488372093023256	0.09891472868217054
C297	N	0.12093023255813959	0.11765719207579685
C298	E	0.07782945736434108	0.0796234772978959
C298	G	0.08165374677002586	0.08128894968840251
C298	I	0.035963909010039395	0.037844707078408944
C298	J	0.08477519379844961	0.08604651162790698
C298	L	0.1037037037037037	0.10801033591731268
C298	N	0.11143410852713183	0.10949612403100784
C299	E	0.07729789590254706	0.07786167321051042
C299	G	0.08172115492641278	0.08417031794180432
C299	I	0.035336756266988824	0.03678646934460888
C299	J	0.08367248062015505	0.08684593023255814
C299	L	0.10361757105943152	0.10529715762273904
C299	N	0.10795593635250922	0.10820073439412493
C301	E	0.08114341085271318	0.08108527131782946
C301	G	0.08236434108527135	0.0820009689922481
C301	I	0.035679314565483476	0.03643410852713178
C301	J	0.08757409940720474	0.08704970360237119
C301	L	0.10581395348837211	0.11046511627906981
C301	N	0.11269379844961244	0.1088178294573644
C302	E	0.07756684068976427	0.07740863787375415
C302	G	0.0817091177556294	0.0835917312661499
C302	I	0.0364421002157756	0.037544953248621435
C302	J	0.08544551868304155	0.08668234474348925
C302	L	0.10839793281653748	0.11214470284237728
C302	N	0.10736434108527136	0.10613695090439283
C303	E	0.0762250195576417	0.07757627480264562
C303	G	0.08201233981964881	0.084780889099826
C303	I	0.034634805490363414	0.03715240736789702
C303	J	0.08293023255813954	0.08513178294573644
C303	L	0.10348837209302326	0.1109496124031008
C303	N	0.10548598688133574	0.10506857483601675
C305	E	0.0770870602265951	0.07661747167561121
C305	G	0.08137931034482762	0.08069500133654106
C305	I	0.03434704830053668	0.03472754635545333
C305	J	0.08298697014679202	0.08215404915058551
C305	L	0.10121816168327799	0.09147286821705426
C305	N	0.09462901439645628	0.10116279069767445
C306	E	0.07331024245423058	0.07462972126010227
C306	G	0.07874505499531227	0.07809105668747572
C306	I	0.034704830053667264	0.034506062413039156
C306	J	0.08008376501708366	0.07959880965502039
C306	L	0.10431893687707645	0.09147286821705426
C306	N	0.08841515934539193	0.09612403100775198
C307	E	0.07173254218904519	0.07358279899192904
C307	G	0.07797304439746303	0.07695119802677944
C307	I	0.03449612403100775	0.034213800363671165
C307	J	0.07942865345966121	0.07927074361182888
C307	L	0.10631229235880402	0.09147286821705426
C307	N	0.07821297429620563	0.0929416564667483
C309	E	0.07861377108983128	0.07782717738258094
C309	G	0.07919789864821579	0.07986418092126338
C309	I	0.033726389343814826	0.03473086581504531
C309	J	0.08615725359911407	0.08660022148394242
C309	L	0.10655391120507401	0.1035940803382664
C309	N	0.10836101882613515	0.1062569213732005
C310	E	0.07609114399812075	0.0752266854592436
C310	G	0.07468408197939896	0.0757566103854731
C310	I	0.03344689675603614	0.03450353034118402
C310	J	0.08326688815060908	0.08564784053156146
C310	L	0.10015503875968994	0.10480620155038761
C310	N	0.1031604054859869	0.10407473663287621
C311	E	0.0747046880767811	0.07436323366555925
C311	G	0.07467873679829355	0.07560480724207899
C311	I	0.03329962925513987	0.03412778660503635
C311	J	0.08160773069979824	0.08503769778060954
C311	L	0.09961240310077521	0.10193798449612404
C311	N	0.10248062015503878	0.1036821705426357
C313	E	0.07920714355804141	0.07875576489058973
C313	G	0.07525839793281655	0.0748062015503876
C313	I	0.031973935512863726	0.03404111897539602
C313	J	0.08513037350246654	0.08349541930937279
C313	L	0.10174418604651164	0.10058139534883723
C313	N	0.10515672396359962	0.1041456016177958
C314	E	0.07688840814854876	0.07586082567153415
C314	G	0.07311141510867913	0.07250341997264023
C314	I	0.031925744594043244	0.033598531211750306
C314	J	0.08229974160206718	0.08180878552971577
C314	L	0.09988925802879291	0.10476190476190476
C314	N	0.10342585646411606	0.10082520630157543
C315	E	0.07688840814854876	0.07586082567153415
C315	G	0.07311141510867913	0.07250341997264023
C315	I	0.03142516398330352	0.033114688928642416
C315	J	0.07998031253845207	0.08012796850006153
C315	L	0.09943152454780362	0.10480620155038761
C315	N	0.10237403100775196	0.10067829457364345
C317	E	0.07774737802097582	0.07884176926584588
C317	G	0.08232558139534886	0.08108527131782947
C317	I	0.03352713178294574	0.03656330749354005
C317	J	0.08514211886304911	0.08365633074935401
C317	L	0.11976744186046516	0.1162790697674419
C317	N	0.1052713178294574	0.10015503875968998
C318	E	0.07636766334440753	0.07707641196013289
C318	G	0.08017718715393135	0.07877445551864158
C318	I	0.032992248062015506	0.0355968992248062
C318	J	0.08157423971377459	0.08115682766845557
C318	L	0.11295681063122923	0.11561461794019935
C318	N	0.099582587954681	0.09314251639833039
C319	E	0.07636766334440753	0.07707641196013289
C319	G	0.08017718715393135	0.07877445551864158
C319	I	0.032992248062015506	0.0355968992248062
C319	J	0.08103756708407871	0.08115682766845557
C319	L	0.1096124031007752	0.11023255813953489
C319	N	0.099582587954681	0.09314251639833039
C321	E	0.07733480989294943	0.07783314876338132
C321	G	0.07376744186046513	0.07088372093023257
C321	I	0.03251566316236593	0.03466071997451418
C321	J	0.08301143082380764	0.08274865326501116
C321	L	0.10372093023255816	0.10573643410852718
C321	N	0.10852713178294576	0.10875681883433827
C322	E	0.07688840814854876	0.07705065801334054
C322	G	0.07311141510867913	0.06998024015807874
C322	I	0.03171247357293869	0.03356488472767542
C322	J	0.08020179648086624	0.08106312292358804
C322	L	0.10329457364341085	0.10562015503875971
C322	N	0.10232558139534886	0.10295542635658919
C323	E	0.07688840814854876	0.07705065801334054
C323	G	0.07311141510867913	0.06998024015807874
C323	I	0.03142516398330352	0.033373086861458956
C323	J	0.07931201550387597	0.08042635658914729
C323	L	0.10461036311709508	0.10583435332517342
C323	N	0.10133897110641299	0.10274841437632139
C325	E	0.08045865633074935	0.08162144702842376
C325	G	0.07766472868217056	0.07679263565891474
C325	I	0.033747971876690104	0.035154137371552194
C325	J	0.08137439765346742	0.07994971715901948
C325	L	0.10387596899224806	0.11524547803617573
C325	N	0.11763565891472873	0.11724806201550397
C326	E	0.07785529715762274	0.07891472868217055
C326	G	0.07925216598267215	0.0796169630642955
C326	I	0.03332019445539351	0.03434502693469978
C326	J	0.078843669250646	0.08149224806201551
C326	L	0.10717054263565891	0.11259689922480622
C326	N	0.11201550387596904	0.11124031007751946
C327	E	0.07677604332589998	0.07773176170755018
C327	G	0.07875484496124033	0.08132267441860466
C327	I	0.03226482296249738	0.033836161743138485
C327	J	0.07962160031533308	0.082985153067928
C327	L	0.10682170542635658	0.11333333333333336
C327	N	0.10910852713178298	0.1084302325581396
C329	E	0.08159632500717771	0.08123265384247297
C329	G	0.07777777777777779	0.07763683345078695
C329	I	0.03459812321501428	0.036066911464708286
C329	J	0.08467501490757305	0.08460345855694694
C329	L	0.10060292850990528	0.1088716623600345
C329	N	0.10971272229822164	0.10560875512995901
C330	E	0.07824509318819066	0.07829457364341086
C330	G	0.07702172456694421	0.07711742750502441
C330	I	0.033979328165374675	0.03485142118863049
C330	J	0.0818280151433207	0.08505498467640166
C330	L	0.1078811369509044	0.11059431524547807
C330	N	0.10529715762273906	0.10167958656330754
C331	E	0.07602749744039783	0.0781483106625713
C331	G	0.07528355773153815	0.07688290493676052
C331	I	0.03290917068889864	0.03483984203598069
C331	J	0.08065279477764177	0.08406364749082007
C331	L	0.10253229974160208	0.1081136950904393
C331	N	0.10348837209302329	0.10167958656330754
C333	E	0.07541860465116279	0.07529457364341086
C333	G	0.07625566769050754	0.0756530642094486
C333	I	0.03382875794136504	0.03412018418138369
C333	J	0.08040240397177946	0.08029788345962895
C333	L	0.10121816168327799	0.09147286821705426
C333	N	0.09230769230769234	0.0982707215265355
C334	E	0.07100636766334441	0.0731796788482835
C334	G	0.0744235421912803	0.073939663259764
C334	I	0.03348734534627034	0.03383130550849633
C334	J	0.07678373675051416	0.07691029900332226
C334	L	0.10431893687707645	0.09147286821705426
C334	N	0.0862745098039216	0.09361605107159146
C335	E	0.06953924628343233	0.07238497936172354
C335	G	0.07355038759689923	0.07300655933214074
C335	I	0.03336040359296173	0.033537590746893074
C335	J	0.07645736434108527	0.07638759689922481
C335	L	0.10631229235880402	0.09147286821705426
C335	N	0.07532299741602068	0.09039621016365205
C337	E	0.07421460628314974	0.07543859649122808
C337	G	0.11550387596899225	0.15038759689922504
C337	I	0.04318936877076412	0.04577334809892949
C337	J	0.04347729789590255	0.04186046511627907
C337	N	0.06131782945736434	0.05875968992248063
C338	E	0.06971106412966879	0.07340380549682876
C338	G	0.12310077519379854	0.13271317829457377
C338	I	0.040310077519379844	0.04008859357696567
C338	J	0.04289405684754522	0.041232927279438905
C338	N	0.05351337834458615	0.054313578394598654
C339	E	0.06933810375670843	0.0729397734048897
C339	G	0.10675526024363237	0.12757475083056488
C339	I	0.03807903195311023	0.03754963131026659
C339	J	0.04339381548683874	0.041076752704659686
C339	N	0.05523809523809524	0.05514950166112957
C341	E	0.07941429801894921	0.08130921619293714
C341	G	0.11550387596899225	0.15038759689922504
C341	I	0.049147286821705424	0.052248062015503874
C341	J	0.04397163120567375	0.044730331519049975
C341	N	0.060009119927040576	0.06146830825353398
C342	E	0.07142475273990913	0.07500668270515908
C342	G	0.11834625322997423	0.143669250645995
C342	I	0.05165238678090575	0.049367605059159526
C342	J	0.04351777599572307	0.04287623630045442
C342	N	0.05028648466464442	0.054870239298955174
C343	E	0.07387140902872778	0.07888736890104882
C343	G	0.09974160206718347	0.12764857881136962
C343	I	0.04612403100775194	0.04457364341085271
C343	J	0.04526661968522434	0.042071881606765324
C343	N	0.05557543231961837	0.05718545020870602
C345	E	0.08305647840531563	0.09058693244739764
C345	G	0.11550387596899225	0.15038759689922504
C345	I	0.0524547803617571	0.05219638242894057
C345	J	0.04576316492916332	0.04768778401496926
C345	N	0.04790697674418605	0.04697674418604651
C346	E	0.06677002583979329	0.07142118863049099
C346	G	0.11834625322997423	0.143669250645995
C346	I	0.05426356589147287	0.04865831842576029
C346	J	0.046192430460556315	0.045918832649338805
C346	N	0.046304909560723514	0.05281653746770026
C347	E	0.07095303237574101	0.07104423164614686
C347	G	0.09767441860465116	0.13581395348837222
C347	I	0.05368217054263566	0.04893410852713178
C347	J	0.047872943845717525	0.04488561164681414
C347	N	0.05214198286413709	0.05124439004487964
C349	E	0.07460465116279072	0.07919379844961244
C349	G	0.12299741602067188	0.15193798449612428
C349	I	0.048470012239902084	0.054181966544267636
C349	J	0.047766703580657065	0.049218653869816664
C349	N	0.06019548365352207	0.06134142231209977
C350	E	0.07260981912144704	0.07510766580534026
C350	G	0.12651162790697684	0.14170542635658928
C350	I	0.05259391771019677	0.052892069171138936
C350	J	0.04659776055124892	0.04674849267872524
C350	N	0.05513565891472868	0.059544573643410856
C351	E	0.07356589147286823	0.07511627906976746
C351	G	0.10062015503875969	0.1232558139534885
C351	I	0.051585623678646934	0.049753347427766034
C351	J	0.046435065556512584	0.046205378505120104
C351	N	0.05417743324720069	0.05766580534022395
C353	E	0.07709654686398874	0.08386187455954905
C353	G	0.10697674418604651	0.13178294573643418
C353	I	0.047545219638242896	0.053746770025839795
C353	J	0.04508694741252881	0.047936308401424675
C353	N	0.049147286821705424	0.04837209302325581
C354	E	0.06813545491636068	0.07417380660954716
C354	G	0.10387596899224806	0.13100775193798456
C354	I	0.050880902043692736	0.05017618040873855
C354	J	0.045562411010915994	0.04698623635500712
C354	N	0.044505243958048335	0.048426812585499315
C355	E	0.06873385012919898	0.07327016939420043
C355	G	0.12054263565891482	0.12286821705426364
C355	I	0.050473729543496985	0.05116279069767442
C355	J	0.04595791805094131	0.046622369878183835
C355	N	0.048726467331118496	0.0510889627168697
C357	E	0.07685492801771873	0.08047249907715028
C357	G	0.11550387596899225	0.15038759689922504
C357	I	0.04909560723514212	0.05426356589147287
C357	J	0.04759397396518941	0.04724294281117449
C357	N	0.05684754521963824	0.05436692506459948
C358	E	0.06999544003647973	0.07336981304149569
C358	G	0.11059431524547803	0.143669250645995
C358	I	0.04696762425900593	0.04824441404468764
C358	J	0.04929783170430289	0.048106954274800585
C358	N	0.05068574836016696	0.05163983303518187
C359	E	0.06875788714620516	0.07276005047773573
C359	G	0.12124031007751945	0.1320930232558141
C359	I	0.04657622739018088	0.04954780361757106
C359	J	0.04786066646531763	0.047055270311084266
C359	N	0.051576227390180876	0.05291989664082687
C361	E	0.06841710427606901	0.07031757939484871
C361	G	0.11666666666666672	0.1213178294573644
C361	I	0.03694199411921946	0.03897353648757017
C361	J	0.04131682271217155	0.042303433001107414
C361	N	0.05376522702104097	0.05254706533776301
C362	E	0.06681952178185392	0.0680860355934054
C362	G	0.10439276485788114	0.11266149870801039
C362	I	0.03762525997352997	0.03762525997352997
C362	J	0.04218496484586263	0.04245538128718226
C362	N	0.04860284838651523	0.04809807102938525
C363	E	0.06781435618644922	0.06859961743682674
C363	G	0.09767441860465122	0.09811738648947954
C363	I	0.0374256354786371	0.03771407968271137
C363	J	0.04163143058491896	0.04326990838618746
C363	N	0.04711830131445906	0.04661274014155713
C365	E	0.06870431893687708	0.0702547065337763
C365	G	0.11550387596899225	0.15038759689922504
C365	I	0.04318936877076412	0.04577334809892949
C365	J	0.04151336341548073	0.03966215434455629
C365	N	0.056503014642549525	0.05107665805340224
C366	E	0.0650250797993616	0.06928104575163399
C366	G	0.12310077519379854	0.13271317829457377
C366	I	0.040310077519379844	0.04008859357696567
C366	J	0.04210929275528758	0.03939132931380993
C366	N	0.04950547981823042	0.049238171611868484
C367	E	0.06330749354005168	0.06852713178294573
C367	G	0.11136950904392769	0.12506459948320423
C367	I	0.0378521459633201	0.03754963131026659
C367	J	0.041666666666666664	0.03937632135306554
C367	N	0.05182053089029833	0.0507399577167019
C369	E	0.0675968992248062	0.07038759689922482
C369	G	0.11550387596899225	0.15038759689922504
C369	I	0.049147286821705424	0.052248062015503874
C369	J	0.04115574348132488	0.041578576462297394
C369	N	0.05405684754521964	0.05260981912144703
C370	E	0.0639236732259988	0.06946929039952296
C370	G	0.11834625322997423	0.143669250645995
C370	I	0.05165238678090575	0.049367605059159526
C370	J	0.04124031007751938	0.04025369978858351
C370	N	0.04473975636766334	0.04791435954226652
C371	E	0.06351052048726467	0.06904761904761905
C371	G	0.10387596899224807	0.1246511627906978
C371	I	0.04612403100775194	0.04457364341085271
C371	J	0.04240187030884705	0.039744062999876956
C371	N	0.05019379844961241	0.05129198966408269
C373	E	0.07416020671834625	0.07803617571059433
C373	G	0.11550387596899225	0.15038759689922504
C373	I	0.0524547803617571	0.05219638242894057
C373	J	0.041204531902206326	0.04269528920691711
C373	N	0.04790697674418605	0.04697674418604651
C374	E	0.056410256410256404	0.060703637447823505
C374	G	0.11834625322997423	0.143669250645995
C374	I	0.05426356589147287	0.04865831842576029
C374	J	0.042810702675668916	0.04156039009752438
C374	N	0.040753045404208196	0.047619047619047616
C375	E	0.056410256410256404	0.060703637447823505
C375	G	0.10232558139534884	0.13410852713178306
C375	I	0.05368217054263566	0.04893410852713178
C375	J	0.04394124847001224	0.041248470012239906
C375	N	0.04814814814814815	0.047114556416881996
C377	E	0.06275378368401624	0.06718346253229975
C377	G	0.11550387596899225	0.15038759689922504
C377	I	0.04926787252368647	0.05478036175710594
C377	J	0.04506816359262229	0.04597701149425287
C377	N	0.05596160944998154	0.05500184569952012
C378	E	0.06227390180878553	0.06490956072351421
C378	G	0.12364341085271327	0.13837209302325593
C378	I	0.05221705426356589	0.05327131782945736
C378	J	0.04385051486752285	0.04375795441397663
C378	N	0.052299741602067185	0.054987080103359176
C379	E	0.06166541635408852	0.06401600400100024
C379	G	0.10426356589147288	0.11686046511627916
C379	I	0.047911977994498624	0.04911227806951738
C379	J	0.044349245206038355	0.043533251733986124
C379	N	0.05089700996677741	0.055149501661129564
C381	E	0.06442721791559	0.0649440137812231
C381	G	0.10697674418604651	0.13178294573643418
C381	I	0.047545219638242896	0.053746770025839795
C381	J	0.04416389811738649	0.04553709856035437
C381	N	0.037596899224806204	0.04127906976744186
C382	E	0.056104651162790696	0.05629844961240311
C382	G	0.10387596899224806	0.13100775193798456
C382	I	0.050387596899224806	0.050387596899224806
C382	J	0.043141220087630605	0.043815301651499834
C382	N	0.03967168262653899	0.04578203374373005
C383	E	0.056690259521402095	0.05830805527468824
C383	G	0.10594315245478036	0.1162790697674419
C383	I	0.04660852713178294	0.04680232558139535
C383	J	0.04361562088635366	0.04358636829018576
C383	N	0.04263565891472868	0.04682170542635659
C385	E	0.06658053402239449	0.06950904392764859
C385	G	0.11550387596899225	0.15038759689922504
C385	I	0.04922480620155038	0.05406976744186046
C385	J	0.04603701945894637	0.04537256763170384
C385	N	0.054144305307096005	0.05295169946332737
C386	E	0.06077519379844961	0.06346253229974161
C386	G	0.11059431524547803	0.143669250645995
C386	I	0.04696762425900593	0.04824441404468764
C386	J	0.04578488372093023	0.04447674418604651
C386	N	0.047868217054263563	0.05129198966408269
C387	E	0.05983658076681333	0.06331447726796564
C387	G	0.11046511627906977	0.1294573643410854
C387	I	0.042353770260747	0.04559548978153629
C387	J	0.045492194966549854	0.044409047467346294
C387	N	0.048360166964818124	0.052116875372689324
C389	E	0.06722582284915492	0.06925911805820308
C389	G	0.11666666666666672	0.1213178294573644
C389	I	0.03694199411921946	0.03897353648757017
C389	J	0.039481788255283	0.040033981098014225
C389	N	0.054208194905869325	0.05254706533776301
C390	E	0.06496124031007751	0.06713178294573645
C390	G	0.10439276485788114	0.11266149870801039
C390	I	0.03762525997352997	0.03762525997352997
C390	J	0.03929562637572973	0.03956359460235429
C390	N	0.047953848927348115	0.04809807102938525
C391	E	0.06604248464713582	0.06859961743682676
C391	G	0.09767441860465122	0.09811738648947954
C391	I	0.0374256354786371	0.03771407968271137
C391	J	0.04044242768009075	0.03928909056532426
C391	N	0.045534209639366365	0.04661274014155713
C393	E	0.09245947850599015	0.10246652572233969
C393	G	0.1251937984496125	0.12945736434108535
C393	I	0.04147286821705426	0.04186046511627907
C393	J	0.10232558139534884	0.11317829457364341
C394	E	0.09310077519379847	0.09627906976744188
C394	G	0.0987080103359174	0.11024978466838939
C394	I	0.0427061310782241	0.03749119097956308
C394	J	0.06395348837209303	0.06705426356589148
C394	N	0.06666666666666667	0.07751937984496124
C395	E	0.08965284799460738	0.0945062352544658
C395	G	0.08692506459948326	0.08981912144702849
C395	I	0.0417312661498708	0.03656330749354005
C395	J	0.07331118493909192	0.0753045404208195
C395	N	0.07906976744186049	0.0702842377260982
C397	E	0.08651162790697674	0.09550387596899225
C397	G	0.13953488372093037	0.15503875968992276
C397	I	0.040310077519379844	0.03875968992248062
C397	J	0.10232558139534884	0.11317829457364341
C398	E	0.10116279069767448	0.10465116279069772
C398	G	0.07441860465116282	0.092093023255814
C398	I	0.03798449612403101	0.02868217054263566
C398	J	0.09844961240310077	0.10465116279069767
C398	N	0.06666666666666667	0.07751937984496124
C399	E	0.08410852713178298	0.0910852713178295
C399	G	0.07751937984496125	0.0823428079242033
C399	I	0.05012919896640827	0.037209302325581395
C399	J	0.09186046511627907	0.09651162790697675
C399	N	0.06666666666666667	0.07751937984496124
C401	E	0.08062015503875969	0.08062015503875969
C401	G	0.13953488372093037	0.15503875968992276
C402	E	0.08620155038759689	0.09457364341085277
C402	G	0.11550387596899231	0.13798449612403113
C402	N	0.08372093023255814	0.07751937984496124
C403	E	0.08682170542635659	0.09198966408268738
C403	G	0.08966408268733854	0.08733850129198971
C403	J	0.1	0.10465116279069767
C403	N	0.08372093023255814	0.07751937984496124
C405	E	0.0842377260981912	0.09276485788113696
C405	G	0.11937984496124038	0.1286821705426358
C405	I	0.040310077519379844	0.03875968992248062
C405	J	0.10232558139534884	0.11317829457364341
C406	E	0.09581395348837214	0.10403100775193803
C406	G	0.09474590869939709	0.10267011197243761
C406	I	0.05012919896640827	0.03979328165374677
C406	J	0.08565891472868217	0.08604651162790697
C406	N	0.09689922480620156	0.10620155038759695
C407	E	0.08658318425760289	0.09373881932021472
C407	G	0.086046511627907	0.09056847545219641
C407	I	0.05012919896640827	0.03979328165374677
C407	J	0.09395348837209302	0.0924031007751938
C407	N	0.09689922480620156	0.10620155038759695
C409	E	0.06821705426356589	0.09302325581395349
C409	G	0.13953488372093037	0.15503875968992276
C409	I	0.040310077519379844	0.03875968992248062
C410	E	0.09581395348837213	0.11317829457364348
C410	G	0.10387596899224812	0.11214470284237742
C410	I	0.03798449612403101	0.03333333333333333
C410	J	0.09457364341085271	0.09612403100775194
C410	L	0.12558139534883722	0.13023255813953494
C411	E	0.092358803986711	0.10321151716500558
C411	G	0.09395348837209305	0.09023255813953497
C411	I	0.03798449612403101	0.03333333333333333
C411	J	0.09186046511627907	0.09651162790697675
C411	L	0.1	0.12170542635658918
C413	E	0.08875968992248062	0.08875968992248062
C413	G	0.13953488372093037	0.15503875968992276
C413	I	0.03798449612403101	0.04263565891472868
C413	J	0.10232558139534884	0.11317829457364341
C414	E	0.08583509513742073	0.0889358703312192
C414	G	0.08139534883720934	0.0833333333333334
C414	I	0.037209302325581395	0.040310077519379844
C414	J	0.09844961240310077	0.10465116279069767
C414	L	0.12558139534883722	0.13023255813953494
C415	E	0.08443649373881934	0.0911150864639237
C415	G	0.08062015503875972	0.08010335917312666
C415	I	0.037209302325581395	0.040310077519379844
C415	J	0.08124031007751939	0.08248062015503876
C415	L	0.11007751937984499	0.12093023255813955
C415	N	0.13488372093023265	0.08837209302325581
C417	E	0.08484065460809648	0.08613264427217916
C417	G	0.10976744186046519	0.1057364341085272
C417	I	0.036864771748492675	0.034108527131782945
C417	J	0.09426356589147286	0.09767441860465116
C417	N	0.03875968992248062	0.03875968992248062
C418	E	0.08648947951273535	0.08311184939091917
C418	G	0.0912343470483006	0.07835420393559932
C418	I	0.03803617571059432	0.035555555555555556
C418	J	0.08635658914728682	0.08883720930232558
C418	N	0.05891472868217054	0.08217054263565893
C419	E	0.08650250797993618	0.07669858641130871
C419	G	0.09468438538205988	0.07962347729789591
C419	I	0.034108527131782945	0.03350559862187769
C419	J	0.08527131782945736	0.08863049095607235
C419	N	0.08403100775193799	0.08868217054263566
C421	E	0.08790697674418604	0.09922480620155039
C421	G	0.1251937984496125	0.12945736434108535
C421	I	0.04147286821705426	0.04186046511627907
C422	E	0.08914728682170545	0.09233419465977606
C422	G	0.09767441860465123	0.11024978466838939
C422	I	0.04077519379844961	0.03581395348837209
C422	J	0.05116279069767441	0.05167958656330749
C422	N	0.06666666666666667	0.07751937984496124
C423	E	0.08790697674418607	0.09317829457364343
C423	G	0.08250276854928022	0.08516057585825032
C423	I	0.03875968992248062	0.03495419309372798
C423	J	0.06434108527131784	0.06459948320413438
C423	N	0.07906976744186049	0.0702842377260982
C425	E	0.08651162790697674	0.09550387596899225
C425	G	0.13953488372093037	0.15503875968992276
C425	I	0.040310077519379844	0.03875968992248062
C426	E	0.0950166112956811	0.101218161683278
C426	G	0.07441860465116282	0.092093023255814
C426	I	0.03798449612403101	0.02868217054263566
C426	J	0.09457364341085271	0.09612403100775194
C426	N	0.06666666666666667	0.07751937984496124
C427	E	0.08356589147286825	0.09178294573643414
C427	G	0.07751937984496125	0.0823428079242033
C427	I	0.03798449612403101	0.02868217054263566
C427	J	0.08010335917312661	0.08217054263565891
C427	N	0.06666666666666667	0.07751937984496124
C429	E	0.08062015503875969	0.08062015503875969
C429	G	0.13953488372093037	0.15503875968992276
C430	E	0.08620155038759689	0.09457364341085277
C430	G	0.11550387596899231	0.13798449612403113
C430	N	0.08372093023255814	0.07751937984496124
C431	E	0.08682170542635659	0.09198966408268738
C431	G	0.08966408268733854	0.08733850129198971
C431	J	0.07286821705426356	0.09612403100775194
C431	N	0.08372093023255814	0.07751937984496124
C433	E	0.0842377260981912	0.09276485788113696
C433	G	0.11937984496124038	0.1286821705426358
C433	I	0.040310077519379844	0.03875968992248062
C434	E	0.09043927648578814	0.10129198966408275
C434	G	0.09474590869939709	0.10267011197243761
C434	I	0.03798449612403101	0.02868217054263566
C434	J	0.08010335917312661	0.07700258397932817
C434	N	0.06666666666666667	0.07751937984496124
C435	E	0.08653981677237493	0.09485553206483442
C435	G	0.086046511627907	0.09056847545219641
C435	I	0.03798449612403101	0.02868217054263566
C435	J	0.08010335917312661	0.07700258397932817
C435	N	0.06666666666666667	0.07751937984496124
C437	E	0.06666666666666667	0.07286821705426356
C437	G	0.13953488372093037	0.15503875968992276
C437	I	0.040310077519379844	0.03875968992248062
C438	E	0.08	0.09798449612403107
C438	G	0.09302325581395356	0.09612403100775208
C438	I	0.03772609819121447	0.03824289405684755
C438	J	0.05813953488372093	0.06124031007751938
C439	E	0.07973421926910298	0.09235880398671101
C439	G	0.08604651162790701	0.0767441860465117
C439	I	0.03772609819121447	0.03824289405684755
C439	J	0.06976744186046512	0.06589147286821706
C439	L	0.07441860465116279	0.11317829457364341
C441	E	0.08656330749354006	0.09198966408268734
C441	G	0.13953488372093037	0.15503875968992276
C441	I	0.03798449612403101	0.04263565891472868
C442	E	0.07808315715292459	0.08809020436927416
C442	G	0.10387596899224812	0.10025839793281661
C442	I	0.037209302325581395	0.03565891472868217
C442	J	0.05813953488372093	0.06124031007751938
C443	E	0.07513416815742396	0.08658318425760288
C443	G	0.0819121447028424	0.07726098191214474
C443	I	0.03348837209302326	0.0337984496124031
C443	J	0.06976744186046512	0.06821705426356589
C443	L	0.07441860465116279	0.11317829457364341
C443	N	0.13488372093023265	0.08837209302325581
C445	E	0.08153214774281806	0.08253533971728226
C445	G	0.09728682170542635	0.09496124031007755
C445	I	0.036864771748492675	0.034108527131782945
C445	J	0.09426356589147286	0.09767441860465116
C445	N	0.03875968992248062	0.03875968992248062
C446	E	0.08383577375825439	0.08073499856445593
C446	G	0.08630490956072356	0.07248062015503877
C446	I	0.03499446290143964	0.03344407530454042
C446	J	0.08285960378983634	0.08578811369509044
C446	N	0.05891472868217054	0.08217054263565893
C447	E	0.0824994127319709	0.07455954897815363
C447	G	0.09004174120453196	0.07429934406678594
C447	I	0.033287733698130414	0.03164614683082535
C447	J	0.08231148696264975	0.0861169837914024
C447	N	0.07325581395348837	0.08488372093023255
