config	n_donors	high_fraction	low_fraction	FC	p_donor	celltype	time	qc	rule	caliper	n_high	n_low	primary	q_contexts
C001	3	0.043617571059431516	0.0407235142118863	1.0710659898477155	0.6723296711232698	Satellite Cells	Pre	author	2plus_vs_1	0.1	12	12	False	0.7683767669980226
C002	4	0.05649970184853906	0.054785330948121644	1.0312925170068028	0.7208706765295909	Satellite Cells	Pre	author	2plus_vs_1	0.2	17	17	False	0.7208706765295909
C003	4	0.06226467331118494	0.06735880398671096	0.9243732018084669	0.45140565459293636	Satellite Cells	Pre	author	2plus_vs_1	0.3	21	21	False	0.8754456558646458
C007	3	0.08049095607235142	0.08953488372093023	0.898989898989899	0.6382899858192398	Satellite Cells	Pre	author	3plus_vs_1	0.3	6	6	False	0.8872112106407126
C015	3	0.07896640826873384	0.08961240310077519	0.881199538638985	0.5655864213255429	Satellite Cells	Pre	author	3plus_vs_1to2	0.3	7	7	False	0.6346577589481581
C023	3	0.04809892949427833	0.06079734219269103	0.7911353976927747	0.2578584946375875	Satellite Cells	Pre	author	positive_q33	0.3	11	11	False	0.515716989275175
C025	6	0.06251750259502198	0.06280774350541793	0.9953788992535464	0.9027401108560607	Satellite Cells	Pre	author	detected_vs_zero	0.1	112	112	False	0.9116930284724865
C026	6	0.05820585816131577	0.05751865559630002	1.0119474726572009	0.843251859267114	Satellite Cells	Pre	author	detected_vs_zero	0.2	137	137	False	0.8767846832636526
C027	6	0.05846000857001741	0.05759186578607853	1.015074052074707	0.8109732499377388	Satellite Cells	Pre	author	detected_vs_zero	0.3	145	145	False	0.9908513484263365
C029	3	0.041666666666666664	0.040051679586563305	1.0403225806451613	0.8200414001125409	Satellite Cells	Pre	trim95	2plus_vs_1	0.1	10	10	False	0.8200414001125409
C030	3	0.04020671834625323	0.0365891472868217	1.0988700564971752	0.5577231834754056	Satellite Cells	Pre	trim95	2plus_vs_1	0.2	13	13	False	0.5577231834754056
C031	3	0.03469579516091144	0.03648108996946206	0.9510624597553123	0.7530071009437733	Satellite Cells	Pre	trim95	2plus_vs_1	0.3	15	15	False	0.860579543935741
C047	2	0.044651162790697675	0.041550387596899226	1.0746268656716418	0.7951672353008665	Satellite Cells	Pre	trim95	positive_q25	0.3	6	6	False	0.8214104005040016
C049	2	0.043927648578811374	0.03953488372093023	1.1111111111111112	0.7258126314406993	Satellite Cells	Pre	trim95	positive_q33	0.1	4	4	False	0.7258126314406993
C050	2	0.04509043927648579	0.040439276485788114	1.1150159744408945	0.7048327646991339	Satellite Cells	Pre	trim95	positive_q33	0.2	7	7	False	0.7048327646991339
C051	3	0.04336163405930848	0.04449366309831426	0.9745575221238938	0.896621121397124	Satellite Cells	Pre	trim95	positive_q33	0.3	11	11	False	0.9753984816198806
C053	6	0.06102172135003873	0.06092014755945444	1.0016673267326734	0.9606308446186329	Satellite Cells	Pre	trim95	detected_vs_zero	0.1	102	102	False	0.9606308446186329
C054	6	0.05624051344875144	0.0551960901835842	1.018922051574549	0.7519474623921313	Satellite Cells	Pre	trim95	detected_vs_zero	0.2	119	119	False	0.8457695860146095
C055	6	0.05602056852710596	0.05517704648967506	1.0152875532688896	0.7993807682637485	Satellite Cells	Pre	trim95	detected_vs_zero	0.3	122	122	False	0.9143104716875918
C057	3	0.08501291989664084	0.08010335917312661	1.0612903225806454	0.4128078241453573	Satellite Cells	Post	author	2plus_vs_1	0.1	4	4	False	0.5822622876825402
C058	4	0.07986434108527132	0.06934108527131783	1.1517607602012299	0.17094266469800856	Satellite Cells	Post	author	2plus_vs_1	0.2	11	11	False	0.47893823049438433
C059	6	0.07782945736434108	0.07963824289405684	0.9772874756651525	0.8355992593109024	Satellite Cells	Post	author	2plus_vs_1	0.3	16	16	False	0.8754456558646458
C062	3	0.05943152454780362	0.06330749354005168	0.9387755102040818	0.6513513004165488	Satellite Cells	Post	author	3plus_vs_1	0.2	4	4	False	0.7869396516453576
C063	5	0.07441860465116279	0.07596899224806201	0.9795918367346939	0.8872112106407126	Satellite Cells	Post	author	3plus_vs_1	0.3	6	6	False	0.8872112106407126
C070	3	0.05943152454780362	0.0627906976744186	0.9465020576131689	0.67243079005867	Satellite Cells	Post	author	3plus_vs_1to2	0.2	4	4	False	0.67243079005867
C071	5	0.07441860465116279	0.08124031007751939	0.9160305343511449	0.3613469118685737	Satellite Cells	Post	author	3plus_vs_1to2	0.3	6	6	False	0.578155058989718
C075	2	0.08992248062015504	0.08527131782945736	1.0545454545454545	0.20483276469913345	Satellite Cells	Post	author	positive_q25	0.3	2	2	False	0.42113043257834115
C077	2	0.07984496124031007	0.07519379844961241	1.0618556701030926	0.20483276469913345	Satellite Cells	Post	author	positive_q33	0.1	2	2	False	0.5197554538437495
C078	4	0.08759689922480621	0.07906976744186046	1.107843137254902	0.04856685655980101	Satellite Cells	Post	author	positive_q33	0.2	5	5	False	0.16998399795930355
C079	6	0.0784668389319552	0.07881136950904392	0.9956284153005464	0.9609992587744787	Satellite Cells	Post	author	positive_q33	0.3	8	8	False	0.9609992587744787
C081	6	0.06065505112322738	0.05853934077618289	1.0361416838487063	0.30171948805140275	Satellite Cells	Post	author	detected_vs_zero	0.1	48	48	False	0.9116930284724865
C082	6	0.06157181821910503	0.06212788646897174	0.9910496190765411	0.8767846832636526	Satellite Cells	Post	author	detected_vs_zero	0.2	70	70	False	0.8767846832636526
C083	6	0.060075009687412785	0.060421849181539096	0.9942597007734036	0.8814410767330094	Satellite Cells	Post	author	detected_vs_zero	0.3	77	77	False	0.9908513484263365
C085	3	0.07958656330749354	0.07751937984496124	1.0266666666666666	0.8004981327784735	Satellite Cells	Post	trim95	2plus_vs_1	0.1	3	3	False	0.8200414001125409
C086	3	0.06554694229112833	0.06102497846683893	1.0741002117148906	0.03774955135062389	Satellite Cells	Post	trim95	2plus_vs_1	0.2	8	8	False	0.3019964108049911
C087	5	0.06565891472868217	0.059302325581395345	1.1071895424836602	0.37509481879090034	Satellite Cells	Post	trim95	2plus_vs_1	0.3	11	11	False	0.860579543935741
C090	3	0.042894056847545214	0.049095607235142114	0.8736842105263157	0.4380485130509837	Satellite Cells	Post	trim95	3plus_vs_1	0.2	3	3	False	0.7665848978392215
C091	4	0.05813953488372093	0.05503875968992248	1.056338028169014	0.7842811067505352	Satellite Cells	Post	trim95	3plus_vs_1	0.3	4	4	False	0.9149946245422911
C098	3	0.042894056847545214	0.04857881136950904	0.8829787234042553	0.44083857544711624	Satellite Cells	Post	trim95	3plus_vs_1to2	0.2	3	3	False	0.6263181193981583
C099	4	0.05813953488372093	0.05465116279069768	1.0638297872340425	0.7524864938340569	Satellite Cells	Post	trim95	3plus_vs_1to2	0.3	4	4	False	0.7524864938340569
C102	2	0.04263565891472868	0.04263565891472868	1.0	1.0	Satellite Cells	Post	trim95	positive_q25	0.2	2	2	False	1.0
C103	4	0.047286821705426356	0.05232558139534883	0.9037037037037038	0.2838149751198061	Satellite Cells	Post	trim95	positive_q25	0.3	4	4	False	0.5553348707258299
C106	3	0.04935400516795866	0.050904392764857885	0.9695431472081218	0.5799159747915976	Satellite Cells	Post	trim95	positive_q33	0.2	4	4	False	0.7048327646991339
C107	4	0.054715762273901805	0.057945736434108525	0.9442586399108138	0.4400545177986972	Satellite Cells	Post	trim95	positive_q33	0.3	7	7	False	0.5867393570649296
C109	6	0.06006904152558987	0.05786104620253948	1.0381603076329007	0.29151724435657833	Satellite Cells	Post	trim95	detected_vs_zero	0.1	47	47	False	0.7773793182842089
C110	6	0.06009020181806799	0.06089783027767524	0.9867379764447319	0.8208708526619679	Satellite Cells	Post	trim95	detected_vs_zero	0.2	64	64	False	0.8457695860146095
C111	6	0.05832398892223631	0.058778155834104596	0.9922732024265931	0.8478047114122365	Satellite Cells	Post	trim95	detected_vs_zero	0.3	70	70	False	0.9143104716875918
C113	6	0.07066723590311413	0.07190733639576836	0.9827541867796509	0.34563319661894043	Fast	Pre	author	2plus_vs_1	0.1	1707	1707	False	0.5822622876825402
C114	6	0.0663528760771575	0.0671959594601062	0.9874533619324352	0.3555220081667229	Fast	Pre	author	2plus_vs_1	0.2	1886	1886	False	0.47893823049438433
C115	6	0.06537716229107861	0.06564044586837249	0.995989003825144	0.5283507826504421	Fast	Pre	author	2plus_vs_1	0.3	1937	1937	False	0.8754456558646458
C117	6	0.07084975858829684	0.07433215493249236	0.9531508759922513	0.34577405045627563	Fast	Pre	author	3plus_vs_1	0.1	846	846	True	0.6915481009125513
C118	6	0.06910547921391474	0.07177229194519394	0.9628434224545093	0.26912215261909284	Fast	Pre	author	3plus_vs_1	0.2	945	945	False	0.6675458053531308
C119	6	0.06713665244804484	0.06822950464987637	0.9839827035614641	0.21867502429777932	Fast	Pre	author	3plus_vs_1	0.3	978	978	False	0.8872112106407126
C121	6	0.07214888971059173	0.07823295668976532	0.9222314068570858	0.32767301130449	Fast	Pre	author	4plus_vs_1	0.1	374	374	False	0.577858518056706
C122	6	0.0732839360081549	0.07871773767413821	0.9309710641269036	0.3117949727444962	Fast	Pre	author	4plus_vs_1	0.2	424	424	False	0.7774973658966268
C123	6	0.06850000596652941	0.0735951491179132	0.9307679485339392	0.32171282405134644	Fast	Pre	author	4plus_vs_1	0.3	446	446	False	0.9144095400970804
C125	6	0.06929633457161206	0.0709437235166742	0.9767789331684156	0.36921530944196007	Fast	Pre	author	3plus_vs_1to2	0.1	930	930	False	0.5538229641629402
C126	6	0.07004879350871442	0.07149873053659511	0.9797208003974479	0.341198757901563	Fast	Pre	author	3plus_vs_1to2	0.2	1004	1004	False	0.579631955569043
C127	6	0.06871173503913111	0.06958166782634927	0.9874976726716411	0.3085980404896376	Fast	Pre	author	3plus_vs_1to2	0.3	1028	1028	False	0.578155058989718
C129	6	0.07166049179619756	0.07601918338644552	0.9426632674006713	0.3620077891079431	Fast	Pre	author	positive_q25	0.1	469	469	False	0.5430116836619148
C130	6	0.07042259403305468	0.07399525691815464	0.9517176771336621	0.3372656904752426	Fast	Pre	author	positive_q25	0.2	658	658	False	0.40471882857029107
C131	6	0.0660331744405269	0.06949378787421258	0.9502025499034595	0.3609689422100067	Fast	Pre	author	positive_q25	0.3	794	794	False	0.42113043257834115
C133	6	0.07043220447107898	0.0729284717576793	0.9657710188293166	0.28724509099339474	Fast	Pre	author	positive_q33	0.1	888	888	False	0.5197554538437495
C134	6	0.06853669118068072	0.0702128357440518	0.9761276617642797	0.41748537375620104	Fast	Pre	author	positive_q33	0.2	1083	1083	False	0.4870662693822346
C135	6	0.06661873897366291	0.06748017332878527	0.9872342598925292	0.5038486492222756	Fast	Pre	author	positive_q33	0.3	1168	1168	False	0.671798198963034
C137	6	0.0661491208858892	0.06695872203485165	0.9879089515994488	0.5177374840413975	Fast	Pre	author	detected_vs_zero	0.1	3254	3254	False	0.9116930284724865
C138	6	0.06543794689988881	0.06559986363132254	0.9975317520118072	0.5509244639206137	Fast	Pre	author	detected_vs_zero	0.2	3417	3417	False	0.8767846832636526
C139	6	0.06338982686662045	0.06390695096315004	0.9919081713532575	0.3452321352995719	Fast	Pre	author	detected_vs_zero	0.3	3457	3457	False	0.6638670046097179
C141	6	0.06834475280463537	0.06960453213843304	0.9819009007733553	0.33858439278107805	Fast	Pre	trim95	2plus_vs_1	0.1	1586	1586	False	0.691040199837444
C142	6	0.0625962130713993	0.06313954033620318	0.9913948175436376	0.376024163685802	Fast	Pre	trim95	2plus_vs_1	0.2	1717	1717	False	0.5418296478439005
C143	6	0.061756455701507756	0.061952879019870725	0.9968294723107224	0.5546404883239147	Fast	Pre	trim95	2plus_vs_1	0.3	1750	1750	False	0.860579543935741
C145	6	0.06800714738846181	0.07170901523662171	0.9483765348618347	0.31526836420329973	Fast	Pre	trim95	3plus_vs_1	0.1	756	756	False	0.6066200882669952
C146	6	0.06448009103434582	0.06629624919727707	0.9726054160692119	0.18934422235360393	Fast	Pre	trim95	3plus_vs_1	0.2	810	810	False	0.7006972847184367
C147	6	0.06220034433688765	0.06300722122574397	0.9871938982046927	0.10214792127052999	Fast	Pre	trim95	3plus_vs_1	0.3	821	821	False	0.71503544889371
C149	6	0.06704724768255466	0.07319335535863362	0.9160291580299305	0.32362354537414634	Fast	Pre	trim95	4plus_vs_1	0.1	315	315	False	0.49999999999999956
C150	6	0.06497898535959948	0.06982018960420018	0.930661829020449	0.31489920262285365	Fast	Pre	trim95	4plus_vs_1	0.2	332	332	False	0.7652979846479824
C151	6	0.059680691089062134	0.06440908935439024	0.9265880279829509	0.32145355380788904	Fast	Pre	trim95	4plus_vs_1	0.3	336	336	False	0.7276875781354906
C153	6	0.06547858792527472	0.06707150343445266	0.9762504875004829	0.39130321583566535	Fast	Pre	trim95	3plus_vs_1to2	0.1	796	796	False	0.7826064316713307
C154	6	0.0649579008888499	0.06566491489840272	0.9892330019669299	0.40174534568473586	Fast	Pre	trim95	3plus_vs_1to2	0.2	821	821	False	0.6263181193981583
C155	6	0.0639367529100721	0.06412003345865029	0.9971416024182772	0.7217669269635044	Fast	Pre	trim95	3plus_vs_1to2	0.3	828	828	False	0.7524864938340569
C157	6	0.06809519732187286	0.0727020037149954	0.9366343957838903	0.32853129284856447	Fast	Pre	trim95	positive_q25	0.1	448	448	False	0.45714900746283127
C158	6	0.06436673950060559	0.0664012314897871	0.9693606286580027	0.4193806526055713	Fast	Pre	trim95	positive_q25	0.2	612	612	False	0.5871329136477997
C159	6	0.0602663342805802	0.06301275018918134	0.9564149176102351	0.38212917615060416	Fast	Pre	trim95	positive_q25	0.3	734	734	False	0.5553348707258299
C161	6	0.06840976998824823	0.07068617455484366	0.9677956180125545	0.3439143650762681	Fast	Pre	trim95	positive_q33	0.1	837	837	False	0.6143345932921873
C162	6	0.06534753256898344	0.06605424718904111	0.9893009965273676	0.6339741976441111	Fast	Pre	trim95	positive_q33	0.2	1003	1003	False	0.7048327646991339
C163	6	0.06322543708400324	0.0639353715899969	0.988896060375682	0.4395592582926623	Fast	Pre	trim95	positive_q33	0.3	1090	1090	False	0.5867393570649296
C165	6	0.06471055026359739	0.06563926732530491	0.9858511970113126	0.4529603013846277	Fast	Pre	trim95	detected_vs_zero	0.1	3113	3113	False	0.9059206027692553
C166	6	0.06259559787202092	0.06336455559188585	0.9878645448913493	0.22356917726594458	Fast	Pre	trim95	detected_vs_zero	0.2	3261	3261	False	0.8302763868880269
C167	6	0.0602930239373057	0.06158891581242146	0.9789590081588285	0.1726497997090142	Fast	Pre	trim95	detected_vs_zero	0.3	3298	3298	False	0.7711393593871362
C169	6	0.0810693507555388	0.08132708391206435	0.9968309062107252	0.7718888667964101	Fast	Post	author	2plus_vs_1	0.1	485	485	False	0.7718888667964101
C170	6	0.07811594092488959	0.07835287192012051	0.996976103243893	0.7143087482027188	Fast	Post	author	2plus_vs_1	0.2	567	567	False	0.7208706765295909
C171	6	0.07731337473654333	0.07739575080945872	0.9989356512204631	0.8754456558646458	Fast	Post	author	2plus_vs_1	0.3	586	586	False	0.8754456558646458
C173	6	0.08589557455040094	0.08530660754298858	1.006904119438996	0.6511442082654109	Fast	Post	author	3plus_vs_1	0.1	149	149	True	0.756109045833117
C174	6	0.08335510961073604	0.08380502863811194	0.9946313600187556	0.7869396516453576	Fast	Post	author	3plus_vs_1	0.2	175	175	False	0.7869396516453576
C175	6	0.08352321666275157	0.08370702223415405	0.9978041797868724	0.8332799711569182	Fast	Post	author	3plus_vs_1	0.3	180	180	False	0.8872112106407126
C177	6	0.09399819531602478	0.09629137443090935	0.9761849996592378	0.4100866701129648	Fast	Post	author	4plus_vs_1	0.1	45	45	False	0.577858518056706
C178	6	0.09145546295445185	0.09266361797959376	0.9869619268976961	0.6697309396298355	Fast	Post	author	4plus_vs_1	0.2	57	57	False	0.8036771275558026
C179	6	0.0910030708160132	0.0932479496685766	0.9759257028112449	0.42791313093390365	Fast	Post	author	4plus_vs_1	0.3	61	61	False	0.9144095400970804
C181	6	0.0869694229112834	0.08718173987941431	0.9975646624118241	0.8909493791111068	Fast	Post	author	3plus_vs_1to2	0.1	159	159	False	0.8909493791111068
C182	6	0.08364366098539226	0.08274770033297167	1.0108276199678699	0.49682739048775115	Fast	Post	author	3plus_vs_1to2	0.2	187	187	False	0.579631955569043
C183	6	0.08419265871462256	0.0835520394047526	1.0076673090738886	0.4819049249503715	Fast	Post	author	3plus_vs_1to2	0.3	192	192	False	0.6346577589481581
C185	6	0.08476954953129144	0.08495899342114575	0.9977701726182744	0.935172533783666	Fast	Post	author	positive_q25	0.1	125	125	False	0.935172533783666
C186	6	0.08178983286082431	0.08287329085982699	0.9869263306939837	0.5383448215204536	Fast	Post	author	positive_q25	0.2	190	190	False	0.5383448215204536
C187	6	0.08010636207734988	0.08096419624453244	0.989404771405478	0.4262910971913761	Fast	Post	author	positive_q25	0.3	251	251	False	0.4262910971913761
C189	6	0.08130306981542008	0.08095962981028296	1.0042421143221867	0.8176589707530095	Fast	Post	author	positive_q33	0.1	237	237	False	0.9340655084383518
C190	6	0.07918566941916964	0.07991998013317009	0.9908119257189896	0.5572103871285577	Fast	Post	author	positive_q33	0.2	324	324	False	0.5572103871285577
C191	6	0.07712340575450599	0.07844318129238045	0.9831753950294893	0.21351891924900662	Fast	Post	author	positive_q33	0.3	373	373	False	0.515716989275175
C193	6	0.07815138085530872	0.0790695877136278	0.9883873574547445	0.4616403863052858	Fast	Post	author	detected_vs_zero	0.1	1488	1488	False	0.9116930284724865
C194	6	0.07711196953409014	0.07826308815295462	0.9852916790529046	0.38275473206077604	Fast	Post	author	detected_vs_zero	0.2	1626	1626	False	0.8767846832636526
C195	6	0.07631777468740802	0.07766780027016625	0.9826179500634474	0.3294800014855606	Fast	Post	author	detected_vs_zero	0.3	1667	1667	False	0.6638670046097179
C197	6	0.07857097880942633	0.07883873532058476	0.9966037442119074	0.7591848592653684	Fast	Post	trim95	2plus_vs_1	0.1	435	435	False	0.8200414001125409
C198	6	0.07449997945380739	0.0750142271473598	0.9931446645108774	0.5409216064940968	Fast	Post	trim95	2plus_vs_1	0.2	490	490	False	0.5577231834754056
C199	6	0.07305003093352312	0.07344550966389511	0.9946153450063618	0.6175274661011545	Fast	Post	trim95	2plus_vs_1	0.3	506	506	False	0.860579543935741
C201	6	0.08437168952083007	0.08386481454732214	1.0060439527141853	0.6836378640261769	Fast	Post	trim95	3plus_vs_1	0.1	135	135	False	0.6836378640261769
C202	6	0.08025616017294085	0.08054276232456807	0.9964416150706096	0.845459593530584	Fast	Post	trim95	3plus_vs_1	0.2	146	146	False	0.845459593530584
C203	6	0.07797994943024583	0.07783444437206408	1.001869417317174	0.9247252236773148	Fast	Post	trim95	3plus_vs_1	0.3	150	150	False	0.9247252236773148
C205	6	0.09242623836787085	0.09459982097920998	0.9770233961455719	0.4515329100742346	Fast	Post	trim95	4plus_vs_1	0.1	41	41	False	0.49999999999999956
C206	6	0.08928045781982952	0.09085007954856998	0.9827229460167801	0.5101986564319883	Fast	Post	trim95	4plus_vs_1	0.2	48	48	False	0.7652979846479824
C207	6	0.08856973300057756	0.08993028731094828	0.9848710111904082	0.5042908110935431	Fast	Post	trim95	4plus_vs_1	0.3	50	50	False	0.7276875781354906
C209	6	0.08363918082067728	0.08393596395365861	0.9964641719829991	0.8498721655377806	Fast	Post	trim95	3plus_vs_1to2	0.1	140	140	False	0.8747600392619523
C210	6	0.079946082653561	0.07988802756244616	1.0007267057766505	0.9617849320087712	Fast	Post	trim95	3plus_vs_1to2	0.2	155	155	False	0.9617849320087712
C211	6	0.07843477656085956	0.07799661148498359	1.0056177450216581	0.7478504329143418	Fast	Post	trim95	3plus_vs_1to2	0.3	159	159	False	0.7524864938340569
C213	6	0.08344817685902957	0.08409506890611541	0.9923076102380266	0.8031021652304657	Fast	Post	trim95	positive_q25	0.1	123	123	False	0.8031021652304657
C214	6	0.08209892922255226	0.08160808886023085	1.006014604301812	0.7888369505977331	Fast	Post	trim95	positive_q25	0.2	190	190	False	0.9203097756973553
C215	6	0.07619825344919746	0.07649192378802784	0.996160766728208	0.8214104005040016	Fast	Post	trim95	positive_q25	0.3	241	241	False	0.8214104005040016
C217	6	0.078988550545361	0.08024649024133926	0.9843240533985345	0.35104833902410704	Fast	Post	trim95	positive_q33	0.1	239	239	False	0.6143345932921873
C218	6	0.07731304034421355	0.07889278232151344	0.9799760899436664	0.0768106970149364	Fast	Post	trim95	positive_q33	0.2	304	304	False	0.6144855761194912
C219	6	0.07431322480491716	0.07636456996313197	0.9731374751510395	0.02572143937384596	Fast	Post	trim95	positive_q33	0.3	357	357	False	0.20577151499076768
C221	6	0.07600850666579038	0.07659132711278818	0.9923905164074316	0.6669413871786942	Fast	Post	trim95	detected_vs_zero	0.1	1394	1394	False	0.9606308446186329
C222	6	0.07379165994108917	0.0748166684039503	0.9862997312667425	0.5082180250595878	Fast	Post	trim95	detected_vs_zero	0.2	1486	1486	False	0.8457695860146095
C223	6	0.07269074956556433	0.07430321623860985	0.9782988307280347	0.3855696796935681	Fast	Post	trim95	detected_vs_zero	0.3	1501	1501	False	0.7711393593871362
C225	5	0.06238722784639959	0.06315064436623918	0.9879111840029344	0.43669671576190516	Slow	Pre	author	2plus_vs_1	0.1	1630	1630	False	0.5822622876825402
C226	6	0.06946845704787909	0.06501981458656801	1.0684197961744124	0.35920367287078825	Slow	Pre	author	2plus_vs_1	0.2	1780	1780	False	0.47893823049438433
C227	6	0.06691366031443602	0.06654110498878173	1.0055988749468032	0.7834000388751448	Slow	Pre	author	2plus_vs_1	0.3	1832	1832	False	0.8754456558646458
C229	5	0.06513906688100521	0.06587080596563254	0.9888912990527381	0.5101812269098716	Slow	Pre	author	3plus_vs_1	0.1	1006	1006	True	0.756109045833117
C230	5	0.06256012529182842	0.06281784468262089	0.9958973538157101	0.7787522801110696	Slow	Pre	author	3plus_vs_1	0.2	1129	1129	False	0.7869396516453576
C231	6	0.06934990086426497	0.06881983309539584	1.0077022530428745	0.7039979227098243	Slow	Pre	author	3plus_vs_1	0.3	1188	1188	False	0.8872112106407126
C233	5	0.0664584300118847	0.06788253777334004	0.9790209999777787	0.4194727235660706	Slow	Pre	author	4plus_vs_1	0.1	531	531	False	0.577858518056706
C234	5	0.06511075646737272	0.06618206862427294	0.9838126522913292	0.5183315772644178	Slow	Pre	author	4plus_vs_1	0.2	612	612	False	0.7774973658966268
C235	5	0.06217843001057226	0.06272777966209517	0.9912423227080224	0.7320656928855775	Slow	Pre	author	4plus_vs_1	0.3	655	655	False	0.9144095400970804
C237	5	0.06622108599760809	0.06641079942220013	0.9971433347250355	0.8120020180797666	Slow	Pre	author	3plus_vs_1to2	0.1	1225	1225	False	0.8909493791111068
C238	6	0.07322509957010373	0.07664482130617388	0.9553822205102501	0.360051673858264	Slow	Pre	author	3plus_vs_1to2	0.2	1328	1328	False	0.579631955569043
C239	6	0.07374158376482935	0.0719482478874137	1.0249253585747065	0.35453199083080933	Slow	Pre	author	3plus_vs_1to2	0.3	1379	1379	False	0.578155058989718
C241	5	0.06638278069760731	0.06737839947928437	0.9852234723684232	0.2654552035565308	Slow	Pre	author	positive_q25	0.1	577	577	False	0.5309104071130616
C242	6	0.0725707997574013	0.07661310181731205	0.9472374572491552	0.2738017928425178	Slow	Pre	author	positive_q25	0.2	738	738	False	0.40471882857029107
C243	6	0.07019112302520497	0.07402954631109694	0.9481501173901346	0.29825591000230467	Slow	Pre	author	positive_q25	0.3	848	848	False	0.42113043257834115
C245	5	0.06590789690265485	0.06596076213412642	0.9991985351630098	0.9107804011386976	Slow	Pre	author	positive_q33	0.1	1007	1007	False	0.9340655084383518
C246	6	0.07155276645470758	0.0753147150340489	0.9500502846271065	0.30607260445369483	Slow	Pre	author	positive_q33	0.2	1175	1175	False	0.4321837372990044
C247	6	0.06620768889942236	0.07003410769044455	0.9453634961990918	0.33522341583557014	Slow	Pre	author	positive_q33	0.3	1247	1247	False	0.5363574653369122
C249	5	0.059903418728969225	0.05987436813409823	1.0004851925085194	0.9116930284724865	Slow	Pre	author	detected_vs_zero	0.1	2263	2263	False	0.9116930284724865
C250	6	0.06416406934513098	0.0698427227177352	0.9186936999069448	0.31787681877447727	Slow	Pre	author	detected_vs_zero	0.2	2380	2380	False	0.8767846832636526
C251	6	0.06297080512727542	0.06876399572749047	0.9157525600581258	0.2819651108622988	Slow	Pre	author	detected_vs_zero	0.3	2409	2409	False	0.6638670046097179
C253	5	0.059929160309138065	0.06085648479408963	0.9847621089504396	0.4108763332701725	Slow	Pre	trim95	2plus_vs_1	0.1	1545	1545	False	0.691040199837444
C254	6	0.06738534253383437	0.06330006609030517	1.0645382650580657	0.40637223588292537	Slow	Pre	trim95	2plus_vs_1	0.2	1685	1685	False	0.5418296478439005
C255	6	0.06511631551421206	0.06499522772344109	1.0018630258714718	0.9258118840803382	Slow	Pre	trim95	2plus_vs_1	0.3	1731	1731	False	0.9258118840803382
C257	5	0.06183516087816554	0.06271010059837547	0.9860478661035255	0.505516740222496	Slow	Pre	trim95	3plus_vs_1	0.1	928	928	False	0.6066200882669952
C258	5	0.05897688419643292	0.059537327902468504	0.9905866835852345	0.5996161801198298	Slow	Pre	trim95	3plus_vs_1	0.2	1031	1031	False	0.8394626521677616
C259	6	0.06658076848323649	0.06618923784405882	1.0059153217642438	0.7244220944640638	Slow	Pre	trim95	3plus_vs_1	0.3	1065	1065	False	0.9149946245422911
C261	5	0.06233504618606445	0.0636724073172464	0.9789962216361857	0.4457220371832041	Slow	Pre	trim95	4plus_vs_1	0.1	472	472	False	0.49999999999999956
C262	5	0.06080123362181135	0.061420293403130474	0.9899209243880367	0.6662424212883837	Slow	Pre	trim95	4plus_vs_1	0.2	529	529	False	0.7931981615138665
C263	5	0.05748298438855226	0.057942342728539285	0.9920721476151021	0.7276875781354906	Slow	Pre	trim95	4plus_vs_1	0.3	543	543	False	0.7276875781354906
C265	5	0.06095932090701446	0.06108877633541804	0.9978808639463855	0.8747600392619523	Slow	Pre	trim95	3plus_vs_1to2	0.1	1068	1068	False	0.8747600392619523
C266	6	0.06861568668035448	0.07201129525224055	0.9528461672576231	0.36476321224743186	Slow	Pre	trim95	3plus_vs_1to2	0.2	1135	1135	False	0.6263181193981583
C267	6	0.06651188585060705	0.0671597055388461	0.9903540421590391	0.5064789257184279	Slow	Pre	trim95	3plus_vs_1to2	0.3	1149	1149	False	0.7524864938340569
C269	5	0.06243635072496134	0.0639537608088592	0.9762733252164326	0.29377865547143	Slow	Pre	trim95	positive_q25	0.1	544	544	False	0.45714900746283127
C270	6	0.06876922402623438	0.07329705689940356	0.9382262663099366	0.21818959001655908	Slow	Pre	trim95	positive_q25	0.2	680	680	False	0.4549012271616828
C271	6	0.06710965537807521	0.07153618668515642	0.9381217882557374	0.22875726650553874	Slow	Pre	trim95	positive_q25	0.3	783	783	False	0.5553348707258299
C273	5	0.0621585439825037	0.06237435454975154	0.9965400753433736	0.6883622641342825	Slow	Pre	trim95	positive_q33	0.1	921	921	False	0.7258126314406993
C274	6	0.06866620784866313	0.07270894295994737	0.9443983787040994	0.275580951310148	Slow	Pre	trim95	positive_q33	0.2	1081	1081	False	0.7048327646991339
C275	6	0.06727031664958269	0.07117842930637576	0.9450941430588298	0.2880449658286014	Slow	Pre	trim95	positive_q33	0.3	1154	1154	False	0.5760899316572028
C277	5	0.057866665109877605	0.058173806839402806	0.9947202745322631	0.14462266367159832	Slow	Pre	trim95	detected_vs_zero	0.1	2190	2190	False	0.7773793182842089
C278	6	0.06259794252256642	0.06833376523297337	0.9160616615980175	0.31135364508301006	Slow	Pre	trim95	detected_vs_zero	0.2	2300	2300	False	0.8302763868880269
C279	6	0.06137801406401989	0.0672684652777074	0.9124336910412673	0.2700203653077602	Slow	Pre	trim95	detected_vs_zero	0.3	2328	2328	False	0.7711393593871362
C281	6	0.08463514780178467	0.08391406891722586	1.0085930630448883	0.2592725077897115	Slow	Post	author	2plus_vs_1	0.1	607	607	False	0.5822622876825402
C282	6	0.08145720859446605	0.08262766719258076	0.9858345438291666	0.22003926674421523	Slow	Post	author	2plus_vs_1	0.2	730	730	False	0.47893823049438433
C283	6	0.08114449028438746	0.08202535187806721	0.9892611055788072	0.34661555083921897	Slow	Post	author	2plus_vs_1	0.3	756	756	False	0.8754456558646458
C285	6	0.08186358935853376	0.08163145272581714	1.0028437155650816	0.756109045833117	Slow	Post	author	3plus_vs_1	0.1	307	307	True	0.756109045833117
C286	6	0.08105931730219852	0.0815217380837066	0.9943276383406686	0.7194953813710099	Slow	Post	author	3plus_vs_1	0.2	360	360	False	0.7869396516453576
C287	6	0.08068522018162921	0.0817899370502825	0.9864932422190993	0.42361640112376786	Slow	Post	author	3plus_vs_1	0.3	372	372	False	0.8872112106407126
C289	6	0.08640289591505845	0.08556819519743873	1.0097548010179922	0.577858518056706	Slow	Post	author	4plus_vs_1	0.1	130	130	False	0.577858518056706
C290	6	0.08423308358547378	0.08441207108519772	0.9978795982917742	0.9169343585346663	Slow	Post	author	4plus_vs_1	0.2	149	149	False	0.9169343585346663
C291	6	0.0843071412763836	0.08411962092149383	1.002229210650685	0.899614352390901	Slow	Post	author	4plus_vs_1	0.3	155	155	False	0.9144095400970804
C293	6	0.08200771865874765	0.08276647525030062	0.9908325612603611	0.21684358524186062	Slow	Post	author	3plus_vs_1to2	0.1	333	333	False	0.43368717048372124
C294	6	0.08117125655611156	0.08226786831165063	0.9866702300905034	0.08436867446304357	Slow	Post	author	3plus_vs_1to2	0.2	371	371	False	0.579631955569043
C295	6	0.08190820053498225	0.08263971025223842	0.9911482056867891	0.2221792383223465	Slow	Post	author	3plus_vs_1to2	0.3	385	385	False	0.578155058989718
C297	6	0.08403801082870853	0.08482878206909218	0.9906780314287716	0.5143840328973645	Slow	Post	author	positive_q25	0.1	176	176	False	0.6172608394768373
C298	6	0.08256001986228191	0.08371835094015583	0.986163952528139	0.24097821533629993	Slow	Post	author	positive_q25	0.2	257	257	False	0.40471882857029107
C299	6	0.08160029918800742	0.08319371379105762	0.9808469350574721	0.016859137710965654	Slow	Post	author	positive_q25	0.3	318	318	False	0.11801396397675959
C301	6	0.08421148630810955	0.08430883302933578	0.9988453556083221	0.9340655084383518	Slow	Post	author	positive_q33	0.1	312	312	False	0.9340655084383518
C302	6	0.08282097520766994	0.08391822014646415	0.9869248306639588	0.17700697465741178	Slow	Post	author	positive_q33	0.2	404	404	False	0.4130162742006275
C303	6	0.08079612606669208	0.08344325690920378	0.9682762761118962	0.05657839483836328	Slow	Post	author	positive_q33	0.3	458	458	False	0.45262715870690623
C305	6	0.07860792751641428	0.0778049545721533	1.0103203317664857	0.7208922411335603	Slow	Post	author	detected_vs_zero	0.1	994	994	False	0.9116930284724865
C306	6	0.07659633145712702	0.07573709154007395	1.011345034507939	0.7651005871769943	Slow	Post	author	detected_vs_zero	0.2	1140	1140	False	0.8767846832636526
C307	6	0.07469260512203114	0.07473884427966851	0.9993813236198256	0.9908513484263365	Slow	Post	author	detected_vs_zero	0.3	1180	1180	False	0.9908513484263365
C309	6	0.08210170711869752	0.08147890788571649	1.0076436865581775	0.3896940902224565	Slow	Post	trim95	2plus_vs_1	0.1	557	557	False	0.691040199837444
C310	6	0.07846740918830697	0.08000260081678767	0.9808107284912347	0.0970298026098123	Slow	Post	trim95	2plus_vs_1	0.2	662	662	False	0.3881192104392492
C311	6	0.07773063468097113	0.07912561338867398	0.9823700740131953	0.04794244770096175	Slow	Post	trim95	2plus_vs_1	0.3	680	680	False	0.383539581607694
C313	6	0.07974512675271657	0.0793042502820632	1.0055593044393623	0.4468157916391443	Slow	Post	trim95	3plus_vs_1	0.1	282	282	False	0.6066200882669952
C314	6	0.07792340399104121	0.07822644557485345	0.9961260980019568	0.7885797901045117	Slow	Post	trim95	3plus_vs_1	0.2	318	318	False	0.845459593530584
C315	6	0.07720180922242317	0.07784856653281823	0.9916921102185946	0.5675761455279852	Slow	Post	trim95	3plus_vs_1	0.3	325	325	False	0.9149946245422911
C317	6	0.08396349495870702	0.08276346455895021	1.0144995186723007	0.3665701983822854	Slow	Post	trim95	4plus_vs_1	0.1	116	116	False	0.49999999999999956
C318	6	0.08060845614333988	0.08022695478509433	1.0047552765684238	0.7931981615138665	Slow	Post	trim95	4plus_vs_1	0.2	127	127	False	0.7931981615138665
C319	6	0.07996160944998155	0.07932994481831691	1.0079624993199137	0.6411866893612336	Slow	Post	trim95	4plus_vs_1	0.3	130	130	False	0.7276875781354906
C321	6	0.07981290129251535	0.08010324931266745	0.9963753278095027	0.7143393340045094	Slow	Post	trim95	3plus_vs_1to2	0.1	303	303	False	0.8747600392619523
C322	6	0.07792237472496542	0.0783724145363386	0.9942576758157106	0.5922983572369471	Slow	Post	trim95	3plus_vs_1to2	0.2	325	325	False	0.6910147501097716
C323	6	0.07778105616131924	0.07823551822058673	0.9941911030999229	0.5735917049420988	Slow	Post	trim95	3plus_vs_1to2	0.3	331	331	False	0.7524864938340569
C325	6	0.08245956374167569	0.08433524621159831	0.977759210363642	0.3809575062190261	Slow	Post	trim95	positive_q25	0.1	171	171	False	0.45714900746283127
C326	6	0.08140956222632706	0.08303436267425116	0.9804321922202464	0.12599600243151202	Slow	Post	trim95	positive_q25	0.2	238	238	False	0.4549012271616828
C327	6	0.08055792402051838	0.0829398861381157	0.9712808610126283	0.06334832934207972	Slow	Post	trim95	positive_q25	0.3	296	296	False	0.5067866347366378
C329	6	0.08149381528594496	0.08233671246748477	0.989762802566684	0.6344084922815812	Slow	Post	trim95	positive_q33	0.1	314	314	False	0.7258126314406993
C330	6	0.08070874260624562	0.08126538480370885	0.9931503161055872	0.600432864848074	Slow	Post	trim95	positive_q33	0.2	393	393	False	0.7048327646991339
C331	6	0.07848228207885029	0.08062133112997992	0.9734679517052255	0.08305893880832864	Slow	Post	trim95	positive_q33	0.3	441	441	False	0.33223575523331456
C333	6	0.07657188137429753	0.07585154920624364	1.0094966045597207	0.7413906454967998	Slow	Post	trim95	detected_vs_zero	0.1	942	942	False	0.9606308446186329
C334	6	0.07438240643873455	0.07382497765141864	1.0075506800685796	0.8457695860146095	Slow	Post	trim95	detected_vs_zero	0.2	1077	1077	False	0.8457695860146095
C335	6	0.07242378193153387	0.07286430078678141	0.9939542567417671	0.9143104716875918	Slow	Post	trim95	detected_vs_zero	0.3	1114	1114	False	0.9143104716875918
C337	5	0.0675405956752346	0.07444393930562845	0.9072678891688915	0.38332977360684967	Intermediate	Pre	author	2plus_vs_1	0.1	151	151	False	0.5822622876825402
C338	5	0.06590587040699572	0.06835041660848115	0.9642350943449538	0.2876740324846233	Intermediate	Pre	author	2plus_vs_1	0.2	210	210	False	0.47893823049438433
C339	5	0.06256086133567701	0.06685808198230209	0.9357262350457108	0.368263973809492	Intermediate	Pre	author	2plus_vs_1	0.3	239	239	False	0.8754456558646458
C341	5	0.06960924238847224	0.07802870297605	0.8920979041499382	0.2727829976951357	Intermediate	Pre	author	3plus_vs_1	0.1	94	94	True	0.6915481009125513
C342	5	0.06704553068223132	0.07315800280194465	0.9164483462422944	0.28609105943705604	Intermediate	Pre	author	3plus_vs_1	0.2	132	132	False	0.6675458053531308
C343	5	0.06411581882170118	0.0700733845877485	0.914981047353478	0.35224835609139604	Intermediate	Pre	author	3plus_vs_1	0.3	156	156	False	0.8872112106407126
C345	5	0.06893705528188286	0.07756708799531581	0.8887410506637285	0.2689946207960627	Intermediate	Pre	author	4plus_vs_1	0.1	54	54	False	0.577858518056706
C346	5	0.06637543699650404	0.07249682556385707	0.9155633571574641	0.30770713576965325	Intermediate	Pre	author	4plus_vs_1	0.2	80	80	False	0.7774973658966268
C347	5	0.06446490964657649	0.07038445907066893	0.9158969252267896	0.505323678876048	Intermediate	Pre	author	4plus_vs_1	0.3	98	98	False	0.9144095400970804
C349	5	0.07080685333150875	0.07917476513438416	0.8943108730581965	0.18405476698586634	Intermediate	Pre	author	3plus_vs_1to2	0.1	133	133	False	0.43368717048372124
C350	5	0.07068975684091965	0.07519964553104092	0.940027793239269	0.18048634973649189	Intermediate	Pre	author	3plus_vs_1to2	0.2	171	171	False	0.579631955569043
C351	5	0.06527683379879763	0.07039932485927321	0.9272366450855128	0.31545993186874055	Intermediate	Pre	author	3plus_vs_1to2	0.3	200	200	False	0.578155058989718
C353	5	0.06517054898450249	0.0731399983493007	0.8910384256950915	0.14572458778846994	Intermediate	Pre	author	positive_q25	0.1	65	65	False	0.5309104071130616
C354	5	0.06259199618425317	0.07015415757935535	0.8922065112598894	0.20663503066572805	Intermediate	Pre	author	positive_q25	0.2	98	98	False	0.40471882857029107
C355	5	0.06688692014273412	0.0690025019482384	0.9693405058400453	0.04089296776850774	Intermediate	Pre	author	positive_q25	0.3	126	126	False	0.1431253871897771
C357	5	0.06917918608133615	0.07734670594872442	0.8944037788396214	0.29700311648214256	Intermediate	Pre	author	positive_q33	0.1	100	100	False	0.5197554538437495
C358	5	0.06550819192108671	0.07300605300843217	0.8972980899750949	0.3087026694992889	Intermediate	Pre	author	positive_q33	0.2	149	149	False	0.4321837372990044
C359	5	0.0672022636938808	0.0708752088606064	0.9481772932204072	0.1357248392217183	Intermediate	Pre	author	positive_q33	0.3	179	179	False	0.515716989275175
C361	5	0.06342156295903355	0.06509188873573073	0.9743389566789403	0.15204260051897697	Intermediate	Pre	author	detected_vs_zero	0.1	200	200	False	0.9116930284724865
C362	5	0.059925071969128586	0.06178524931830265	0.9698928567951409	0.316924339994471	Intermediate	Pre	author	detected_vs_zero	0.2	247	247	False	0.8767846832636526
C363	5	0.05833282843382311	0.05886274642735245	0.9909973960494121	0.20324319964737583	Intermediate	Pre	author	detected_vs_zero	0.3	261	261	False	0.6638670046097179
C365	5	0.06508278834693274	0.07143089278597786	0.9111294260584787	0.4319001248984025	Intermediate	Pre	trim95	2plus_vs_1	0.1	143	143	False	0.691040199837444
C366	5	0.06401014101721161	0.06614246370977037	0.9677616681786262	0.38392862384473	Intermediate	Pre	trim95	2plus_vs_1	0.2	201	201	False	0.5418296478439005
C367	5	0.06120326922085288	0.06425152832923679	0.9525574069963898	0.36081613811004687	Intermediate	Pre	trim95	2plus_vs_1	0.3	228	228	False	0.860579543935741
C369	5	0.06549213060840968	0.07344233027953963	0.8917490820230033	0.3062883065547018	Intermediate	Pre	trim95	3plus_vs_1	0.1	86	86	False	0.6066200882669952
C370	5	0.0639804759364123	0.0701348410871055	0.9122495316835515	0.2853421735661064	Intermediate	Pre	trim95	3plus_vs_1	0.2	124	124	False	0.7006972847184367
C371	5	0.06122123784914483	0.06586169558262585	0.9295423889040421	0.33860836713459347	Intermediate	Pre	trim95	3plus_vs_1	0.3	144	144	False	0.9149946245422911
C373	5	0.0662460743390976	0.07405843768634472	0.8945108269724192	0.3157931942106452	Intermediate	Pre	trim95	4plus_vs_1	0.1	50	50	False	0.49999999999999956
C374	5	0.06251676472231613	0.06844212884723015	0.9134251925719604	0.3271087592963351	Intermediate	Pre	trim95	4plus_vs_1	0.2	74	74	False	0.7652979846479824
C375	5	0.06090148099328026	0.06642185990717206	0.9168891247308218	0.4584127618861055	Intermediate	Pre	trim95	4plus_vs_1	0.3	89	89	False	0.7276875781354906
C377	5	0.06571106104385975	0.07466605567648074	0.8800660547622613	0.24555773805904282	Intermediate	Pre	trim95	3plus_vs_1to2	0.1	120	120	False	0.7822949670023956
C378	5	0.06685692467893094	0.07105960121871266	0.9408570204771287	0.19224142650373605	Intermediate	Pre	trim95	3plus_vs_1to2	0.2	156	156	False	0.6263181193981583
C379	5	0.06181744308257516	0.0657343001163825	0.9404138018222976	0.16668675699281887	Intermediate	Pre	trim95	3plus_vs_1to2	0.3	181	181	False	0.7524864938340569
C381	5	0.06014199581641442	0.06745797957425866	0.8915475410912551	0.17800886091470264	Intermediate	Pre	trim95	positive_q25	0.1	59	59	False	0.45714900746283127
C382	5	0.05863622395368663	0.06545822676896847	0.8957808185156045	0.25994355837810446	Intermediate	Pre	trim95	positive_q25	0.2	93	93	False	0.4549012271616828
C383	5	0.059098643781809554	0.062359504868013574	0.947708675796805	0.16492739078648264	Intermediate	Pre	trim95	positive_q25	0.3	115	115	False	0.5553348707258299
C385	5	0.06629810819179591	0.07445813507275305	0.8904078530440767	0.2947789086554606	Intermediate	Pre	trim95	positive_q33	0.1	90	90	False	0.6143345932921873
C386	5	0.06239804681562548	0.07022898616811069	0.8884941990513734	0.28582152110175224	Intermediate	Pre	trim95	positive_q33	0.2	138	138	False	0.7048327646991339
C387	5	0.061301565847599625	0.06697865084612459	0.9152403799299066	0.17477783934698238	Intermediate	Pre	trim95	positive_q33	0.3	162	162	False	0.46607423825861966
C389	5	0.06290489335923868	0.06442630608778296	0.9763852249037636	0.215175471135391	Intermediate	Pre	trim95	detected_vs_zero	0.1	195	195	False	0.7773793182842089
C390	5	0.0588457480889133	0.06101604145180327	0.9644307740841515	0.24032776703410386	Intermediate	Pre	trim95	detected_vs_zero	0.2	241	241	False	0.8302763868880269
C391	5	0.05742383520997626	0.058066582863179804	0.988930851076289	0.34575794635656293	Intermediate	Pre	trim95	detected_vs_zero	0.3	255	255	False	0.7711393593871362
C393	4	0.09036293164200143	0.09674066243833689	0.9340739391731925	0.08205444089576427	Intermediate	Post	author	2plus_vs_1	0.1	20	20	False	0.5822622876825402
C394	5	0.07302701432933993	0.07771873776524943	0.9396320170551288	0.20054428192157758	Intermediate	Post	author	2plus_vs_1	0.2	45	45	False	0.47893823049438433
C395	5	0.07413802622498276	0.07329548846839042	1.0114950834519059	0.7630130261278734	Intermediate	Post	author	2plus_vs_1	0.3	60	60	False	0.8754456558646458
C397	4	0.09217054263565896	0.10062015503875976	0.9160246533127887	0.10078412364211635	Intermediate	Post	author	3plus_vs_1	0.1	8	8	True	0.6047047418526982
C398	5	0.07573643410852715	0.08151937984496127	0.9290604792696842	0.26566086912753817	Intermediate	Post	author	3plus_vs_1	0.2	18	18	False	0.6675458053531308
C399	5	0.07405684754521964	0.07693367786391044	0.9626063591580832	0.5219730376890946	Intermediate	Post	author	3plus_vs_1	0.3	29	29	False	0.8872112106407126
C401	2	0.11007751937984503	0.11782945736434122	0.9342105263157889	0.49999999999999956	Intermediate	Post	author	4plus_vs_1	0.1	4	4	False	0.577858518056706
C402	3	0.09514211886304912	0.10335917312661506	0.9204999999999995	0.4255958771772882	Intermediate	Post	author	4plus_vs_1	0.2	8	8	False	0.7774973658966268
C403	4	0.09005167958656332	0.090374677002584	0.9964260185847033	0.9144095400970804	Intermediate	Post	author	4plus_vs_1	0.3	15	15	False	0.9144095400970804
C405	4	0.08656330749354006	0.09334625322997421	0.927335640138408	0.09538442520804698	Intermediate	Post	author	3plus_vs_1to2	0.1	10	10	False	0.43368717048372124
C406	5	0.08464944013781225	0.08774849267872527	0.9646825552632612	0.45092429605452256	Intermediate	Post	author	3plus_vs_1to2	0.2	28	28	False	0.579631955569043
C407	5	0.08272232160604255	0.08454104551778972	0.9784870899028039	0.6346577589481581	Intermediate	Post	author	3plus_vs_1to2	0.3	35	35	False	0.6346577589481581
C409	3	0.08268733850129203	0.09560723514211895	0.8648648648648645	0.236084585809823	Intermediate	Post	author	positive_q25	0.1	3	3	False	0.5309104071130616
C410	5	0.09156589147286823	0.09700258397932822	0.9439531166755457	0.21151556202235688	Intermediate	Post	author	positive_q25	0.2	12	12	False	0.40471882857029107
C411	5	0.08323145071982282	0.08899889258028797	0.9351964761217427	0.3042225670894813	Intermediate	Post	author	positive_q25	0.3	20	20	False	0.42113043257834115
C413	4	0.09215116279069771	0.09990310077519388	0.9224054316197863	0.10749869192818873	Intermediate	Post	author	positive_q33	0.1	8	8	False	0.5197554538437495
C414	5	0.08569415081042989	0.08949260042283301	0.9575557130482713	0.006807314631050686	Intermediate	Post	author	positive_q33	0.2	22	22	False	0.0476512024173548
C415	6	0.08807791691512624	0.08388524481547739	1.0499810438518895	0.6474426195641569	Intermediate	Post	author	positive_q33	0.3	32	32	False	0.7399344223590365
C417	5	0.07289922480620156	0.07248234280792423	1.0057514972906167	0.7723770649885133	Intermediate	Post	author	detected_vs_zero	0.1	38	38	False	0.9116930284724865
C418	5	0.07220626402021753	0.07360587216401171	0.9809851021033279	0.8270808554552695	Intermediate	Post	author	detected_vs_zero	0.2	68	68	False	0.8767846832636526
C419	5	0.07691954921503488	0.07342806476595806	1.0475497272086014	0.41491687788107373	Intermediate	Post	author	detected_vs_zero	0.3	83	83	False	0.6638670046097179
C421	3	0.08485788113695093	0.09018087855297159	0.9409742120343841	0.2380710537251375	Intermediate	Post	trim95	2plus_vs_1	0.1	18	18	False	0.691040199837444
C422	5	0.06908527131782947	0.07351937984496126	0.9396878954027835	0.24548160160415655	Intermediate	Post	trim95	2plus_vs_1	0.2	41	41	False	0.5418296478439005
C423	5	0.07051605758582505	0.06963535689117087	1.0126473207573357	0.7401302051503807	Intermediate	Post	trim95	2plus_vs_1	0.3	54	54	False	0.860579543935741
C425	3	0.08878552971576233	0.09643410852713187	0.920685959271168	0.26359956470061063	Intermediate	Post	trim95	3plus_vs_1	0.1	7	7	False	0.6066200882669952
C426	5	0.07373200442967885	0.07912735326688818	0.9318143648883164	0.30029883630790144	Intermediate	Post	trim95	3plus_vs_1	0.2	16	16	False	0.7006972847184367
C427	5	0.06916795865633077	0.07249956933677866	0.9540464762628903	0.39407021467841563	Intermediate	Post	trim95	3plus_vs_1	0.3	25	25	False	0.9149946245422911
C429	2	0.11007751937984503	0.11782945736434122	0.9342105263157889	0.49999999999999956	Intermediate	Post	trim95	4plus_vs_1	0.1	4	4	False	0.49999999999999956
C430	3	0.09514211886304912	0.10335917312661506	0.9204999999999995	0.4255958771772882	Intermediate	Post	trim95	4plus_vs_1	0.2	8	8	False	0.7652979846479824
C431	4	0.0832687338501292	0.08824289405684757	0.9436310395314785	0.5019122680635069	Intermediate	Post	trim95	4plus_vs_1	0.3	14	14	False	0.7276875781354906
C433	3	0.08130921619293714	0.08673557278208448	0.937437934458788	0.26076498900079853	Intermediate	Post	trim95	3plus_vs_1to2	0.1	9	9	False	0.7822949670023956
C434	5	0.07398794142980189	0.07743324720068909	0.9555061179087871	0.44737008528439876	Intermediate	Post	trim95	3plus_vs_1to2	0.2	24	24	False	0.6263181193981583
C435	5	0.07146817007282125	0.07372562837679117	0.9693802772024854	0.5775550468815542	Intermediate	Post	trim95	3plus_vs_1to2	0.3	29	29	False	0.7524864938340569
C437	3	0.08217054263565896	0.08888888888888898	0.9244186046511623	0.3061113335112896	Intermediate	Post	trim95	positive_q25	0.1	4	4	False	0.45714900746283127
C438	4	0.06722222222222224	0.07339793281653752	0.9158598838232701	0.21881083481367336	Intermediate	Post	trim95	positive_q25	0.2	12	12	False	0.4549012271616828
C439	5	0.06953857511997048	0.07728313030638614	0.8997898356897209	0.4165011530443724	Intermediate	Post	trim95	positive_q25	0.3	19	19	False	0.5553348707258299
C441	3	0.08802756244616715	0.09655469422911293	0.9116859946476357	0.13486786659642586	Intermediate	Post	trim95	positive_q33	0.1	9	9	False	0.6143345932921873
C442	4	0.06932699083861876	0.07131195677707308	0.9721650333525487	0.5580007578535746	Intermediate	Post	trim95	positive_q33	0.2	20	20	False	0.7048327646991339
C443	6	0.07826740873252504	0.07790167627376932	1.0046947957508698	0.9753984816198806	Intermediate	Post	trim95	positive_q33	0.3	30	30	False	0.9753984816198806
C445	5	0.06974139940213811	0.0696078431372549	1.0019186956363504	0.911645025416925	Intermediate	Post	trim95	detected_vs_zero	0.1	36	36	False	0.9606308446186329
C446	5	0.0693818957384849	0.07092367007095689	0.9782614981580974	0.8124831525587691	Intermediate	Post	trim95	detected_vs_zero	0.2	64	64	False	0.8457695860146095
C447	5	0.07227923771015428	0.07030114891947999	1.0281373607839597	0.6960813036678964	Intermediate	Post	trim95	detected_vs_zero	0.3	78	78	False	0.9143104716875918
