programme	n_source_genes	n_genes_in_221	genes_in_221	source_url	pmid
DELASERNA_MYOD_TARGETS_UP	86	29	ACTA1;AKT2;ATP2A1;BIN1;CDKN1A;CHRNA1;CHRNB1;CHRNG;CKM;DMPK;ENO3;HRC;HSPB8;KIFC3;KLF5;MYBPH;MYH3;MYL1;MYL4;MYOD1;MYOG;NAV2;PPFIA4;RB1;SH2B1;TNNC2;TNNI2;TNNT2;TNNT3	https://www.gsea-msigdb.org/gsea/msigdb/human/geneset/DELASERNA_MYOD_TARGETS_UP	15870273
DELASERNA_TARGETS_OF_MYOD_AND_SMARCA4	11	9	ACTA1;BIN1;MYH3;MYL4;MYOG;TNNC2;TNNI2;TNNT2;TNNT3	https://www.gsea-msigdb.org/gsea/msigdb/human/geneset/DELASERNA_TARGETS_OF_MYOD_AND_SMARCA4	15870273
GOBP_MUSCLE_CELL_DIFFERENTIATION	482	61	ACTA1;ACTC1;ACTN2;ACTN3;ADAM12;APLNR;BIN1;BNIP2;CACNA1H;CASQ1;CAV3;CDH2;CDON;CFD;CHRNB1;CSRP3;CTNNB1;DMD;DMPK;FLII;FOXO4;HDAC5;IFRD1;IGF1;ITGB1;KCNH1;KLF5;LAMA2;LARGE1;LDB3;MAPK11;MAPK12;MAPK14;MEF2A;MEF2C;MYBPC3;MYBPH;MYF5;MYF6;MYH11;MYH3;MYH9;MYL2;MYOD1;MYOG;MYOM1;MYOM2;MYOZ1;NEO1;NOS1;NOTCH1;RB1;RYR1;SGCD;SPAG9;SPEG;TCAP;TGFB1;TNNT1;TNNT2;TNNT3	https://www.gsea-msigdb.org/gsea/msigdb/human/geneset/GOBP_MUSCLE_CELL_DIFFERENTIATION	
GOBP_MUSCLE_CELL_FATE_COMMITMENT	17	6	MEF2C;MYF5;MYF6;MYL2;MYOD1;MYOG	https://www.gsea-msigdb.org/gsea/msigdb/human/geneset/GOBP_MUSCLE_CELL_FATE_COMMITMENT	
GOBP_MUSCLE_CONTRACTION	421	68	ACTA1;ACTC1;ACTN3;ANKRD2;ATP2A1;BDKRB2;BIN1;CACNA1H;CACNG1;CASQ1;CASQ2;CAV3;CHRNA1;CHRNB1;CHRNG;CKMT2;CRYAB;CSRP3;DES;DMD;DMPK;DTNA;FKBP1B;FXYD1;GAA;GJA5;GNAO1;GSN;HRC;KCNH2;LARGE1;MAP2K6;MB;MYBPC3;MYBPH;MYH1;MYH11;MYH2;MYH3;MYH4;MYH7;MYH8;MYL1;MYL2;MYL3;MYL4;MYL6B;MYLK;MYOM2;NOS1;PGAM2;RYR1;SGCA;SGCD;SLC6A8;SMTN;SPHK1;SSPN;TCAP;TNNC1;TNNC2;TNNI1;TNNI2;TNNT1;TNNT2;TNNT3;TPM2;TPM3	https://www.gsea-msigdb.org/gsea/msigdb/human/geneset/GOBP_MUSCLE_CONTRACTION	
GOBP_MYOBLAST_DIFFERENTIATION	110	17	ANKRD2;BOC;CSRP3;IFRD1;IGF1;IGFBP3;ITGB1;MAPK12;MAPK14;MEF2C;MYF5;MYF6;MYOD1;MYOG;NOTCH1;RB1;TGFB1	https://www.gsea-msigdb.org/gsea/msigdb/human/geneset/GOBP_MYOBLAST_DIFFERENTIATION	
GOBP_MYOBLAST_FUSION	92	12	ADAM12;CACNA1H;CAV3;CDON;ITGB1;KCNH1;MAPK14;MYH9;MYOD1;MYOG;NEO1;NOS1	https://www.gsea-msigdb.org/gsea/msigdb/human/geneset/GOBP_MYOBLAST_FUSION	
GOBP_MYOFIBRIL_ASSEMBLY	76	21	ACTA1;ACTC1;ACTN2;CASQ1;CAV3;CSRP3;FLII;ITGB1;LDB3;MYBPC3;MYBPH;MYH11;MYH3;MYL2;MYOM1;MYOM2;MYOZ1;TCAP;TNNT1;TNNT2;TNNT3	https://www.gsea-msigdb.org/gsea/msigdb/human/geneset/GOBP_MYOFIBRIL_ASSEMBLY	
GOBP_MYOTUBE_DIFFERENTIATION	179	24	ACTA1;ACTN3;ADAM12;CACNA1H;CAV3;CDON;DMPK;HDAC5;IGF1;ITGB1;KCNH1;KLF5;LARGE1;MAPK14;MEF2C;MYF5;MYF6;MYH9;MYOD1;MYOG;NEO1;NOS1;NOTCH1;RYR1	https://www.gsea-msigdb.org/gsea/msigdb/human/geneset/GOBP_MYOTUBE_DIFFERENTIATION	
GOBP_POSITIVE_REGULATION_OF_MUSCLE_CELL_DIFFERENTIATION	84	14	ACTN3;CAV3;IGF1;LAMA2;MAPK11;MAPK12;MAPK14;MEF2C;MYF5;MYF6;MYOD1;MYOG;NOTCH1;TGFB1	https://www.gsea-msigdb.org/gsea/msigdb/human/geneset/GOBP_POSITIVE_REGULATION_OF_MUSCLE_CELL_DIFFERENTIATION	
MEF2C_TARGET_GENES	1890	27	ACSL1;AKT2;BHLHE40;BIN1;CD36;CKB;CTNNB1;FHL1;GSN;HDAC5;ITGB1;LSP1;MEF2A;MEF2C;MEF2D;MYO1C;RB1;REEP1;SGCA;SORBS1;SORBS3;SPEG;SPHK1;SPTAN1;SVIL;TCF4;WWTR1	https://www.gsea-msigdb.org/gsea/msigdb/human/geneset/MEF2C_TARGET_GENES	30445619
MEF2D_TARGET_GENES	662	13	CKB;COL4A2;CTNNA2;HDAC5;ITGB5;KCNH2;MEF2A;MEF2C;MEF2D;MYOM2;PPFIA4;SGCA;SPHK1	https://www.gsea-msigdb.org/gsea/msigdb/human/geneset/MEF2D_TARGET_GENES	30445619
VANOEVELEN_MYOGENESIS_SIN3A_TARGETS	221	1	FLII	https://www.gsea-msigdb.org/gsea/msigdb/human/geneset/VANOEVELEN_MYOGENESIS_SIN3A_TARGETS	20956564
