programme	half_window_bp	high_cuts	low_cuts	fold_cuts	n_pairs	gate	contrast
All_221	100	7140	7290	0.9794238683127572	201	TSS_ge_3	3plus_vs_1
Hallmark	100	6089	6172	0.9865521710952689	201	TSS_ge_3	3plus_vs_1
Reactome	100	1251	1274	0.9819466248037677	201	TSS_ge_3	3plus_vs_1
MRF	100	87	101	0.8613861386138614	201	TSS_ge_3	3plus_vs_1
MEF2	100	157	123	1.2764227642276422	201	TSS_ge_3	3plus_vs_1
Core_TF7	100	244	224	1.0892857142857142	201	TSS_ge_3	3plus_vs_1
DELASERNA_MYOD_TARGETS_UP	100	995	958	1.0386221294363256	201	TSS_ge_3	3plus_vs_1
DELASERNA_TARGETS_OF_MYOD_AND_SMARCA4	100	297	246	1.2073170731707317	201	TSS_ge_3	3plus_vs_1
GOBP_MUSCLE_CELL_DIFFERENTIATION	100	1934	1846	1.047670639219935	201	TSS_ge_3	3plus_vs_1
GOBP_MUSCLE_CELL_FATE_COMMITMENT	100	88	101	0.8712871287128713	201	TSS_ge_3	3plus_vs_1
GOBP_MUSCLE_CONTRACTION	100	1359	1275	1.0658823529411765	201	TSS_ge_3	3plus_vs_1
GOBP_MYOBLAST_DIFFERENTIATION	100	498	549	0.907103825136612	201	TSS_ge_3	3plus_vs_1
GOBP_MYOBLAST_FUSION	100	592	578	1.0242214532871972	201	TSS_ge_3	3plus_vs_1
GOBP_MYOFIBRIL_ASSEMBLY	100	404	302	1.3377483443708609	201	TSS_ge_3	3plus_vs_1
GOBP_MYOTUBE_DIFFERENTIATION	100	930	935	0.9946524064171123	201	TSS_ge_3	3plus_vs_1
GOBP_POSITIVE_REGULATION_OF_MUSCLE_CELL_DIFFERENTIATION	100	459	474	0.9683544303797469	201	TSS_ge_3	3plus_vs_1
MEF2C_TARGET_GENES	100	971	951	1.0210304942166142	201	TSS_ge_3	3plus_vs_1
MEF2D_TARGET_GENES	100	469	442	1.0610859728506787	201	TSS_ge_3	3plus_vs_1
VANOEVELEN_MYOGENESIS_SIN3A_TARGETS	100	75	47	1.5957446808510638	201	TSS_ge_3	3plus_vs_1
All_221	200	11842	11851	0.9992405704159987	201	TSS_ge_3	3plus_vs_1
Hallmark	200	10136	10103	1.003266356527764	201	TSS_ge_3	3plus_vs_1
Reactome	200	2090	2042	1.0235063663075417	201	TSS_ge_3	3plus_vs_1
MRF	200	166	168	0.9880952380952381	201	TSS_ge_3	3plus_vs_1
MEF2	200	305	230	1.326086956521739	201	TSS_ge_3	3plus_vs_1
Core_TF7	200	471	398	1.1834170854271358	201	TSS_ge_3	3plus_vs_1
DELASERNA_MYOD_TARGETS_UP	200	1588	1485	1.0693602693602693	201	TSS_ge_3	3plus_vs_1
DELASERNA_TARGETS_OF_MYOD_AND_SMARCA4	200	487	395	1.2329113924050632	201	TSS_ge_3	3plus_vs_1
GOBP_MUSCLE_CELL_DIFFERENTIATION	200	3197	3029	1.0554638494552657	201	TSS_ge_3	3plus_vs_1
GOBP_MUSCLE_CELL_FATE_COMMITMENT	200	167	168	0.9940476190476191	201	TSS_ge_3	3plus_vs_1
GOBP_MUSCLE_CONTRACTION	200	2309	2106	1.0963912630579298	201	TSS_ge_3	3plus_vs_1
GOBP_MYOBLAST_DIFFERENTIATION	200	880	926	0.9503239740820735	201	TSS_ge_3	3plus_vs_1
GOBP_MYOBLAST_FUSION	200	941	930	1.0118279569892472	201	TSS_ge_3	3plus_vs_1
GOBP_MYOFIBRIL_ASSEMBLY	200	624	459	1.3594771241830066	201	TSS_ge_3	3plus_vs_1
GOBP_MYOTUBE_DIFFERENTIATION	200	1516	1505	1.0073089700996678	201	TSS_ge_3	3plus_vs_1
GOBP_POSITIVE_REGULATION_OF_MUSCLE_CELL_DIFFERENTIATION	200	892	910	0.9802197802197802	201	TSS_ge_3	3plus_vs_1
MEF2C_TARGET_GENES	200	1629	1532	1.0633159268929504	201	TSS_ge_3	3plus_vs_1
MEF2D_TARGET_GENES	200	758	669	1.133034379671151	201	TSS_ge_3	3plus_vs_1
VANOEVELEN_MYOGENESIS_SIN3A_TARGETS	200	90	69	1.3043478260869565	201	TSS_ge_3	3plus_vs_1
All_221	500	20548	20455	1.0045465656318748	201	TSS_ge_3	3plus_vs_1
Hallmark	500	17384	17308	1.0043910330483015	201	TSS_ge_3	3plus_vs_1
Reactome	500	3826	3683	1.0388270431713278	201	TSS_ge_3	3plus_vs_1
MRF	500	283	254	1.1141732283464567	201	TSS_ge_3	3plus_vs_1
MEF2	500	511	402	1.271144278606965	201	TSS_ge_3	3plus_vs_1
Core_TF7	500	794	656	1.2103658536585367	201	TSS_ge_3	3plus_vs_1
DELASERNA_MYOD_TARGETS_UP	500	2602	2390	1.088702928870293	201	TSS_ge_3	3plus_vs_1
DELASERNA_TARGETS_OF_MYOD_AND_SMARCA4	500	789	688	1.1468023255813953	201	TSS_ge_3	3plus_vs_1
GOBP_MUSCLE_CELL_DIFFERENTIATION	500	5703	5459	1.0446968309214142	201	TSS_ge_3	3plus_vs_1
GOBP_MUSCLE_CELL_FATE_COMMITMENT	500	288	257	1.1206225680933852	201	TSS_ge_3	3plus_vs_1
GOBP_MUSCLE_CONTRACTION	500	4096	3801	1.0776111549592213	201	TSS_ge_3	3plus_vs_1
GOBP_MYOBLAST_DIFFERENTIATION	500	1483	1468	1.0102179836512262	201	TSS_ge_3	3plus_vs_1
GOBP_MYOBLAST_FUSION	500	1700	1694	1.0035419126328218	201	TSS_ge_3	3plus_vs_1
GOBP_MYOFIBRIL_ASSEMBLY	500	1103	881	1.2519863791146424	201	TSS_ge_3	3plus_vs_1
GOBP_MYOTUBE_DIFFERENTIATION	500	2852	2788	1.0229555236728838	201	TSS_ge_3	3plus_vs_1
GOBP_POSITIVE_REGULATION_OF_MUSCLE_CELL_DIFFERENTIATION	500	1552	1560	0.9948717948717949	201	TSS_ge_3	3plus_vs_1
MEF2C_TARGET_GENES	500	2681	2523	1.0626238604835514	201	TSS_ge_3	3plus_vs_1
MEF2D_TARGET_GENES	500	1120	1003	1.1166500498504486	201	TSS_ge_3	3plus_vs_1
VANOEVELEN_MYOGENESIS_SIN3A_TARGETS	500	201	167	1.2035928143712575	201	TSS_ge_3	3plus_vs_1
All_221	1000	28947	28570	1.0131956597829892	201	TSS_ge_3	3plus_vs_1
Hallmark	1000	24647	24372	1.0112834400131299	201	TSS_ge_3	3plus_vs_1
Reactome	1000	5288	4996	1.0584467574059246	201	TSS_ge_3	3plus_vs_1
MRF	1000	393	336	1.1696428571428572	201	TSS_ge_3	3plus_vs_1
MEF2	1000	740	564	1.3120567375886525	201	TSS_ge_3	3plus_vs_1
Core_TF7	1000	1133	900	1.258888888888889	201	TSS_ge_3	3plus_vs_1
DELASERNA_MYOD_TARGETS_UP	1000	3711	3416	1.0863583138173303	201	TSS_ge_3	3plus_vs_1
DELASERNA_TARGETS_OF_MYOD_AND_SMARCA4	1000	1046	931	1.1235230934479055	201	TSS_ge_3	3plus_vs_1
GOBP_MUSCLE_CELL_DIFFERENTIATION	1000	7608	7216	1.0543237250554325	201	TSS_ge_3	3plus_vs_1
GOBP_MUSCLE_CELL_FATE_COMMITMENT	1000	406	341	1.1906158357771262	201	TSS_ge_3	3plus_vs_1
GOBP_MUSCLE_CONTRACTION	1000	5934	5616	1.0566239316239316	201	TSS_ge_3	3plus_vs_1
GOBP_MYOBLAST_DIFFERENTIATION	1000	2013	1977	1.0182094081942337	201	TSS_ge_3	3plus_vs_1
GOBP_MYOBLAST_FUSION	1000	2132	2025	1.0528395061728395	201	TSS_ge_3	3plus_vs_1
GOBP_MYOFIBRIL_ASSEMBLY	1000	1617	1308	1.2362385321100917	201	TSS_ge_3	3plus_vs_1
GOBP_MYOTUBE_DIFFERENTIATION	1000	3735	3546	1.0532994923857868	201	TSS_ge_3	3plus_vs_1
GOBP_POSITIVE_REGULATION_OF_MUSCLE_CELL_DIFFERENTIATION	1000	1995	1947	1.024653312788906	201	TSS_ge_3	3plus_vs_1
MEF2C_TARGET_GENES	1000	3817	3710	1.0288409703504042	201	TSS_ge_3	3plus_vs_1
MEF2D_TARGET_GENES	1000	1518	1350	1.1244444444444444	201	TSS_ge_3	3plus_vs_1
VANOEVELEN_MYOGENESIS_SIN3A_TARGETS	1000	323	257	1.2568093385214008	201	TSS_ge_3	3plus_vs_1
All_221	2000	38281	37745	1.0142005563650816	201	TSS_ge_3	3plus_vs_1
Hallmark	2000	33228	32742	1.0148433205057723	201	TSS_ge_3	3plus_vs_1
Reactome	2000	6260	6026	1.0388317291735811	201	TSS_ge_3	3plus_vs_1
MRF	2000	538	461	1.1670281995661604	201	TSS_ge_3	3plus_vs_1
MEF2	2000	850	677	1.255539143279173	201	TSS_ge_3	3plus_vs_1
Core_TF7	2000	1388	1138	1.2196836555360282	201	TSS_ge_3	3plus_vs_1
DELASERNA_MYOD_TARGETS_UP	2000	5157	4765	1.0822665267576075	201	TSS_ge_3	3plus_vs_1
DELASERNA_TARGETS_OF_MYOD_AND_SMARCA4	2000	1469	1251	1.1742605915267785	201	TSS_ge_3	3plus_vs_1
GOBP_MUSCLE_CELL_DIFFERENTIATION	2000	10050	9569	1.0502664855261783	201	TSS_ge_3	3plus_vs_1
GOBP_MUSCLE_CELL_FATE_COMMITMENT	2000	556	469	1.185501066098081	201	TSS_ge_3	3plus_vs_1
GOBP_MUSCLE_CONTRACTION	2000	8969	8378	1.0705418954404393	201	TSS_ge_3	3plus_vs_1
GOBP_MYOBLAST_DIFFERENTIATION	2000	2622	2642	0.9924299772899319	201	TSS_ge_3	3plus_vs_1
GOBP_MYOBLAST_FUSION	2000	2467	2393	1.0309235269536148	201	TSS_ge_3	3plus_vs_1
GOBP_MYOFIBRIL_ASSEMBLY	2000	2530	2066	1.2245885769603098	201	TSS_ge_3	3plus_vs_1
GOBP_MYOTUBE_DIFFERENTIATION	2000	4825	4597	1.0495975636284534	201	TSS_ge_3	3plus_vs_1
GOBP_POSITIVE_REGULATION_OF_MUSCLE_CELL_DIFFERENTIATION	2000	2463	2510	0.9812749003984064	201	TSS_ge_3	3plus_vs_1
MEF2C_TARGET_GENES	2000	5011	4882	1.0264235968865218	201	TSS_ge_3	3plus_vs_1
MEF2D_TARGET_GENES	2000	2019	1868	1.0808351177730193	201	TSS_ge_3	3plus_vs_1
VANOEVELEN_MYOGENESIS_SIN3A_TARGETS	2000	440	398	1.1055276381909547	201	TSS_ge_3	3plus_vs_1
All_221	3000	45732	45119	1.0135862940224738	201	TSS_ge_3	3plus_vs_1
Hallmark	3000	40220	39652	1.014324624230808	201	TSS_ge_3	3plus_vs_1
Reactome	3000	6924	6747	1.0262338817252112	201	TSS_ge_3	3plus_vs_1
MRF	3000	662	586	1.129692832764505	201	TSS_ge_3	3plus_vs_1
MEF2	3000	981	836	1.173444976076555	201	TSS_ge_3	3plus_vs_1
Core_TF7	3000	1643	1422	1.1554149085794656	201	TSS_ge_3	3plus_vs_1
DELASERNA_MYOD_TARGETS_UP	3000	6680	6123	1.0909684795035113	201	TSS_ge_3	3plus_vs_1
DELASERNA_TARGETS_OF_MYOD_AND_SMARCA4	3000	1935	1620	1.1944444444444444	201	TSS_ge_3	3plus_vs_1
GOBP_MUSCLE_CELL_DIFFERENTIATION	3000	11904	11354	1.048441078034173	201	TSS_ge_3	3plus_vs_1
GOBP_MUSCLE_CELL_FATE_COMMITMENT	3000	683	594	1.1498316498316499	201	TSS_ge_3	3plus_vs_1
GOBP_MUSCLE_CONTRACTION	3000	11671	11028	1.0583061298512877	201	TSS_ge_3	3plus_vs_1
GOBP_MYOBLAST_DIFFERENTIATION	3000	3066	3125	0.98112	201	TSS_ge_3	3plus_vs_1
GOBP_MYOBLAST_FUSION	3000	2677	2596	1.0312018489984591	201	TSS_ge_3	3plus_vs_1
GOBP_MYOFIBRIL_ASSEMBLY	3000	3414	2856	1.1953781512605042	201	TSS_ge_3	3plus_vs_1
GOBP_MYOTUBE_DIFFERENTIATION	3000	5442	5210	1.0445297504798465	201	TSS_ge_3	3plus_vs_1
GOBP_POSITIVE_REGULATION_OF_MUSCLE_CELL_DIFFERENTIATION	3000	2846	2921	0.9743238616912017	201	TSS_ge_3	3plus_vs_1
MEF2C_TARGET_GENES	3000	5799	5703	1.016833245660179	201	TSS_ge_3	3plus_vs_1
MEF2D_TARGET_GENES	3000	2477	2349	1.0544912728820774	201	TSS_ge_3	3plus_vs_1
VANOEVELEN_MYOGENESIS_SIN3A_TARGETS	3000	543	509	1.0667976424361494	201	TSS_ge_3	3plus_vs_1
All_221	5000	57556	56638	1.0162081994420706	201	TSS_ge_3	3plus_vs_1
Hallmark	5000	50773	49888	1.0177397370109045	201	TSS_ge_3	3plus_vs_1
Reactome	5000	8779	8580	1.023193473193473	201	TSS_ge_3	3plus_vs_1
MRF	5000	985	860	1.1453488372093024	201	TSS_ge_3	3plus_vs_1
MEF2	5000	1325	1148	1.1541811846689896	201	TSS_ge_3	3plus_vs_1
Core_TF7	5000	2310	2008	1.150398406374502	201	TSS_ge_3	3plus_vs_1
DELASERNA_MYOD_TARGETS_UP	5000	9074	8300	1.0932530120481927	201	TSS_ge_3	3plus_vs_1
DELASERNA_TARGETS_OF_MYOD_AND_SMARCA4	5000	2587	2200	1.175909090909091	201	TSS_ge_3	3plus_vs_1
GOBP_MUSCLE_CELL_DIFFERENTIATION	5000	14845	14163	1.0481536397655864	201	TSS_ge_3	3plus_vs_1
GOBP_MUSCLE_CELL_FATE_COMMITMENT	5000	1019	878	1.1605922551252847	201	TSS_ge_3	3plus_vs_1
GOBP_MUSCLE_CONTRACTION	5000	15142	14280	1.0603641456582633	201	TSS_ge_3	3plus_vs_1
GOBP_MYOBLAST_DIFFERENTIATION	5000	3722	3746	0.99359316604378	201	TSS_ge_3	3plus_vs_1
GOBP_MYOBLAST_FUSION	5000	3182	3074	1.0351333767078725	201	TSS_ge_3	3plus_vs_1
GOBP_MYOFIBRIL_ASSEMBLY	5000	4389	3776	1.1623411016949152	201	TSS_ge_3	3plus_vs_1
GOBP_MYOTUBE_DIFFERENTIATION	5000	6725	6404	1.0501249219237976	201	TSS_ge_3	3plus_vs_1
GOBP_POSITIVE_REGULATION_OF_MUSCLE_CELL_DIFFERENTIATION	5000	3467	3507	0.9885942400912461	201	TSS_ge_3	3plus_vs_1
MEF2C_TARGET_GENES	5000	7569	7363	1.0279777264701888	201	TSS_ge_3	3plus_vs_1
MEF2D_TARGET_GENES	5000	3202	3013	1.0627281778957849	201	TSS_ge_3	3plus_vs_1
VANOEVELEN_MYOGENESIS_SIN3A_TARGETS	5000	582	549	1.0601092896174864	201	TSS_ge_3	3plus_vs_1
