set_id	gsm	n_pairs	high	low	FC
HSMM_strong_all	GSM6339597	46	0.1633187345550635	0.16218100853906195	1.0070151618013126
HSMM_strong_all	GSM6339599	74	0.12065582746505651	0.121439109340066	0.9935500031310665
HSMM_strong_all	GSM6339601	58	0.11164690586614402	0.11136553276541246	1.002526572573619
HSMM_strong_all	GSM6339603	23	0.16510484206405518	0.16062733967850062	1.0278750952018278
HSMM_strong_absent_in_8_others	GSM6339597	46	0.1381871408435433	0.13845820232028624	0.9980422866092404
HSMM_strong_absent_in_8_others	GSM6339599	74	0.09826784390375412	0.09749275459998652	1.0079502246802627
HSMM_strong_absent_in_8_others	GSM6339601	58	0.10396422736262792	0.09420414481038782	1.1036056595162027
HSMM_strong_absent_in_8_others	GSM6339603	23	0.09411254472514366	0.0940041201344465	1.0011534025374855
HSMM_strong_at_most_1_other	GSM6339597	46	0.13652173913043478	0.13420289855072465	1.0172786177105833
HSMM_strong_at_most_1_other	GSM6339599	74	0.09762162162162161	0.09754954954954954	1.0007388252678242
HSMM_strong_at_most_1_other	GSM6339601	58	0.09926436781609196	0.0916551724137931	1.0830198143967895
HSMM_strong_at_most_1_other	GSM6339603	23	0.11055072463768116	0.10556521739130435	1.0472267984623833
