row	gene
1	ITGA7
2	PDLIM7
3	MEF2D
4	BHLHE40
5	CDH15
6	TPM2
7	SPTAN1
8	ENO3
9	CRAT
10	EPHB3
11	MYH9
12	FLII
13	PLXNB2
14	TNNC1
15	TNNC2
16	CLU
17	CDKN1A
18	TCF3
19	SPARC
20	AKT2
21	GADD45B
22	DMPK
23	CRYAB
24	COL1A1
25	BAG1
26	ATP2A1
27	BIN1
28	CNN3
29	ACTN3
30	LARGE1
31	MYO1C
32	PC
33	MEF2B
34	CDON
35	CTF1
36	SIRT2
37	AGRN
38	BNIP2
39	ERBB3
40	TEAD4
41	SPAG9
42	FXYD1
43	ACTC1
44	SH3BGR
45	NOTCH1
46	FABP3
47	NQO1
48	OCEL1
49	CHRNB1
50	STC2
51	SH2B1
52	PYGM
53	KLF5
54	NTN3
55	ABL1
56	GAA
57	TAGLN
58	MYBPH
59	CDH13
60	MAPK14
61	CKB
62	DES
63	PPFIA4
64	CDC42
65	MRAS
66	FDPS
67	PTP4A3
68	HSPB2
69	FKBP1B
70	TGFB1
71	FST
72	SCD
73	MAPK11
74	TNNT3
75	ANKRD2
76	ADCY9
77	HRC
78	SPEG
79	HDAC5
80	ITGB1
81	AK1
82	ACSL1
83	PSEN2
84	MYOD1
85	SSPN
86	RB1
87	MEF2A
88	TCAP
89	PGAM2
90	PPP1R3C
91	NCAM1
92	TNNT2
93	EIF4A2
94	MYOG
95	TNNI1
96	CHRNG
97	SGCA
98	CKM
99	AEBP1
100	MYL6B
101	LDB3
102	TCF12
103	TSC2
104	SORBS1
105	CTNNB1
106	APP
107	TPM3
108	MYLK
109	COL6A2
110	COL4A2
111	HBEGF
112	BOC
113	COL3A1
114	RIT1
115	DAPK2
116	NEO1
117	GABARAPL2
118	PRNP
119	RYR1
120	GPX3
121	MYF6
122	IGFBP3
123	CDH2
124	COX7A1
125	SLC6A8
126	CFD
127	KCNH1
128	MAPK12
129	CAV3
130	ACHE
131	MYBPC3
132	KCNH2
133	CDH4
134	PFKM
135	SYNGR2
136	AGL
137	ACTA1
138	LAMA2
139	MYF5
140	TNNT1
141	ADAM12
142	REEP1
143	DTNA
144	MAPRE3
145	GNAO1
146	MYL3
147	IGFBP7
148	COX6A2
149	CASQ1
150	PICK1
151	SVIL
152	EFS
153	FGF2
154	PKIA
155	TNNI2
156	ATP6AP1
157	COL6A3
158	NAV2
159	MYL4
160	MYOZ1
161	LSP1
162	FOXO4
163	CACNA1H
164	MYH7
165	LPIN1
166	BDKRB2
167	IGF1
168	PVALB
169	CKMT2
170	MB
171	MYH3
172	HSPB8
173	KIFC3
174	MYH8
175	MAP2K6
176	ITGB4
177	PTGIS
178	CASQ2
179	IFRD1
180	APOD
181	SLN
182	ABLIM1
183	CACNG1
184	MYOM2
185	COL15A1
186	SPHK1
187	APLNR
188	MYL7
189	SPDEF
190	MYH11
191	ITGB5
192	FHL1
193	VIPR1
194	CTNNA1
195	SORBS3
196	CHRNA1
197	MYH1
198	TPD52L1
199	MYL1
200	GSN
201	ACTN2
202	CAMK2B
203	SGCG
204	MYOM1
205	WWTR1
206	DMD
207	SOD3
208	MYH2
209	SMTN
210	CD36
211	SCHIP1
212	GJA5
213	MYH4
214	NOS1
215	CSRP3
216	MYL2
217	TCF4
218	SGCD
219	MEF2C
220	CTNNA2
221	PDE4DIP
