logFC	logCPM	F	PValue	FDR	peak	config	n_donors	FC	q_all_candidates	n_all_candidates	q_HSMM	n_HSMM	q_muscle_selective	n_muscle_selective	q_fusion_promoter	n_fusion_promoter	celltype	time	qc	rule	caliper	n_high	n_low
1.67545335241636	5.19889134704334	13.3962360526501	0.0008602145364413	0.984770521016854	chr3-8733222-8734203	C296	6	3.19419713207935	0.984770521016854	2767	0.756128577531921	879	0.137634325830611	160	0.0137634325830611	16	Slow	Post	author	positive_q25	none	454	454
1.85907742780081	5.23126091201432	11.2569168271936	0.0014709227133901	0.972111196027678	chr3-8733222-8734203	C324	6	3.62775600804402	0.972111196027678	2685	0.936898440239773	844	0.173170801750479	156	0.0220638407008516	15	Slow	Post	trim95	positive_q25	none	401	401
1.38209108240288	5.24622829679495	11.9289584933937	0.001566469314151	0.988625765371135	chr3-8733222-8734203	C328	6	2.60645884842998	0.988625765371135	2790	0.968667168886324	889	0.256900967520777	164	0.0266299783405683	17	Slow	Post	trim95	positive_q33	none	532	535
1.01730943303593	5.20212669978692	10.7240462699008	0.0024754217035949	0.99735286404916	chr3-8733222-8734203	C308	6	2.02414049848973	0.99735286404916	2899	0.992208245637541	941	0.43567421983271	176	0.0495084340718989	20	Slow	Post	trim95	2plus_vs_1	none	752	843
1.13508645790522	5.18553095816333	9.70186199380329	0.0031890838133239	0.986669458318835	chr3-8733222-8734203	C300	6	2.19631724464705	0.986669458318835	2859	0.883023351716509	924	0.197498718902504	173	0.0574035086398318	18	Slow	Post	author	positive_q33	none	601	602
1.4047075557292	5.26105666458565	7.97880815011153	0.0088797756105959	1.0	chr3-8733222-8734203	C312	6	2.64764107121969	1.0	2817	0.993413067903337	900	0.922754524138766	165	0.177595512211919	20	Slow	Post	trim95	3plus_vs_1	none	338	843
0.843148767015747	5.04470924702805	4.91910192675616	0.0265797230561508	0.999122559030332	chr3-8733222-8734203	C236	6	1.7939612984787	0.999122559030332	3041	0.993251142419932	1016	0.709409201260142	188	0.279087092089583	21	Slow	Pre	author	3plus_vs_1to2	none	1446	3342
0.918457952167163	5.13142274689754	4.4502213984249	0.034920794840795	0.993186256217608	chr3-8733222-8734203	C228	6	1.8900939560043	0.993186256217608	3004	0.986185553731427	998	0.985799312634783	185	0.366668345828348	21	Slow	Pre	author	3plus_vs_1	none	1446	2044
0.593120229870451	5.17193996382511	4.22719571020068	0.0424876027251822	0.994920201659837	chr3-8733222-8734203	C280	6	1.50850578578861	0.994920201659837	2936	0.9830717673584	965	0.835469305927461	179	0.309667046443431	20	Slow	Post	author	2plus_vs_1	none	877	926
0.746004971538199	5.81983710365696	3.54821450844855	0.0720685716500399	0.988803604383519	chr3-8733222-8734203	C365	5	1.67714214831664	0.988803604383519	1787	0.971194043103371	559	0.834172437401331	112	0.538206508008644	12	Intermediate	Pre	trim95	2plus_vs_1	0.1	143	143
0.75050298018003	5.00592071449534	3.16981888867572	0.0750359070518999	1.0	chr3-8733222-8734203	C264	6	1.68237927179425	1.0	3018	0.966134935518752	1003	0.895620855811196	186	0.787877024044949	21	Slow	Pre	trim95	3plus_vs_1to2	none	1154	3130
0.987082770646202	5.17415320407561	3.266257887053	0.0761208967651511	1.0	chr3-8733222-8734203	C232	6	1.98217284496226	1.0	2970	1.0	986	0.954627395982088	183	0.592509326974876	21	Slow	Pre	author	4plus_vs_1	none	743	2044
0.553121458259486	5.59711775352682	3.28993284067054	0.0792393402012607	0.984685000012729	chr3-8733222-8734203	C366	5	1.46725686504913	0.984685000012729	2085	0.986291528371769	649	0.992644752392444	124	0.475436041207564	12	Intermediate	Pre	trim95	2plus_vs_1	0.2	201	201
0.410551760453338	5.55667202273158	3.11609100129301	0.0848673893895142	0.99614417479668	chr3-8733222-8734203	C297	6	1.32919406876907	0.99614417479668	2331	0.997707851694335	718	0.98947922987683	135	0.367758687354561	13	Slow	Post	author	positive_q25	0.1	176	176
0.485364343676751	5.53135003996168	2.90500520315655	0.0981877557358067	0.998179336502544	chr3-8733222-8734203	C338	5	1.39993936695274	0.998179336502544	2185	0.993704677307388	681	0.957901669692282	125	0.343455837264948	13	Intermediate	Pre	author	2plus_vs_1	0.2	210	210
1.7128306058871	6.70958646774657	2.78185988329736	0.105100999019334	0.983320147559143	chr3-8733222-8734203	C059	6	3.27803351747808	0.983320147559143	657	0.963611288276868	229	0.861828191958536	41	0.420403996077335	8	Satellite Cells	Post	author	2plus_vs_1	0.3	16	16
0.576623522272155	5.06255258064543	2.39923729267793	0.121420438973638	0.996558775038563	chr3-8733222-8734203	C224	6	1.49135480019866	0.996558775038563	3041	0.990892422862058	1016	0.991518071888889	188	0.566845779916333	21	Slow	Pre	author	2plus_vs_1	none	2744	2044
0.600195303615162	5.72691762784101	2.53380352743588	0.122051645844338	0.99374465447077	chr3-8733222-8734203	C337	5	1.5159217692418	0.99374465447077	1905	0.979883290858495	592	0.920472688669605	116	0.599771156769104	12	Intermediate	Pre	author	2plus_vs_1	0.1	151	151
0.689552929228605	5.22459135899983	2.4065658994675	0.126527807208477	0.996673726549986	chr3-8733222-8734203	C320	6	1.61278366217159	0.996673726549986	2899	0.984405755831135	941	0.844546440207246	176	0.361508020595648	20	Slow	Post	trim95	3plus_vs_1to2	none	338	1257
0.295179616988155	5.18276231360191	2.06696414423908	0.150547100904252	0.953018495163664	chr3-8733222-8734203	C332	6	1.22703773518036	0.953018495163664	2984	0.921655687250446	984	0.83485210501449	183	0.71929997118464	20	Slow	Post	trim95	detected_vs_zero	none	1595	1243
0.592423849166874	5.18541633189366	2.07978867888427	0.154710370080401	0.995831479865916	chr3-8733222-8734203	C284	6	1.50777781432018	0.995831479865916	2878	0.98686907252916	931	0.96158463884573	172	0.618841480321604	20	Slow	Post	author	3plus_vs_1	none	408	926
0.682173111086131	5.09319556291516	1.95663022401696	0.16522044817036	0.990797086575213	chr3-8733222-8734203	C256	6	1.60455485403592	0.990797086575213	2975	0.97625713706773	984	0.898733861280384	182	0.642570820737598	21	Slow	Pre	trim95	3plus_vs_1	none	1154	1945
0.377339080153115	5.49017970608504	2.00251811666865	0.168405139483287	0.992022647948828	chr3-8733222-8734203	C339	5	1.29894386081647	0.992022647948828	2280	0.998711264201281	705	0.984811740646486	129	0.589417988191504	14	Intermediate	Pre	author	2plus_vs_1	0.3	239	239
0.388455605146652	5.53390162891808	1.83778104697463	0.188139775583484	1.0	chr3-8733222-8734203	C367	5	1.30899138753135	1.0	2188	0.951501845064796	677	0.998956155940423	129	0.914918125411833	12	Intermediate	Pre	trim95	2plus_vs_1	0.3	228	228
0.149916571278728	5.41116307176434	1.61935136602121	0.213261693136354	0.993406365427162	chr3-8733222-8734203	C134	6	1.10950530931476	0.993406365427162	2875	0.994731565692234	935	0.983088751693079	174	0.677765086324993	18	Fast	Pre	author	positive_q33	0.2	1083	1083
0.913340085828486	5.3127629198087	1.52928584263921	0.225432965710547	0.994220654137484	chr3-8733222-8734203	C082	6	1.88340084996085	0.994220654137484	1642	0.990482364538281	628	0.948666646150053	123	0.762133874997597	13	Satellite Cells	Post	author	detected_vs_zero	0.2	70	70
3.87371010195168	6.43717888984068	1.53039613976687	0.226771277952774	0.999132082725145	chr3-8733222-8734203	C048	6	14.6589524194038	0.999132082725145	802	0.999846661805694	285	0.969489156577231	53	0.865893233740487	8	Satellite Cells	Pre	trim95	positive_q33	none	44	44
0.912414096110179	5.15549572749143	1.44130500924695	0.236219466475272	0.995540605187454	chr3-8733222-8734203	C083	6	1.88219238233675	0.995540605187454	1709	0.998518083843822	651	0.99203924709315	125	0.873257399836918	13	Satellite Cells	Post	author	detected_vs_zero	0.3	77	77
0.994818524043804	5.14816390194321	1.41614194327932	0.238568394798121	1.0	chr3-8733222-8734203	C260	6	1.99282983272613	1.0	2932	1.0	966	0.975566943527693	179	0.917465761140598	20	Slow	Pre	trim95	4plus_vs_1	none	550	1945
0.918363914525407	5.3591993497275	1.38066470189505	0.242939158932907	1.0	chr3-8733222-8734203	C111	6	1.88997076005457	1.0	1577	0.992794352492874	602	0.970799652151902	115	0.735487022979343	13	Satellite Cells	Post	trim95	detected_vs_zero	0.3	70	70
0.133690684581119	5.36982188171861	1.33407218474752	0.255121005885143	0.987274222790256	chr3-8733222-8734203	C135	6	1.09709669361242	0.987274222790256	2900	0.966318750885488	948	0.940433579364184	178	0.682989316691838	18	Fast	Pre	author	positive_q33	0.3	1168	1168
0.729627664918514	6.05353497650063	1.30798073302953	0.270828073308123	0.993275881271845	chr3-8733222-8734203	C380	6	1.65821108028997	0.993275881271845	1945	0.981891913220765	610	0.993640936302665	117	0.686131812084803	12	Intermediate	Pre	trim95	positive_q25	none	168	168
0.629581191771546	5.96406962353511	1.25750040978155	0.278219416448715	0.999816475022684	chr3-8733222-8734203	C352	6	1.54711580721473	0.999816475022684	2151	0.996086038890627	674	0.992324459279316	126	0.616315697898788	12	Intermediate	Pre	author	positive_q25	none	188	188
0.2069472194807	5.39313633861532	1.17652620432025	0.283182352479124	0.992261739351099	chr3-8733222-8734203	C301	6	1.15424318914036	0.992261739351099	2629	0.941638879381802	818	0.990801278372946	147	0.707955881197809	15	Slow	Post	author	positive_q33	0.1	312	312
1.51831915528313	4.80503058491483	1.05150355633913	0.305187025266008	1.0	chr3-8733222-8734203	C108	6	2.8645711172748	1.0	2388	1.0	856	0.928295579806987	164	0.508645042110013	15	Satellite Cells	Post	trim95	detected_vs_zero	none	73	401
0.196971494379028	5.29142880958865	0.977718311599332	0.326516881597043	0.98837593531556	chr3-8733222-8734203	C285	6	1.14628953643872	0.98837593531556	2619	0.956092685707174	823	0.851722099846268	146	0.772070280215269	16	Slow	Post	author	3plus_vs_1	0.1	307	307
0.796408136151063	5.45867138090117	0.950451846167328	0.330385197547621	0.990091503449598	chr3-8733222-8734203	C110	6	1.73677171568883	0.990091503449598	1490	0.999496995508346	578	0.958122936196288	110	0.715834594686512	13	Satellite Cells	Post	trim95	detected_vs_zero	0.2	64	64
0.371861051763476	5.08176475153341	0.958167356837536	0.333535629139739	0.997272733361995	chr3-8733222-8734203	C244	6	1.29402101927421	0.997272733361995	2988	0.98330861352274	990	0.979516712296434	183	0.981875656857345	21	Slow	Pre	author	positive_q33	none	1597	1599
0.787807020380415	6.07311685513603	0.947053267574233	0.337916457394525	0.96895060831942	chr3-8733222-8734203	C081	6	1.72644816633466	0.96895060831942	1271	0.965262670491435	492	0.924160630538326	93	0.552780937219191	9	Satellite Cells	Post	author	detected_vs_zero	0.1	48	48
0.788944481532072	6.12189766841998	0.909877098588403	0.34599063998467	0.969620280352663	chr3-8733222-8734203	C109	6	1.72780988313003	0.969620280352663	1244	0.968880616491651	483	0.926609757876905	91	0.744545000355565	9	Satellite Cells	Post	trim95	detected_vs_zero	0.1	47	47
0.122380084529405	5.2283612088718	0.870686636024181	0.35325232991585	0.997349230334775	chr3-8733222-8734203	C283	6	1.08852918183068	0.997349230334775	2907	0.975438964915946	949	0.946006516370447	177	0.588753883193083	20	Slow	Post	author	2plus_vs_1	0.3	756	756
0.50309822740654	6.09231581072126	0.837867869171221	0.361024665170327	1.0	chr3-8733222-8734203	C207	6	1.41725388844227	1.0	1393	0.996973658665574	444	0.872435711060358	87	0.812305496633236	9	Fast	Post	trim95	4plus_vs_1	0.3	50	50
0.194743810281349	5.16840098413306	0.812712673741602	0.367337458318349	0.94051803891314	chr3-8733222-8734203	C304	6	1.14452090175663	0.94051803891314	3016	0.925606336061691	1003	0.94725374505238	186	0.794065498349353	20	Slow	Post	author	detected_vs_zero	none	1803	1309
0.584849342873645	5.55646364281845	0.77598967023662	0.384201573003962	0.994163277644279	chr3-8733222-8734203	C053	6	1.49988235204948	0.994163277644279	1568	0.999935863504019	598	0.956378616691716	119	0.706707755058095	12	Satellite Cells	Pre	trim95	detected_vs_zero	0.1	102	102
0.161485312453867	5.24639576522504	0.759545721972332	0.38638743838138	0.994413651736991	chr3-8733222-8734203	C287	6	1.11843802236751	0.994413651736991	2701	0.978672002744689	852	0.858563910920236	151	0.657410594687133	16	Slow	Post	author	3plus_vs_1	0.3	372	372
0.104913705626317	5.22012467064168	0.705493873453234	0.402057795709092	1.0	chr3-8733222-8734203	C305	6	1.07543006200502	1.0	2944	0.970768533132012	963	0.829176827896478	182	0.999131931675626	20	Slow	Post	author	detected_vs_zero	0.1	994	994
1.02006466359206	5.78116167197475	0.69439907386197	0.404709918608634	1.0	chr3-8733222-8734203	C056	6	2.02800985575661	1.0	1316	1.0	483	0.9517627451597	89	0.664171523620745	10	Satellite Cells	Post	author	2plus_vs_1	none	29	65
0.336741615658349	5.37719062967021	0.708723916616885	0.405185904230733	0.967824881155124	chr3-8733222-8734203	C188	6	1.26290105805907	0.967824881155124	2840	0.965032641694411	915	0.934662746242532	174	0.623362929585742	20	Fast	Post	author	positive_q33	none	600	604
0.461570055832342	5.57287417872037	0.636719007145824	0.428482190843795	0.993101464212536	chr3-8733222-8734203	C025	6	1.37703960733706	0.993101464212536	1713	1.0	646	0.939154817775543	121	0.711206052979259	12	Satellite Cells	Pre	author	detected_vs_zero	0.1	112	112
0.437353941009295	6.1084390486058	0.615304576242612	0.434130809499235	0.992379588592733	chr3-8733222-8734203	C206	6	1.35411844853401	0.992379588592733	1374	0.999539329803927	440	0.977320593433027	85	0.855677740132706	9	Fast	Post	trim95	4plus_vs_1	0.2	48	48
0.0935932855651175	5.20087603589318	0.607040973852672	0.436692795374932	0.999949264029298	chr3-8733222-8734203	C306	6	1.06702448759935	0.999949264029298	2968	1.0	978	0.913782257979968	182	0.99878071574431	20	Slow	Post	author	detected_vs_zero	0.2	1140	1140
0.501000346221503	5.76949340105825	0.606924330358999	0.444224163944335	0.953389966236185	chr3-8733222-8734203	C364	6	1.41519449994847	0.953389966236185	2469	0.964640351476042	776	0.902677866709236	143	0.768456550147325	16	Intermediate	Pre	trim95	2plus_vs_1	none	390	270
3.00683216113567	6.04909896807598	0.598690999987229	0.448979581801086	0.999892694520852	chr3-8733222-8734203	C076	6	8.03797539476435	0.999892694520852	1029	1.0	385	0.965986372965972	71	0.903556941629017	8	Satellite Cells	Post	author	positive_q33	none	33	33
0.379370783372179	5.97877832610882	0.597786147090241	0.451596355047533	0.999908482203255	chr3-8733222-8734203	C384	6	1.30077441230571	0.999908482203255	2170	0.993440154792275	680	0.954618101279815	127	0.890203048698487	12	Intermediate	Pre	trim95	positive_q33	none	220	221
0.106812921776701	5.46739374759209	0.54040628790651	0.464312350376834	0.998498788062254	chr3-8733222-8734203	C131	6	1.07684672946983	0.998498788062254	2794	0.994362898655669	890	0.970096808476401	167	0.839828244212632	17	Fast	Pre	author	positive_q25	0.3	794	794
0.31236809779071	5.02229012036525	0.536816337957306	0.464729544201778	0.999721655551386	chr3-8733222-8734203	C252	6	1.24174427712914	0.999721655551386	3018	0.996437444073228	1003	0.997799918989686	186	0.597233199175012	21	Slow	Pre	trim95	2plus_vs_1	none	2339	1945
0.274623931600833	5.0672969012635	0.52298591849514	0.472937765059348	0.996259110549455	chr3-8733222-8734203	C272	6	1.20967872025738	0.996259110549455	2958	0.997700675378346	978	0.959689329660255	182	0.935862138386635	20	Slow	Pre	trim95	positive_q33	none	1429	1431
0.102532190965612	5.24210414650862	0.505698180303412	0.478980771539037	1.0	chr3-8733222-8734203	C281	6	1.07365627083588	1.0	2863	0.976078088361635	922	0.857123485911961	170	0.736893494675442	20	Slow	Post	author	2plus_vs_1	0.1	607	607
0.2831328114813	6.04517034123437	0.445490553321292	0.506260705748063	0.987992452812988	chr3-8733222-8734203	C179	6	1.21683437269973	0.987992452812988	1599	0.96739988603742	509	0.932131333748638	95	0.825024258067949	10	Fast	Post	author	4plus_vs_1	0.3	61	61
0.125233265744413	5.22577968447937	0.44385399317414	0.507794675609973	0.995985408478435	chr3-8733222-8734203	C286	6	1.09068406838197	0.995985408478435	2691	0.964820068641307	850	0.870724708096492	151	0.744678103642035	16	Slow	Post	author	3plus_vs_1	0.2	360	360
0.0825409263381803	5.501368963784	0.432614165137707	0.51468952552941	0.99719989662767	chr3-8733222-8734203	C125	6	1.05888133908274	0.99719989662767	2849	1.0	919	0.99344756104726	175	0.84221922359358	18	Fast	Pre	author	3plus_vs_1to2	0.1	930	930
0.523939185484008	5.62554258559699	0.424609063055699	0.521148547617582	0.938974097738237	chr3-8733222-8734203	C336	6	1.43787592019583	0.938974097738237	2609	0.945493167625995	823	0.907105195150739	150	0.795782977497945	17	Intermediate	Pre	author	2plus_vs_1	none	460	284
0.380212333647146	6.22153888953915	0.415116880978547	0.522928275504501	0.990477980525942	chr3-8733222-8734203	C205	6	1.30153339903888	0.990477980525942	1305	0.994064472587904	415	0.89784287975284	80	0.813623485721144	9	Fast	Post	trim95	4plus_vs_1	0.1	41	41
0.0822252861481104	5.37432598408614	0.407442777053216	0.526097999595468	0.998277333836139	chr3-8733222-8734203	C163	6	1.05864969695565	0.998277333836139	2858	0.999467667016792	925	0.922929604780887	174	0.756742159003921	18	Fast	Pre	trim95	positive_q33	0.3	1090	1090
0.117601060921618	5.22524801533077	0.405492843228395	0.528858396687722	1.0	chr3-8733222-8734203	C295	6	1.08492932194776	1.0	2720	0.988559099263424	853	0.938053497736095	153	0.642185195977949	17	Slow	Post	author	3plus_vs_1to2	0.3	385	385
0.127584611307255	5.37581254839292	0.393672967354059	0.531950309985943	0.984695675303488	chr3-8733222-8734203	C329	6	1.0924631458146	0.984695675303488	2595	0.974345293100068	804	0.966805818747284	149	0.766657488482689	15	Slow	Post	trim95	positive_q33	0.1	314	314
0.247199249932314	5.50105207655346	0.39443448197958	0.534818524051644	0.972385047315109	chr3-8733222-8734203	C347	5	1.18690070863505	0.972385047315109	1612	0.929150114067378	504	0.918919559121119	104	0.73537547057101	11	Intermediate	Pre	author	4plus_vs_1	0.3	98	98
0.490881389797135	6.92758734130968	0.386174436716994	0.538426532221234	0.991830119867331	chr3-8733222-8734203	C398	5	1.40530315940276	0.991830119867331	715	0.950652662856177	223	0.893621588265079	43	0.693465013267227	9	Intermediate	Post	author	3plus_vs_1	0.2	18	18
0.0639228337921145	5.40001804894889	0.375436514292386	0.541306489673695	0.994906570698756	chr3-8733222-8734203	C143	6	1.0453041879609	0.994906570698756	2975	0.990262019163668	986	0.953730481806033	185	0.713470837830492	20	Fast	Pre	trim95	2plus_vs_1	0.3	1750	1750
0.826590716332177	6.32700847819609	0.372365992109628	0.541751569204076	0.899333196711784	chr3-8733222-8734203	C084	6	1.77348941094397	0.899333196711784	1015	0.921504975063829	388	0.832919198813735	70	0.838488190343562	8	Satellite Cells	Post	trim95	2plus_vs_1	none	19	54
0.285154648924958	5.96207137359241	0.355262012771884	0.557319693045813	0.999862583396516	chr3-8733222-8734203	C395	5	1.21854087751357	0.999862583396516	1525	0.965069743139954	490	0.936894516234801	97	0.860919721117705	10	Intermediate	Post	author	2plus_vs_1	0.3	60	60
0.599161762735742	4.68787839744034	0.324503439740384	0.57059347048073	1.0	chr3-8733222-8734203	C080	6	1.5148361579412	1.0	2515	0.994840388976351	890	0.9192013847513	165	0.841954568486192	16	Satellite Cells	Post	author	detected_vs_zero	none	94	424
0.109293403886399	5.26937976771139	0.311424056394174	0.578501487890958	0.991672873953712	chr3-8733222-8734203	C293	6	1.07869978680404	0.991672873953712	2645	0.966476228958589	823	0.947491124352385	146	0.771335317187944	16	Slow	Post	author	3plus_vs_1to2	0.1	333	333
0.281551796735902	5.2506003524802	0.307674734162294	0.58036430813208	1.0	chr3-8733222-8734203	C288	6	1.21550160362848	1.0	2830	0.998321895494233	904	0.972933060632339	168	1.0	19	Slow	Post	author	4plus_vs_1	none	177	926
0.211739141368747	5.18876560247787	0.30296902954174	0.583305092064236	0.985120769595716	chr3-8733222-8734203	C292	6	1.15808339023864	0.985120769595716	2936	0.977884137404069	965	0.92373737573552	179	0.844661606269818	20	Slow	Post	author	3plus_vs_1to2	none	408	1395
0.510728677000502	6.86082912932831	0.290378456142941	0.594953271087072	0.984101585354863	chr3-8733222-8734203	C410	5	1.42476963712411	0.984101585354863	528	0.998963835199546	165	0.992105175126363	27	0.990331368225485	7	Intermediate	Post	author	positive_q25	0.2	12	12
0.40448487955328	5.31072156292017	0.266803147458645	0.607169449714883	1.0	chr3-8733222-8734203	C316	6	1.32361622316835	1.0	2765	1.0	876	1.0	158	0.993550008624354	18	Slow	Post	trim95	4plus_vs_1	none	136	843
0.0773480442751536	4.92870207858333	0.254935758150453	0.614884355069792	0.988391285373759	chr3-8733222-8734203	C273	5	1.05507681933334	0.988391285373759	2864	0.989622763012375	924	0.954307383268117	171	0.881460031044452	18	Slow	Pre	trim95	positive_q33	0.1	921	921
0.0678117220915522	5.46023906468493	0.252644793750887	0.616225062868408	1.0	chr3-8733222-8734203	C162	6	1.04812568168116	1.0	2831	1.0	916	0.986084148064503	171	0.841820615734361	18	Fast	Pre	trim95	positive_q33	0.2	1003	1003
0.051622941580934	5.43881879828667	0.240846728594421	0.624289816343543	0.997996584748503	chr3-8733222-8734203	C142	6	1.03643018735484	0.997996584748503	2974	0.993611155864227	984	0.94484867510557	185	0.734458607462991	20	Fast	Pre	trim95	2plus_vs_1	0.2	1717	1717
0.31158396675204	5.47756267501557	0.242476746672164	0.624778342890179	0.995790201607996	chr3-8733222-8734203	C054	6	1.24106954987152	0.995790201607996	1653	0.997776586678532	624	0.971561743814746	122	0.971545681232843	13	Satellite Cells	Pre	trim95	detected_vs_zero	0.2	119	119
0.10922126901632	5.51897421014738	0.229347979901481	0.633765492506454	0.990252879466976	chr3-8733222-8734203	C183	6	1.0786458530748	0.990252879466976	2401	0.964536218415965	747	0.932059397816344	136	0.673375835788107	17	Fast	Post	author	3plus_vs_1to2	0.3	192	192
0.0627329152693129	5.21392248249229	0.223532918228574	0.636869015595123	0.993127250248627	chr3-8733222-8734203	C282	6	1.04444238836096	0.993127250248627	2900	0.98873827678557	943	0.991507403970896	176	0.847984371002657	20	Slow	Post	author	2plus_vs_1	0.2	730	730
0.254859156333368	5.74609723126135	0.227831041220365	0.640709086839653	1.0	chr3-8733222-8734203	C420	5	1.19321924885039	1.0	1763	0.99974648359788	562	0.903166068310163	109	0.936959462684882	11	Intermediate	Post	trim95	2plus_vs_1	none	94	82
0.210855130705543	5.61281031954391	0.21950603406806	0.642569272003376	0.964973969779249	chr3-8733222-8734203	C375	5	1.15737399258544	0.964973969779249	1409	0.953648621652477	440	0.922702257826499	91	0.785362443559682	11	Intermediate	Pre	trim95	4plus_vs_1	0.3	89	89
0.22648770406508	5.42903813691972	0.216254815543783	0.645491129161792	0.99181483349059	chr3-8733222-8734203	C027	6	1.16998311081451	0.99181483349059	1946	0.989477026487429	723	0.960744431687674	140	0.83913846791033	13	Satellite Cells	Pre	author	detected_vs_zero	0.3	145	145
0.238149339130557	5.15082926970313	0.214390050842104	0.64762619790531	0.983680998963042	chr3-8733222-8734203	C268	6	1.17947867849502	0.983680998963042	2899	0.970767997954716	946	0.934644646064057	175	0.9500979614092	19	Slow	Pre	trim95	positive_q25	none	1073	1073
0.251435688411958	5.39907972234167	0.202231070353175	0.655844291087717	1.0	chr3-8733222-8734203	C026	6	1.19039113562204	1.0	1855	0.989833628132359	690	0.942608937707516	132	0.947330642682258	13	Satellite Cells	Pre	author	detected_vs_zero	0.2	137	137
0.516510888256915	6.64444822250917	0.212565620763374	0.658561181715773	0.999186915397531	chr3-8733222-8734203	C431	4	1.43049146339622	0.999186915397531	544	0.965517664718888	173	0.807268545329012	38	0.995340260227088	7	Intermediate	Post	trim95	4plus_vs_1	0.3	14	14
0.381823190108902	7.17605351732812	0.190793379505858	0.662297209641854	1.0	chr3-8733222-8734203	C426	5	1.30298745158887	1.0	588	0.991415610173804	185	0.914405255743946	35	0.859767682982914	7	Intermediate	Post	trim95	3plus_vs_1	0.2	16	16
0.0819074403232149	5.3462430023723	0.189648360073954	0.665056863883364	0.995646163730791	chr3-8733222-8734203	C299	6	1.05841648736321	0.995646163730791	2616	0.986410981572162	827	0.945805893935012	150	0.767373304480805	15	Slow	Post	author	positive_q25	0.3	318	318
0.294609836770936	6.85831416109314	0.189932752113303	0.665162667430702	0.998652627548815	chr3-8733222-8734203	C427	5	1.22655322267732	0.998652627548815	859	0.991186331307378	271	0.915167453601122	57	0.949557393396907	9	Intermediate	Post	trim95	3plus_vs_1	0.3	25	25
0.077388512972121	5.31948532695448	0.18802178413782	0.66637888113564	0.994701441295025	chr3-8733222-8734203	C331	6	1.05510641545845	0.994701441295025	2744	0.987503354141301	868	0.993819182811733	159	0.822810045077992	17	Slow	Post	trim95	positive_q33	0.3	441	441
0.208703100984374	5.60793253135448	0.188822861942367	0.667705959578994	0.974807371605454	chr3-8733222-8734203	C383	5	1.15564885565383	0.974807371605454	1585	0.973519791824067	501	0.978027819185075	105	0.984612363437694	11	Intermediate	Pre	trim95	positive_q25	0.3	115	115
0.0915730369939323	5.34641346659812	0.182345961066072	0.671216326428187	0.989480468590702	chr3-8733222-8734203	C313	6	1.06553134731248	0.989480468590702	2537	0.955931465628447	787	0.96585169861191	144	0.879724229355738	14	Slow	Post	trim95	3plus_vs_1	0.1	282	282
0.929098001285418	5.45642554305151	0.178882031945961	0.672343653782449	1.0	chr3-8733222-8734203	C208	6	1.90408515580179	1.0	2884	1.0	937	1.0	177	1.0	20	Fast	Post	trim95	3plus_vs_1to2	none	159	1425
0.160749278619816	5.50184085124344	0.175392966905189	0.679592008533588	0.987018814977973	chr3-8733222-8734203	C387	5	1.1178675634375	0.987018814977973	1929	0.969638238773266	603	0.948450364626987	120	0.95797480608848	12	Intermediate	Pre	trim95	positive_q33	0.3	162	162
0.474177894962023	6.32585664827055	0.169308706203646	0.688953109340604	0.999070768594027	chr3-8733222-8734203	C403	4	1.38912641475939	0.999070768594027	606	0.98206731558554	192	0.904250956009543	42	0.994480597609103	8	Intermediate	Post	author	4plus_vs_1	0.3	15	15
0.111668802899915	5.58128965465315	0.160931574219104	0.690102728407917	1.0	chr3-8733222-8734203	C209	6	1.0804773301828	1.0	2155	0.992595685695938	682	0.999567726789181	124	0.845004848232118	14	Fast	Post	trim95	3plus_vs_1to2	0.1	140	140
0.211752240850451	6.02817756736694	0.160031938335369	0.692186963196295	0.992885434299281	chr3-8733222-8734203	C423	5	1.15809390553163	0.992885434299281	1384	0.976490403125681	444	0.962030968227633	91	0.92022859783085	10	Intermediate	Post	trim95	2plus_vs_1	0.3	54	54
0.843255313433961	5.99809147576345	0.152331862299587	0.696344268762972	0.896612450406115	chr3-8733222-8734203	C060	5	1.7940937916277	0.896612450406115	1010	0.912046581695892	373	0.817022407010556	68	0.795822021443396	8	Satellite Cells	Post	author	3plus_vs_1	none	11	59
0.106503587585579	5.59588925758676	0.152103018041777	0.697210372819148	0.996689123800505	chr3-8733222-8734203	C211	6	1.07661586307474	0.996689123800505	2233	0.994835860572871	701	0.992390510594849	130	0.813412101622339	14	Fast	Post	trim95	3plus_vs_1to2	0.3	159	159
0.24714194885186	6.56321095600755	0.143678751269905	0.706121202577254	0.984208024993243	chr3-8733222-8734203	C399	5	1.18685356815112	0.984208024993243	991	0.981574635176356	321	0.87134588590644	66	0.946646958107193	9	Intermediate	Post	author	3plus_vs_1	0.3	29	29
0.146870776815787	5.38315075982205	0.143379029561903	0.707468334591824	0.983415650424218	chr3-8733222-8734203	C371	5	1.1071654104777	0.983415650424218	1835	0.99567612582312	571	0.992170063507784	111	0.942220683847857	12	Intermediate	Pre	trim95	3plus_vs_1	0.3	144	144
0.130290376717736	5.36080409964044	0.142683025656107	0.707744291945739	0.999282305456522	chr3-8733222-8734203	C343	5	1.09451397608284	0.999282305456522	1977	0.999282305456522	611	0.986788824625387	121	0.96763589682422	12	Intermediate	Pre	author	3plus_vs_1	0.3	156	156
0.68155533174291	5.95429495363974	0.135420390768393	0.712898240918364	0.834344813240356	chr3-8733222-8734203	C068	5	1.6038679114658	0.834344813240356	1216	0.848688382045671	450	0.810555534194852	83	0.891122801147955	10	Satellite Cells	Post	author	3plus_vs_1to2	none	11	76
0.105087511279635	5.50150741482558	0.128713357427279	0.721011656153378	0.989741627032237	chr3-8733222-8734203	C289	6	1.07555962998635	0.989741627032237	2164	0.979449196520245	669	0.957682841413993	127	0.852104684544901	13	Slow	Post	author	4plus_vs_1	0.1	130	130
0.0755883731011263	5.70052464760837	0.127596085345243	0.722081885185953	0.98996134586522	chr3-8733222-8734203	C151	6	1.05379071490911	0.98996134586522	2345	0.994859022156592	723	0.966597665133167	134	0.843995571730474	16	Fast	Pre	trim95	4plus_vs_1	0.3	336	336
0.0330860438180442	5.43317085150428	0.121799354686414	0.727638878044124	0.990121020683699	chr3-8733222-8734203	C114	6	1.02319849252655	0.990121020683699	2995	0.97520012020759	997	0.930956627058214	188	0.787722102901565	20	Fast	Pre	author	2plus_vs_1	0.2	1886	1886
0.0718589994283707	5.42202857012611	0.12041259190534	0.729869295137644	1.0	chr3-8733222-8734203	C298	6	1.05107017861854	1.0	2513	0.992746677429437	778	0.977300302024729	142	0.803543818414348	14	Slow	Post	author	positive_q25	0.2	257	257
0.0781573149374391	5.33779473886464	0.104368866566879	0.746659694225404	0.99693689843447	chr3-8733222-8734203	C124	6	1.05566882402993	0.99693689843447	3024	0.995363213306383	1010	0.958968377971256	189	0.878215347547604	20	Fast	Pre	author	3plus_vs_1to2	none	1045	3744
0.0675938385699534	5.32054928396105	0.103537725225541	0.748872217573666	0.985797775600419	chr3-8733222-8734203	C321	6	1.04796740008719	0.985797775600419	2587	0.982003180624427	801	0.998647128832562	145	0.811134602519401	16	Slow	Post	trim95	3plus_vs_1to2	0.1	303	303
0.199353562674392	5.4714702828893	0.102123449393477	0.750427186291262	0.992323089951051	chr3-8733222-8734203	C055	6	1.14818376588827	0.992323089951051	1670	0.999803671794877	629	0.999803671794877	122	0.965583845012251	13	Satellite Cells	Pre	trim95	detected_vs_zero	0.3	122	122
0.0728189619273437	5.53266078798569	0.0976033433464669	0.755462270733877	0.978540576359556	chr3-8733222-8734203	C182	6	1.0517697885077	0.978540576359556	2382	0.967572020106626	743	0.938877205240505	136	0.809423861500583	15	Fast	Post	author	3plus_vs_1to2	0.2	187	187
0.0554684667741722	5.60310174140892	0.095080395338124	0.758929886178149	0.992314609786582	chr3-8733222-8734203	C122	6	1.03919649268539	0.992314609786582	2580	0.990456675010756	802	0.960674700903279	146	0.909973082172794	16	Fast	Pre	author	4plus_vs_1	0.2	424	424
0.0364000842432088	5.44872162296216	0.092522262691151	0.762039535318399	0.989897398973088	chr3-8733222-8734203	C126	6	1.02555160162273	0.989897398973088	2890	0.979416200270087	938	0.9490177908724	178	0.876318608776103	18	Fast	Pre	author	3plus_vs_1to2	0.2	1004	1004
0.0357259495724639	5.19734791682076	0.0908064901676184	0.763353977156252	0.999629626446373	chr3-8733222-8734203	C307	6	1.02507249940819	0.999629626446373	2974	0.99964129976608	980	0.975798850904496	182	0.91291544195473	20	Slow	Post	author	detected_vs_zero	0.3	1180	1180
0.0435531716287701	5.55482627660701	0.0901614704959793	0.76442565308972	0.991738103048156	chr3-8733222-8734203	C153	6	1.03064905897149	0.991738103048156	2772	0.984086811393945	880	0.974854027904935	166	0.85392470174061	18	Fast	Pre	trim95	3plus_vs_1to2	0.1	796	796
0.158429622433593	6.15185842387192	0.0860625084900733	0.770453421416437	0.991518962316881	chr3-8733222-8734203	C177	6	1.1160716295757	0.991518962316881	1381	0.984803092180584	440	0.963432210334344	86	0.990582970392561	9	Fast	Post	author	4plus_vs_1	0.1	45	45
0.053135179402635	5.73751150618449	0.0837654535185373	0.774223249954217	0.999941346151111	chr3-8733222-8734203	C121	6	1.03751714656053	0.999941346151111	2497	0.999124067111564	774	0.999016457481738	143	0.996385124110669	16	Fast	Pre	author	4plus_vs_1	0.1	374	374
0.0368407825302671	5.22058922128314	0.0794386020725776	0.77806363391114	0.992676018469082	chr3-8733222-8734203	C333	6	1.02586492346692	0.992676018469082	2925	0.993845136859654	957	0.979428964074914	181	1.0	20	Slow	Post	trim95	detected_vs_zero	0.1	942	942
0.126017113736194	5.47917330814865	0.0761471438040952	0.785170324722116	0.984428872957061	chr3-8733222-8734203	C370	5	1.09127682207266	0.984428872957061	1723	0.957921616071811	543	0.978157905913514	108	0.915840281749954	11	Intermediate	Pre	trim95	3plus_vs_1	0.2	124	124
0.049606209305589	5.23968650533929	0.072552235596409	0.788989790872369	0.999938469789995	chr3-8733222-8734203	C294	6	1.0349823817601	0.999938469789995	2695	0.990153293842181	842	0.987190093687795	151	0.929386165449126	16	Slow	Post	author	3plus_vs_1to2	0.2	371	371
0.1226707867549	5.35321693274925	0.0677670884106253	0.796585276928507	0.991033331557435	chr3-8733222-8734203	C184	6	1.08874854193789	0.991033331557435	2738	0.981346228172732	864	0.946666560987501	164	0.930765153535683	18	Fast	Post	author	positive_q25	none	452	452
0.140063857558498	5.67099323054936	0.0656527379487235	0.799942569445364	0.999581100357241	chr3-8733222-8734203	C356	6	1.10195389023689	0.999581100357241	2377	0.992247206776381	737	0.984830109219643	139	0.939040880234868	14	Intermediate	Pre	author	positive_q33	none	250	250
0.0435018006158168	5.31852948221665	0.0637846832294677	0.801304509592653	0.992685839967351	chr3-8733222-8734203	C302	6	1.03061236061042	0.992685839967351	2732	0.979263866094354	859	0.967033075295977	155	0.850038928877706	16	Slow	Post	author	positive_q33	0.2	404	404
0.0473004619282433	5.31679516328201	0.0597513191578964	0.807333864813037	0.992962046885474	chr3-8733222-8734203	C136	6	1.03332957097533	0.992962046885474	3065	0.993582637105789	1024	0.967039228520678	191	0.847700558053689	21	Fast	Pre	author	detected_vs_zero	none	4789	3946
0.13355543388475	5.6386916346624	0.059326183525507	0.810134707475855	0.989837008798544	chr3-8733222-8734203	C374	5	1.09699384711164	0.989837008798544	1286	0.989576676566951	397	0.987741193212825	84	0.810134707475855	9	Intermediate	Pre	trim95	4plus_vs_1	0.2	74	74
1.07210526379144	6.30594734284133	0.0581574099994631	0.810667836146978	0.999811876791897	chr3-8733222-8734203	C072	6	2.10249921786078	0.999811876791897	797	0.973494281868807	281	0.906044003776332	53	0.87098803878134	7	Satellite Cells	Post	author	positive_q25	none	26	26
0.0621819067845827	5.61641708918767	0.0543030701565826	0.816349543167342	0.996735035101122	chr3-8733222-8734203	C210	6	1.04404356066988	0.996735035101122	2217	0.969303772254461	698	0.952752113848119	130	0.816349543167342	14	Fast	Post	trim95	3plus_vs_1to2	0.2	155	155
0.0413969577084802	5.305390046287	0.047877360674587	0.827203082154357	0.996547391776749	chr3-8733222-8734203	C270	6	1.02910982863061	0.996547391776749	2769	0.995799263881434	879	0.99353350901481	164	0.971849673598097	18	Slow	Pre	trim95	positive_q25	0.2	680	680
0.0311582887848172	5.53663403448852	0.0426841788185583	0.836765778953691	0.99752523907851	chr3-8733222-8734203	C146	6	1.02183218936067	0.99752523907851	2788	0.994062235334689	892	0.95999027493934	170	0.836765778953691	17	Fast	Pre	trim95	3plus_vs_1	0.2	810	810
0.241402863968445	5.48804703291271	0.0421956767220418	0.837791095989507	1.0	chr3-8733222-8734203	C360	5	1.18214160682768	1.0	2750	0.999402638451379	873	0.976741570533487	166	0.937382076896928	17	Intermediate	Pre	author	detected_vs_zero	none	740	289
0.159236641155061	6.00214089892274	0.0397402925847596	0.841996887647824	1.0	chr3-8733222-8734203	C432	5	1.11669611544169	1.0	1763	1.0	562	1.0	109	0.926196576412606	11	Intermediate	Post	trim95	3plus_vs_1to2	none	36	140
0.0286744154865479	5.50593663215761	0.0378748424962039	0.845813976414116	1.0	chr3-8733222-8734203	C147	6	1.02007442492667	1.0	2790	0.989441049303549	892	0.950255829668732	170	0.916787621204325	17	Fast	Pre	trim95	3plus_vs_1	0.3	821	821
0.117270269852814	6.10513734878107	0.0348229207068473	0.853611138053866	0.98701808828199	chr3-8733222-8734203	C373	5	1.08468059038693	0.98701808828199	1021	0.960394760556787	325	0.936206910348655	72	0.9603125303106	9	Intermediate	Pre	trim95	4plus_vs_1	0.1	50	50
0.0743531133156086	5.42686475977503	0.0338532700515344	0.855810716162905	0.986151365125752	chr3-8733222-8734203	C342	5	1.05288882771631	0.986151365125752	1818	0.968803028327187	566	0.944152319097877	111	0.938176465036455	11	Intermediate	Pre	author	3plus_vs_1	0.2	132	132
0.0337601670477128	4.98717108710577	0.0310946422910189	0.860876084098653	0.990817631498155	chr3-8733222-8734203	C233	5	1.02367671074265	0.990817631498155	2700	0.980350382579355	845	0.966294777675496	161	0.995616634532151	18	Slow	Pre	author	4plus_vs_1	0.1	531	531
0.0265521583612068	5.48414776714016	0.029480501532718	0.864277374137522	0.99991405377946	chr3-8733222-8734203	C159	6	1.01857496132445	0.99991405377946	2735	0.999137700125692	868	0.995215585590975	162	0.864277374137522	17	Fast	Pre	trim95	positive_q25	0.3	734	734
0.0173656847255421	4.8736685342882	0.0285423892210208	0.866004031313333	0.994681053894427	chr3-8733222-8734203	C249	5	1.01210971134171	0.994681053894427	3022	0.998638370210318	1007	0.987812751336227	188	0.957162350398947	21	Slow	Pre	author	detected_vs_zero	0.1	2263	2263
0.028069734015717	5.26264685753377	0.027842852342517	0.867893256552092	0.992466123525938	chr3-8733222-8734203	C303	6	1.01964696739803	0.992466123525938	2779	0.977877881945603	878	0.980834871776921	160	0.867893256552092	16	Slow	Post	author	positive_q33	0.3	458	458
0.0151294868186002	5.39615812058118	0.0251293375066935	0.874420905039763	0.996588310470359	chr3-8733222-8734203	C115	6	1.01054214203315	0.996588310470359	3000	0.998603688135637	1001	0.982372325150979	189	0.874420905039763	20	Fast	Pre	author	2plus_vs_1	0.3	1937	1937
0.0480178625449476	5.01122545332696	0.0248404599295085	0.874767856800318	0.999886800425394	chr3-8733222-8734203	C248	6	1.03384353657083	0.999886800425394	3056	0.997817982660628	1018	0.961114407381045	189	0.998717460699102	21	Slow	Pre	author	detected_vs_zero	none	4788	2544
0.0237727648829395	5.56709845624761	0.0233590760211286	0.878713672113658	1.0	chr3-8733222-8734203	C145	6	1.01661453638809	1.0	2760	1.0	880	0.975086156885721	168	0.933633276620762	17	Fast	Pre	trim95	3plus_vs_1	0.1	756	756
0.0225783708553844	5.20574021029103	0.0213696582063757	0.883778452916751	0.992462863077099	chr3-8733222-8734203	C274	6	1.01577323881205	0.992462863077099	2893	0.992390781199471	941	0.978955929335522	175	0.916529902166817	19	Slow	Pre	trim95	positive_q33	0.2	1081	1081
0.0896742040804599	7.00720760891201	0.0201258150381025	0.887193966726422	0.99401701827276	chr3-8733222-8734203	C434	5	1.06412984870219	0.99401701827276	927	0.972638594013459	303	0.969780563775669	60	0.887193966726422	9	Intermediate	Post	trim95	3plus_vs_1to2	0.2	24	24
0.0324730355989172	4.99041536716932	0.0169921084718391	0.896288680312589	0.997135691732543	chr3-8733222-8734203	C276	6	1.02276382280741	0.997135691732543	3050	0.991958992897524	1016	0.987022300269041	189	0.996855051135239	21	Slow	Pre	trim95	detected_vs_zero	none	4284	2461
0.0222944177290181	5.62152702089873	0.0166981271180754	0.897424806806548	1.0	chr3-8733222-8734203	C123	6	1.01557333266713	1.0	2616	0.992344421517097	814	0.969271215671367	149	0.982488975349477	16	Fast	Pre	author	4plus_vs_1	0.3	446	446
0.14515962824175	5.52032008961351	0.0158777967725884	0.900338792697742	0.996866285215633	chr3-8733222-8734203	C388	5	1.10585300461435	0.996866285215633	2650	0.996017541636687	838	0.9891045891609	156	0.900338792697742	17	Intermediate	Pre	trim95	detected_vs_zero	none	657	283
0.0177061524180146	5.50322612706002	0.0152944049801401	0.901707820901817	0.997337080404913	chr3-8733222-8734203	C154	6	1.01234859157079	0.997337080404913	2789	0.998234931007773	892	0.987173798945195	170	0.946278824260069	18	Fast	Pre	trim95	3plus_vs_1to2	0.2	821	821
0.0757860727755604	6.95515212332419	0.0144528271188337	0.904314917153852	0.999579631308527	chr3-8733222-8734203	C435	5	1.05393513098495	0.999579631308527	1011	0.997385626012592	329	0.997826759835612	63	0.904314917153852	9	Intermediate	Post	trim95	3plus_vs_1to2	0.3	29	29
0.0368099223019294	5.44020265124824	0.0134684621967589	0.907611951239395	0.998573764038154	chr3-8733222-8734203	C120	6	1.02584297975305	0.998573764038154	2955	0.995682595352329	979	0.99024960655676	183	0.907611951239395	19	Fast	Pre	author	4plus_vs_1	none	464	2549
0.0122590567835511	5.44535024782295	0.0123837834502175	0.911396298898465	0.999381698617186	chr3-8733222-8734203	C141	6	1.00853353543526	0.999381698617186	2954	0.989622939683702	970	0.963265751517835	181	0.963020313233335	20	Fast	Pre	trim95	2plus_vs_1	0.1	1586	1586
0.392690558973473	6.10895277876706	0.0117204898109772	0.914412368386561	0.991176212654316	chr3-8733222-8734203	C020	6	1.31283950667332	0.991176212654316	1179	0.973769004530362	436	0.96118946799319	92	0.996457494056071	9	Satellite Cells	Pre	author	positive_q33	none	57	58
0.0535851281649542	5.55327846671044	0.0117220628965625	0.914456182723006	0.996071068684068	chr3-8733222-8734203	C346	5	1.03784077861574	0.996071068684068	1426	0.988501499957695	449	0.957011737202855	93	0.914456182723006	9	Intermediate	Pre	author	4plus_vs_1	0.2	80	80
0.0987296475696084	5.73521947848423	0.0116722713824737	0.914799375572226	0.998476310599315	chr3-8733222-8734203	C404	5	1.07083013721899	0.998476310599315	1945	0.994307139414616	610	0.985277386914127	116	0.96890223831875	11	Intermediate	Post	author	3plus_vs_1to2	none	53	152
0.0217094754012558	5.35957733844026	0.0106421046382849	0.918062104397599	0.99515410128015	chr3-8733222-8734203	C327	6	1.01516165078068	0.99515410128015	2552	0.995724528649278	788	0.983485249286544	146	0.918062104397599	14	Slow	Post	trim95	positive_q25	0.3	296	296
0.0106909241388021	5.13491106102411	0.0103917418319899	0.918805733308708	0.997957732792042	chr3-8733222-8734203	C250	6	1.00743790876722	0.997957732792042	3031	0.999951803657781	1011	0.998013124111183	189	0.99704286623898	21	Slow	Pre	author	detected_vs_zero	0.2	2380	2380
0.0127764552483138	5.18866511324093	0.0100777728162348	0.920138972744714	0.997398138059832	chr3-8733222-8734203	C334	6	1.00889529399765	0.997398138059832	2947	0.998817141327949	966	0.958518567720741	180	0.98556100993579	20	Slow	Post	trim95	detected_vs_zero	0.2	1077	1077
0.0101220196007719	5.46421993819639	0.0100135639970821	0.920376962556675	1.0	chr3-8733222-8734203	C113	6	1.00704071948396	1.0	2980	0.987477350468859	986	0.998642507286098	185	0.920376962556675	20	Fast	Pre	author	2plus_vs_1	0.1	1707	1707
0.0141150118531394	5.45438899067078	0.0077944423303121	0.930053673365073	1.0	chr3-8733222-8734203	C130	6	1.00983179832197	1.0	2731	1.0	868	0.999766642645373	164	0.930053673365073	16	Fast	Pre	author	positive_q25	0.2	658	658
0.0188555585391737	4.92317209375561	0.0078271293484763	0.930177603197767	0.996327482536984	chr3-8733222-8734203	C261	5	1.01315545877583	0.996327482536984	2602	0.993183256507638	812	0.986531687023038	149	0.930177603197767	17	Slow	Pre	trim95	4plus_vs_1	0.1	472	472
0.0112701159216539	5.51675836471654	0.0073435595736572	0.931940233970506	0.999450469393543	chr3-8733222-8734203	C118	6	1.00784244117708	0.999450469393543	2865	0.999450469393543	930	0.996993879029956	176	0.931940233970506	18	Fast	Pre	author	3plus_vs_1	0.2	945	945
0.0093503261812358	5.2329278546783	0.0039505413288109	0.949884159858894	0.998575806297155	chr3-8733222-8734203	C275	6	1.00650220034439	0.998575806297155	2912	0.999606170639223	950	0.990649441737018	177	0.989900705962052	19	Slow	Pre	trim95	positive_q33	0.3	1154	1154
0.0275651781300398	6.09670820106151	0.0032187272818601	0.954922047300348	1.0	chr3-8733222-8734203	C178	6	1.01929042709558	1.0	1539	0.998507481363482	485	0.998199778269724	93	0.97763946389882	9	Fast	Post	author	4plus_vs_1	0.2	57	57
0.0139271107445838	5.49479498977605	0.0028851891359696	0.957355161153267	0.998454997361095	chr3-8733222-8734203	C181	6	1.00970028323888	0.998454997361095	2264	0.997487201931148	709	0.997487201931148	128	0.97398895754126	15	Fast	Post	author	3plus_vs_1to2	0.1	159	159
0.0061265850717299	5.44692671518578	0.0026343926196966	0.959219434132815	1.0	chr3-8733222-8734203	C127	6	1.00425565485897	1.0	2900	1.0	943	0.992487160172103	179	0.999765207107774	18	Fast	Pre	author	3plus_vs_1to2	0.3	1028	1028
0.0070910709100311	5.48548692399531	0.0024398360383712	0.960665415474209	1.0	chr3-8733222-8734203	C155	6	1.00492725500177	1.0	2795	1.0	895	0.999139023401006	170	0.960665415474209	18	Fast	Pre	trim95	3plus_vs_1to2	0.3	828	828
0.0090349086027412	5.73807074578408	0.0017698730373292	0.966593775946776	0.991401322662775	chr3-8733222-8734203	C150	6	1.00628217201123	0.991401322662775	2337	0.991895689204653	721	0.984451837910351	134	0.966593775946776	15	Fast	Pre	trim95	4plus_vs_1	0.2	332	332
0.0037505970929367	5.06790761254727	0.0012983064684416	0.971257301937682	0.998553164489161	chr3-8733222-8734203	C251	6	1.00260309799178	0.998553164489161	3030	0.997734531116123	1009	0.997734531116123	188	0.981066406864039	21	Slow	Pre	author	detected_vs_zero	0.3	2409	2409
0.0084937685761694	5.5168296778217	0.0009834672367626	0.975065922356967	0.994430438654659	chr3-8733222-8734203	C325	6	1.00590479672882	0.994430438654659	2257	0.994583177900025	697	0.989665505474366	130	0.975065922356967	13	Slow	Post	trim95	positive_q25	0.1	171	171
0.0051076457805421	5.30701698112202	0.0005948908683877	0.980641306313886	0.999963845823739	chr3-8733222-8734203	C314	6	1.0035466247145	0.999963845823739	2592	0.997836139660559	806	0.989086516400471	145	0.998480013612864	15	Slow	Post	trim95	3plus_vs_1	0.2	318	318
0.0107619242606774	5.47655875047312	0.0004892435882977	0.982353528416873	1.0	chr3-8733222-8734203	C148	6	1.00748748956731	1.0	2907	1.0	955	0.999812597706911	181	0.984401707803642	19	Fast	Pre	trim95	4plus_vs_1	none	339	2380
0.106032218572806	5.92046538388744	0.0004434979250062	0.983204306591973	1.0	chr3-8733222-8734203	C028	3	1.07626415987577	1.0	697	1.0	247	1.0	46	0.983204306591973	7	Satellite Cells	Pre	trim95	2plus_vs_1	none	20	77
0.0029172619648373	4.94532855681143	0.0003892274508441	0.984397987258225	1.0	chr3-8733222-8734203	C245	5	1.00202413771242	1.0	2900	1.0	943	0.999046183182444	176	0.991265791514467	18	Slow	Pre	author	positive_q33	0.1	1007	1007
0.0181015568711829	5.79660207436484	0.0003076560737785	0.986182023440923	0.99991738714494	chr3-8733222-8734203	C372	6	1.01262608749957	0.99991738714494	2085	0.999610310254344	648	0.996195119744531	121	0.986182023440923	12	Intermediate	Pre	trim95	4plus_vs_1	none	124	270
0.007839634822913	5.43530879375136	0.0002169283631105	0.988274587423783	1.0	chr3-8733222-8734203	C172	6	1.00544881184453	1.0	2864	1.0	926	1.0	174	0.988274587423783	19	Fast	Post	author	3plus_vs_1	none	200	1166
0.0032370767404372	5.76112629651472	0.00021416982728	0.988396001366542	0.999409272938281	chr3-8733222-8734203	C149	6	1.00224628975295	0.999409272938281	2301	0.99777847944828	710	0.99401734648726	133	0.988396001366542	15	Fast	Pre	trim95	4plus_vs_1	0.1	315	315
0.0030228715901899	5.42016749107949	5.24571758472664e-05	0.994279660087214	1.0	chr3-8733222-8734203	C386	5	1.00209749158429	1.0	1791	0.999498267563204	556	0.998803457882699	113	0.994279660087214	11	Intermediate	Pre	trim95	positive_q33	0.2	138	138
3.82122765139198e-05	4.89583929480129	6.70378493592279e-08	0.999793418658438	0.99997256175615	chr3-8733222-8734203	C277	5	1.00002648708251	0.99997256175615	3016	0.999793418658438	1004	0.999793418658438	188	0.999793418658438	20	Slow	Pre	trim95	detected_vs_zero	0.1	2190	2190
