celltype	time	model	peak	n_donors	r	lower	upper	p	tau2
Fast	Post	technical	chr1-211133720-211134678	6	0.02835468980418529	-0.010679578696622309	0.0673026733201723	0.120816252469723	9.490379801154263e-05
Fast	Post	technical	chr16-1311478-1312392	6	0.04414907165197775	0.0070474359373429996	0.08112932326252492	0.02815027530530327	0.0
Fast	Post	technical	chr3-8733222-8734203	6	-0.014482790345081499	-0.051568255308623294	0.02264256311509194	0.3620173085247922	0.0
Fast	Post	technical_state	chr1-211133720-211134678	6	0.029931822083251083	-0.007212608265788567	0.06699376755536184	0.09305651038881038	0.0
Fast	Post	technical_state	chr16-1311478-1312392	6	0.044532868594551564	0.007408707950596245	0.08153444076836426	0.027370377963384682	0.0
Fast	Post	technical_state	chr3-8733222-8734203	6	-0.01464220770260791	-0.051750481007500085	0.022506443478774948	0.3574823034211713	0.0
Fast	Pre	technical	chr1-211133720-211134678	6	0.008743908082272015	-0.048418703467347106	0.06584942977554332	0.7105450874529124	0.000991213274143955
Fast	Pre	technical	chr16-1311478-1312392	6	-0.0019704635468894404	-0.029522998216212248	0.025585063182869006	0.8614050061237256	0.0
Fast	Pre	technical	chr3-8733222-8734203	6	0.003891268714222148	-0.023665406307240632	0.03144203508531112	0.7314919054361144	0.0
Fast	Pre	technical_state	chr1-211133720-211134678	6	0.00865083692029145	-0.04845701192452065	0.065702311188121	0.713188355888899	0.0009943297777788634
Fast	Pre	technical_state	chr16-1311478-1312392	6	-0.0014676474224576566	-0.029030113272347034	0.026097048525401824	0.8964980364414502	0.0
Fast	Pre	technical_state	chr3-8733222-8734203	6	0.003684375873418985	-0.023881689652603993	0.031244843034832118	0.7451814929602965	0.0
Intermediate	Post	technical	chr1-211133720-211134678	4	0.018948525260855557	-0.19409757426119814	0.2302876977332804	0.7978103191276633	0.0
Intermediate	Post	technical	chr16-1311478-1312392	5	0.0292425231299575	-0.13730237836320588	0.19417949978362423	0.65299426331702	0.0
Intermediate	Post	technical	chr3-8733222-8734203	5	-0.0010253673595297247	-0.24165064310735343	0.2397187057482166	0.9913030987794416	0.015533570573537287
Intermediate	Post	technical_state	chr1-211133720-211134678	4	0.022094846179629306	-0.19299781570591826	0.23516134770801067	0.7677121238034488	0.0
Intermediate	Post	technical_state	chr16-1311478-1312392	5	0.04434665023412517	-0.12395258295459992	0.21016582091088326	0.5062998929676664	0.0
Intermediate	Post	technical_state	chr3-8733222-8734203	5	-0.01261790770287828	-0.28090328574831286	0.25749654451432813	0.9051300021586062	0.022686955431313844
Intermediate	Pre	technical	chr1-211133720-211134678	5	-0.003788497957375067	-0.16591542440701823	0.15853783871737856	0.951842523512377	0.006895833068786125
Intermediate	Pre	technical	chr16-1311478-1312392	5	-0.04487215083375932	-0.1508733675779655	0.06214921479515483	0.30922935235574267	0.0016920039906514028
Intermediate	Pre	technical	chr3-8733222-8734203	5	-0.02296088452619896	-0.1103564603977455	0.06478704107144057	0.5081231503023824	0.0
Intermediate	Pre	technical_state	chr1-211133720-211134678	5	-0.0008694932068670884	-0.17167172446269724	0.1699834853104922	0.9895055029551099	0.0076026622783673505
Intermediate	Pre	technical_state	chr16-1311478-1312392	5	-0.04137226892375431	-0.14713001469438777	0.06532073492015802	0.3424758699505252	0.001707084186188009
Intermediate	Pre	technical_state	chr3-8733222-8734203	5	-0.02379348011798195	-0.11139721282086201	0.06417719204882036	0.4947992118045742	0.0
Satellite Cells	Post	technical	chr1-211133720-211134678	6	0.048727452661162594	-0.1071433591059098	0.2022604892654287	0.4590018739676519	0.00647660136044531
Satellite Cells	Post	technical	chr16-1311478-1312392	6	0.02800494282747142	-0.1315573386088284	0.18615273776995192	0.6721529942798832	0.007427275230874566
Satellite Cells	Post	technical	chr3-8733222-8734203	6	0.016541609447272343	-0.10020624044862494	0.13284014555335386	0.7313082716661385	0.0
Satellite Cells	Post	technical_state	chr1-211133720-211134678	6	0.05500447035107646	-0.08646524331130867	0.19429976197913368	0.363854579521474	0.0034628620496220245
Satellite Cells	Post	technical_state	chr16-1311478-1312392	6	0.0031971939071203407	-0.14155818539100945	0.1478187069778568	0.9572050215376553	0.004061502303282947
Satellite Cells	Post	technical_state	chr3-8733222-8734203	6	0.013178122357399454	-0.10426324725516883	0.1302570330940119	0.7852430948205188	0.0
Satellite Cells	Pre	technical	chr1-211133720-211134678	5	-0.03054912552128889	-0.1410274004883339	0.08068065507449183	0.4887727662139137	0.0021662411630982833
Satellite Cells	Pre	technical	chr16-1311478-1312392	6	-0.006401984400393398	-0.08964935297089528	0.07693421559229004	0.8514981412555729	0.0
Satellite Cells	Pre	technical	chr3-8733222-8734203	6	0.04418495654160201	-0.039254690656316045	0.12701267438259087	0.23154740090165274	0.0
Satellite Cells	Pre	technical_state	chr1-211133720-211134678	5	-0.035749847159708664	-0.14256948842613298	0.07189297595486824	0.40903130631337137	0.0016855669487260882
Satellite Cells	Pre	technical_state	chr16-1311478-1312392	6	-0.010010338984497965	-0.0934909304213035	0.0736100243523956	0.7710399229348314	0.0
Satellite Cells	Pre	technical_state	chr3-8733222-8734203	6	0.04174266162802959	-0.041962494238306884	0.12486592557407242	0.25609460613488144	0.0
Slow	Post	technical	chr1-211133720-211134678	6	-0.04221448951239078	-0.08835734956020998	0.004109160136355052	0.06615936665459142	0.0
Slow	Post	technical	chr16-1311478-1312392	6	-0.010308802512768578	-0.06014904406601106	0.0395827123322235	0.6181891669431883	0.00023200370196746836
Slow	Post	technical	chr3-8733222-8734203	6	0.02095771375434659	-0.06042369960475711	0.10206234655220726	0.5375762718329479	0.002458155114676206
Slow	Post	technical_state	chr1-211133720-211134678	6	-0.04249266741457059	-0.08867875894175245	0.0038757559099155832	0.06508675048836511	0.0
Slow	Post	technical_state	chr16-1311478-1312392	6	-0.0105022953516049	-0.06003310829919005	0.03908010755156669	0.6096291573454485	0.0002083190154814491
Slow	Post	technical_state	chr3-8733222-8734203	6	0.02107434139408006	-0.06091776386730571	0.10278394430243484	0.5383336877417758	0.002501089635369522
Slow	Pre	technical	chr1-211133720-211134678	5	-0.004805004109371916	-0.03731697429474128	0.027717127535195948	0.7027323972135775	0.0
Slow	Pre	technical	chr16-1311478-1312392	6	-0.02393062519540714	-0.05790853016512367	0.010102657262964686	0.13047515144486976	0.00010149202209361324
Slow	Pre	technical	chr3-8733222-8734203	6	-0.0006979548436184243	-0.030782857242295958	0.029388211048481692	0.9547701546330116	0.0
Slow	Pre	technical_state	chr1-211133720-211134678	5	-0.005051240017277139	-0.03757402409865075	0.02748223356019149	0.6886853159465748	0.0
Slow	Pre	technical_state	chr16-1311478-1312392	6	-0.023871701563796144	-0.053930872499571576	0.006230694769548319	0.09704308258012738	0.0
Slow	Pre	technical_state	chr3-8733222-8734203	6	-0.0011214785590350656	-0.03121834446013954	0.028977419200203157	0.9274356335181282	0.0
