file	sha256	encoding
results/fixed_day0_D206/all_peaks.tsv	efa08b154417fe322cc3abbb17025f8298d04b2563353979e55b5bb9c800e817	LF_normalized_text
results/fixed_day0_D206/all_regions.tsv	487bc19440cf85a62b824a82f893270efb734806cfcbbc0f4e57228f4d5da59d	LF_normalized_text
results/fixed_day0_D206/figure3_display_rows.tsv	f9ad7553d3fe25331aca8de42956caa9d4b0abc63da4d97098fc7643e28d7dec	LF_normalized_text
results/fixed_day0_D206/fragment_profiles.tsv.gz	d70bde0b96915747bdc0a336472fc74d681b685dcfb68ea107f559c16eb275d4	file_bytes
results/fixed_day0_D206/links_by_source.tsv	9a254e03bdb022e8f2b52df2343881654c430a8281d5d11d5d979617d4b2ab5a	LF_normalized_text
results/fixed_day0_D206/links_combined.tsv	d7b1265e43847b864e578d490d69a96aaeb4fa7c85dd165189750cf0b4d2b8bf	LF_normalized_text
results/fixed_day0_D206/local_RNA_candidates.tsv	a3ccc09d6a64fe5d450c1068f3c5e9d16e5488c17d86c789b8c60c319c4531c1	LF_normalized_text
results/fixed_day0_D206/matched_pairs.tsv	2e51d9c06b812a40f499a625c61e444a8bf025d0635116411c50e9668c6895ea	LF_normalized_text
results/fixed_day0_D206/peak_membership.tsv	dfc450110ae4844d867c2b4e130e6010aba99ae718b1191f0c57e4c42d440c07	LF_normalized_text
results/fixed_day0_D206/profile_windows.tsv	992a1784635566486ec34b79035d8b5f67421f8d20757715ba92eea8aae74372	LF_normalized_text
results/fixed_day0_D206/QC_flow.tsv	5bab077d7ed90d283b1953f1586b6ea05460b479aabfeace26e66268a6740a11	LF_normalized_text
results/fixed_day0_D206/RNA_by_source.tsv	72516036990e7fb667fa8aac3a048045d9eab612354a06b5bd1b7c877ea5ef99	LF_normalized_text
results/fixed_day0_D206/RNA_high_low.tsv	365cadf31710733374b877ebeb3e587dba6e396c40625fb30c6f0205c7038e24	LF_normalized_text
results/fixed_day0_D206/selected_ATAC_by_source.tsv	6b490bbdf01033bc47df87b8519d7a93fc7a6673452cf981db7239744c4d87f6	LF_normalized_text
results/fixed_day0_D206/selected_regions.tsv	da769c534c93171bdaa4741e9514aff3d9be81a174127fdedd6754f8fa355641	LF_normalized_text
results/fixed_day0_D206/target_evidence.tsv	cbc7b66ff620e7f0abe25efcb000f006e935597a57d44c00334820ac079d5382	LF_normalized_text
