config	TSS	population	contrast	caliper	matching
D000	2	all_culture	2plus_vs_1	0.05	depth
D001	2	all_culture	2plus_vs_1	0.05	depth_state
D002	2	all_culture	2plus_vs_1	0.1	depth
D003	2	all_culture	2plus_vs_1	0.1	depth_state
D004	2	all_culture	2plus_vs_1	0.2	depth
D005	2	all_culture	2plus_vs_1	0.2	depth_state
D006	2	all_culture	2plus_vs_1	0.3	depth
D007	2	all_culture	2plus_vs_1	0.3	depth_state
D008	2	all_culture	3plus_vs_1	0.05	depth
D009	2	all_culture	3plus_vs_1	0.05	depth_state
D010	2	all_culture	3plus_vs_1	0.1	depth
D011	2	all_culture	3plus_vs_1	0.1	depth_state
D012	2	all_culture	3plus_vs_1	0.2	depth
D013	2	all_culture	3plus_vs_1	0.2	depth_state
D014	2	all_culture	3plus_vs_1	0.3	depth
D015	2	all_culture	3plus_vs_1	0.3	depth_state
D016	2	all_culture	4plus_vs_1	0.05	depth
D017	2	all_culture	4plus_vs_1	0.05	depth_state
D018	2	all_culture	4plus_vs_1	0.1	depth
D019	2	all_culture	4plus_vs_1	0.1	depth_state
D020	2	all_culture	4plus_vs_1	0.2	depth
D021	2	all_culture	4plus_vs_1	0.2	depth_state
D022	2	all_culture	4plus_vs_1	0.3	depth
D023	2	all_culture	4plus_vs_1	0.3	depth_state
D024	2	all_culture	detected_vs_zero	0.05	depth
D025	2	all_culture	detected_vs_zero	0.05	depth_state
D026	2	all_culture	detected_vs_zero	0.1	depth
D027	2	all_culture	detected_vs_zero	0.1	depth_state
D028	2	all_culture	detected_vs_zero	0.2	depth
D029	2	all_culture	detected_vs_zero	0.2	depth_state
D030	2	all_culture	detected_vs_zero	0.3	depth
D031	2	all_culture	detected_vs_zero	0.3	depth_state
D032	2	all_culture	2plus_vs_zero	0.05	depth
D033	2	all_culture	2plus_vs_zero	0.05	depth_state
D034	2	all_culture	2plus_vs_zero	0.1	depth
D035	2	all_culture	2plus_vs_zero	0.1	depth_state
D036	2	all_culture	2plus_vs_zero	0.2	depth
D037	2	all_culture	2plus_vs_zero	0.2	depth_state
D038	2	all_culture	2plus_vs_zero	0.3	depth
D039	2	all_culture	2plus_vs_zero	0.3	depth_state
D040	2	all_culture	2plus_vs_le1	0.05	depth
D041	2	all_culture	2plus_vs_le1	0.05	depth_state
D042	2	all_culture	2plus_vs_le1	0.1	depth
D043	2	all_culture	2plus_vs_le1	0.1	depth_state
D044	2	all_culture	2plus_vs_le1	0.2	depth
D045	2	all_culture	2plus_vs_le1	0.2	depth_state
D046	2	all_culture	2plus_vs_le1	0.3	depth
D047	2	all_culture	2plus_vs_le1	0.3	depth_state
D048	2	all_culture	positive_CP10k_Q25	0.05	depth
D049	2	all_culture	positive_CP10k_Q25	0.05	depth_state
D050	2	all_culture	positive_CP10k_Q25	0.1	depth
D051	2	all_culture	positive_CP10k_Q25	0.1	depth_state
D052	2	all_culture	positive_CP10k_Q25	0.2	depth
D053	2	all_culture	positive_CP10k_Q25	0.2	depth_state
D054	2	all_culture	positive_CP10k_Q25	0.3	depth
D055	2	all_culture	positive_CP10k_Q25	0.3	depth_state
D056	2	myogenic_detected	2plus_vs_1	0.05	depth
D057	2	myogenic_detected	2plus_vs_1	0.05	depth_state
D058	2	myogenic_detected	2plus_vs_1	0.1	depth
D059	2	myogenic_detected	2plus_vs_1	0.1	depth_state
D060	2	myogenic_detected	2plus_vs_1	0.2	depth
D061	2	myogenic_detected	2plus_vs_1	0.2	depth_state
D062	2	myogenic_detected	2plus_vs_1	0.3	depth
D063	2	myogenic_detected	2plus_vs_1	0.3	depth_state
D064	2	myogenic_detected	3plus_vs_1	0.05	depth
D065	2	myogenic_detected	3plus_vs_1	0.05	depth_state
D066	2	myogenic_detected	3plus_vs_1	0.1	depth
D067	2	myogenic_detected	3plus_vs_1	0.1	depth_state
D068	2	myogenic_detected	3plus_vs_1	0.2	depth
D069	2	myogenic_detected	3plus_vs_1	0.2	depth_state
D070	2	myogenic_detected	3plus_vs_1	0.3	depth
D071	2	myogenic_detected	3plus_vs_1	0.3	depth_state
D072	2	myogenic_detected	4plus_vs_1	0.05	depth
D073	2	myogenic_detected	4plus_vs_1	0.05	depth_state
D074	2	myogenic_detected	4plus_vs_1	0.1	depth
D075	2	myogenic_detected	4plus_vs_1	0.1	depth_state
D076	2	myogenic_detected	4plus_vs_1	0.2	depth
D077	2	myogenic_detected	4plus_vs_1	0.2	depth_state
D078	2	myogenic_detected	4plus_vs_1	0.3	depth
D079	2	myogenic_detected	4plus_vs_1	0.3	depth_state
D080	2	myogenic_detected	detected_vs_zero	0.05	depth
D081	2	myogenic_detected	detected_vs_zero	0.05	depth_state
D082	2	myogenic_detected	detected_vs_zero	0.1	depth
D083	2	myogenic_detected	detected_vs_zero	0.1	depth_state
D084	2	myogenic_detected	detected_vs_zero	0.2	depth
D085	2	myogenic_detected	detected_vs_zero	0.2	depth_state
D086	2	myogenic_detected	detected_vs_zero	0.3	depth
D087	2	myogenic_detected	detected_vs_zero	0.3	depth_state
D088	2	myogenic_detected	2plus_vs_zero	0.05	depth
D089	2	myogenic_detected	2plus_vs_zero	0.05	depth_state
D090	2	myogenic_detected	2plus_vs_zero	0.1	depth
D091	2	myogenic_detected	2plus_vs_zero	0.1	depth_state
D092	2	myogenic_detected	2plus_vs_zero	0.2	depth
D093	2	myogenic_detected	2plus_vs_zero	0.2	depth_state
D094	2	myogenic_detected	2plus_vs_zero	0.3	depth
D095	2	myogenic_detected	2plus_vs_zero	0.3	depth_state
D096	2	myogenic_detected	2plus_vs_le1	0.05	depth
D097	2	myogenic_detected	2plus_vs_le1	0.05	depth_state
D098	2	myogenic_detected	2plus_vs_le1	0.1	depth
D099	2	myogenic_detected	2plus_vs_le1	0.1	depth_state
D100	2	myogenic_detected	2plus_vs_le1	0.2	depth
D101	2	myogenic_detected	2plus_vs_le1	0.2	depth_state
D102	2	myogenic_detected	2plus_vs_le1	0.3	depth
D103	2	myogenic_detected	2plus_vs_le1	0.3	depth_state
D104	2	myogenic_detected	positive_CP10k_Q25	0.05	depth
D105	2	myogenic_detected	positive_CP10k_Q25	0.05	depth_state
D106	2	myogenic_detected	positive_CP10k_Q25	0.1	depth
D107	2	myogenic_detected	positive_CP10k_Q25	0.1	depth_state
D108	2	myogenic_detected	positive_CP10k_Q25	0.2	depth
D109	2	myogenic_detected	positive_CP10k_Q25	0.2	depth_state
D110	2	myogenic_detected	positive_CP10k_Q25	0.3	depth
D111	2	myogenic_detected	positive_CP10k_Q25	0.3	depth_state
D112	2	PAX7_detected	2plus_vs_1	0.05	depth
D113	2	PAX7_detected	2plus_vs_1	0.05	depth_state
D114	2	PAX7_detected	2plus_vs_1	0.1	depth
D115	2	PAX7_detected	2plus_vs_1	0.1	depth_state
D116	2	PAX7_detected	2plus_vs_1	0.2	depth
D117	2	PAX7_detected	2plus_vs_1	0.2	depth_state
D118	2	PAX7_detected	2plus_vs_1	0.3	depth
D119	2	PAX7_detected	2plus_vs_1	0.3	depth_state
D120	2	PAX7_detected	3plus_vs_1	0.05	depth
D121	2	PAX7_detected	3plus_vs_1	0.05	depth_state
D122	2	PAX7_detected	3plus_vs_1	0.1	depth
D123	2	PAX7_detected	3plus_vs_1	0.1	depth_state
D124	2	PAX7_detected	3plus_vs_1	0.2	depth
D125	2	PAX7_detected	3plus_vs_1	0.2	depth_state
D126	2	PAX7_detected	3plus_vs_1	0.3	depth
D127	2	PAX7_detected	3plus_vs_1	0.3	depth_state
D128	2	PAX7_detected	4plus_vs_1	0.05	depth
D129	2	PAX7_detected	4plus_vs_1	0.05	depth_state
D130	2	PAX7_detected	4plus_vs_1	0.1	depth
D131	2	PAX7_detected	4plus_vs_1	0.1	depth_state
D132	2	PAX7_detected	4plus_vs_1	0.2	depth
D133	2	PAX7_detected	4plus_vs_1	0.2	depth_state
D134	2	PAX7_detected	4plus_vs_1	0.3	depth
D135	2	PAX7_detected	4plus_vs_1	0.3	depth_state
D136	2	PAX7_detected	detected_vs_zero	0.05	depth
D137	2	PAX7_detected	detected_vs_zero	0.05	depth_state
D138	2	PAX7_detected	detected_vs_zero	0.1	depth
D139	2	PAX7_detected	detected_vs_zero	0.1	depth_state
D140	2	PAX7_detected	detected_vs_zero	0.2	depth
D141	2	PAX7_detected	detected_vs_zero	0.2	depth_state
D142	2	PAX7_detected	detected_vs_zero	0.3	depth
D143	2	PAX7_detected	detected_vs_zero	0.3	depth_state
D144	2	PAX7_detected	2plus_vs_zero	0.05	depth
D145	2	PAX7_detected	2plus_vs_zero	0.05	depth_state
D146	2	PAX7_detected	2plus_vs_zero	0.1	depth
D147	2	PAX7_detected	2plus_vs_zero	0.1	depth_state
D148	2	PAX7_detected	2plus_vs_zero	0.2	depth
D149	2	PAX7_detected	2plus_vs_zero	0.2	depth_state
D150	2	PAX7_detected	2plus_vs_zero	0.3	depth
D151	2	PAX7_detected	2plus_vs_zero	0.3	depth_state
D152	2	PAX7_detected	2plus_vs_le1	0.05	depth
D153	2	PAX7_detected	2plus_vs_le1	0.05	depth_state
D154	2	PAX7_detected	2plus_vs_le1	0.1	depth
D155	2	PAX7_detected	2plus_vs_le1	0.1	depth_state
D156	2	PAX7_detected	2plus_vs_le1	0.2	depth
D157	2	PAX7_detected	2plus_vs_le1	0.2	depth_state
D158	2	PAX7_detected	2plus_vs_le1	0.3	depth
D159	2	PAX7_detected	2plus_vs_le1	0.3	depth_state
D160	2	PAX7_detected	positive_CP10k_Q25	0.05	depth
D161	2	PAX7_detected	positive_CP10k_Q25	0.05	depth_state
D162	2	PAX7_detected	positive_CP10k_Q25	0.1	depth
D163	2	PAX7_detected	positive_CP10k_Q25	0.1	depth_state
D164	2	PAX7_detected	positive_CP10k_Q25	0.2	depth
D165	2	PAX7_detected	positive_CP10k_Q25	0.2	depth_state
D166	2	PAX7_detected	positive_CP10k_Q25	0.3	depth
D167	2	PAX7_detected	positive_CP10k_Q25	0.3	depth_state
D168	3	all_culture	2plus_vs_1	0.05	depth
D169	3	all_culture	2plus_vs_1	0.05	depth_state
D170	3	all_culture	2plus_vs_1	0.1	depth
D171	3	all_culture	2plus_vs_1	0.1	depth_state
D172	3	all_culture	2plus_vs_1	0.2	depth
D173	3	all_culture	2plus_vs_1	0.2	depth_state
D174	3	all_culture	2plus_vs_1	0.3	depth
D175	3	all_culture	2plus_vs_1	0.3	depth_state
D176	3	all_culture	3plus_vs_1	0.05	depth
D177	3	all_culture	3plus_vs_1	0.05	depth_state
D178	3	all_culture	3plus_vs_1	0.1	depth
D179	3	all_culture	3plus_vs_1	0.1	depth_state
D180	3	all_culture	3plus_vs_1	0.2	depth
D181	3	all_culture	3plus_vs_1	0.2	depth_state
D182	3	all_culture	3plus_vs_1	0.3	depth
D183	3	all_culture	3plus_vs_1	0.3	depth_state
D184	3	all_culture	4plus_vs_1	0.05	depth
D185	3	all_culture	4plus_vs_1	0.05	depth_state
D186	3	all_culture	4plus_vs_1	0.1	depth
D187	3	all_culture	4plus_vs_1	0.1	depth_state
D188	3	all_culture	4plus_vs_1	0.2	depth
D189	3	all_culture	4plus_vs_1	0.2	depth_state
D190	3	all_culture	4plus_vs_1	0.3	depth
D191	3	all_culture	4plus_vs_1	0.3	depth_state
D192	3	all_culture	detected_vs_zero	0.05	depth
D193	3	all_culture	detected_vs_zero	0.05	depth_state
D194	3	all_culture	detected_vs_zero	0.1	depth
D195	3	all_culture	detected_vs_zero	0.1	depth_state
D196	3	all_culture	detected_vs_zero	0.2	depth
D197	3	all_culture	detected_vs_zero	0.2	depth_state
D198	3	all_culture	detected_vs_zero	0.3	depth
D199	3	all_culture	detected_vs_zero	0.3	depth_state
D200	3	all_culture	2plus_vs_zero	0.05	depth
D201	3	all_culture	2plus_vs_zero	0.05	depth_state
D202	3	all_culture	2plus_vs_zero	0.1	depth
D203	3	all_culture	2plus_vs_zero	0.1	depth_state
D204	3	all_culture	2plus_vs_zero	0.2	depth
D205	3	all_culture	2plus_vs_zero	0.2	depth_state
D206	3	all_culture	2plus_vs_zero	0.3	depth
D207	3	all_culture	2plus_vs_zero	0.3	depth_state
D208	3	all_culture	2plus_vs_le1	0.05	depth
D209	3	all_culture	2plus_vs_le1	0.05	depth_state
D210	3	all_culture	2plus_vs_le1	0.1	depth
D211	3	all_culture	2plus_vs_le1	0.1	depth_state
D212	3	all_culture	2plus_vs_le1	0.2	depth
D213	3	all_culture	2plus_vs_le1	0.2	depth_state
D214	3	all_culture	2plus_vs_le1	0.3	depth
D215	3	all_culture	2plus_vs_le1	0.3	depth_state
D216	3	all_culture	positive_CP10k_Q25	0.05	depth
D217	3	all_culture	positive_CP10k_Q25	0.05	depth_state
D218	3	all_culture	positive_CP10k_Q25	0.1	depth
D219	3	all_culture	positive_CP10k_Q25	0.1	depth_state
D220	3	all_culture	positive_CP10k_Q25	0.2	depth
D221	3	all_culture	positive_CP10k_Q25	0.2	depth_state
D222	3	all_culture	positive_CP10k_Q25	0.3	depth
D223	3	all_culture	positive_CP10k_Q25	0.3	depth_state
D224	3	myogenic_detected	2plus_vs_1	0.05	depth
D225	3	myogenic_detected	2plus_vs_1	0.05	depth_state
D226	3	myogenic_detected	2plus_vs_1	0.1	depth
D227	3	myogenic_detected	2plus_vs_1	0.1	depth_state
D228	3	myogenic_detected	2plus_vs_1	0.2	depth
D229	3	myogenic_detected	2plus_vs_1	0.2	depth_state
D230	3	myogenic_detected	2plus_vs_1	0.3	depth
D231	3	myogenic_detected	2plus_vs_1	0.3	depth_state
D232	3	myogenic_detected	3plus_vs_1	0.05	depth
D233	3	myogenic_detected	3plus_vs_1	0.05	depth_state
D234	3	myogenic_detected	3plus_vs_1	0.1	depth
D235	3	myogenic_detected	3plus_vs_1	0.1	depth_state
D236	3	myogenic_detected	3plus_vs_1	0.2	depth
D237	3	myogenic_detected	3plus_vs_1	0.2	depth_state
D238	3	myogenic_detected	3plus_vs_1	0.3	depth
D239	3	myogenic_detected	3plus_vs_1	0.3	depth_state
D240	3	myogenic_detected	4plus_vs_1	0.05	depth
D241	3	myogenic_detected	4plus_vs_1	0.05	depth_state
D242	3	myogenic_detected	4plus_vs_1	0.1	depth
D243	3	myogenic_detected	4plus_vs_1	0.1	depth_state
D244	3	myogenic_detected	4plus_vs_1	0.2	depth
D245	3	myogenic_detected	4plus_vs_1	0.2	depth_state
D246	3	myogenic_detected	4plus_vs_1	0.3	depth
D247	3	myogenic_detected	4plus_vs_1	0.3	depth_state
D248	3	myogenic_detected	detected_vs_zero	0.05	depth
D249	3	myogenic_detected	detected_vs_zero	0.05	depth_state
D250	3	myogenic_detected	detected_vs_zero	0.1	depth
D251	3	myogenic_detected	detected_vs_zero	0.1	depth_state
D252	3	myogenic_detected	detected_vs_zero	0.2	depth
D253	3	myogenic_detected	detected_vs_zero	0.2	depth_state
D254	3	myogenic_detected	detected_vs_zero	0.3	depth
D255	3	myogenic_detected	detected_vs_zero	0.3	depth_state
D256	3	myogenic_detected	2plus_vs_zero	0.05	depth
D257	3	myogenic_detected	2plus_vs_zero	0.05	depth_state
D258	3	myogenic_detected	2plus_vs_zero	0.1	depth
D259	3	myogenic_detected	2plus_vs_zero	0.1	depth_state
D260	3	myogenic_detected	2plus_vs_zero	0.2	depth
D261	3	myogenic_detected	2plus_vs_zero	0.2	depth_state
D262	3	myogenic_detected	2plus_vs_zero	0.3	depth
D263	3	myogenic_detected	2plus_vs_zero	0.3	depth_state
D264	3	myogenic_detected	2plus_vs_le1	0.05	depth
D265	3	myogenic_detected	2plus_vs_le1	0.05	depth_state
D266	3	myogenic_detected	2plus_vs_le1	0.1	depth
D267	3	myogenic_detected	2plus_vs_le1	0.1	depth_state
D268	3	myogenic_detected	2plus_vs_le1	0.2	depth
D269	3	myogenic_detected	2plus_vs_le1	0.2	depth_state
D270	3	myogenic_detected	2plus_vs_le1	0.3	depth
D271	3	myogenic_detected	2plus_vs_le1	0.3	depth_state
D272	3	myogenic_detected	positive_CP10k_Q25	0.05	depth
D273	3	myogenic_detected	positive_CP10k_Q25	0.05	depth_state
D274	3	myogenic_detected	positive_CP10k_Q25	0.1	depth
D275	3	myogenic_detected	positive_CP10k_Q25	0.1	depth_state
D276	3	myogenic_detected	positive_CP10k_Q25	0.2	depth
D277	3	myogenic_detected	positive_CP10k_Q25	0.2	depth_state
D278	3	myogenic_detected	positive_CP10k_Q25	0.3	depth
D279	3	myogenic_detected	positive_CP10k_Q25	0.3	depth_state
D280	3	PAX7_detected	2plus_vs_1	0.05	depth
D281	3	PAX7_detected	2plus_vs_1	0.05	depth_state
D282	3	PAX7_detected	2plus_vs_1	0.1	depth
D283	3	PAX7_detected	2plus_vs_1	0.1	depth_state
D284	3	PAX7_detected	2plus_vs_1	0.2	depth
D285	3	PAX7_detected	2plus_vs_1	0.2	depth_state
D286	3	PAX7_detected	2plus_vs_1	0.3	depth
D287	3	PAX7_detected	2plus_vs_1	0.3	depth_state
D288	3	PAX7_detected	3plus_vs_1	0.05	depth
D289	3	PAX7_detected	3plus_vs_1	0.05	depth_state
D290	3	PAX7_detected	3plus_vs_1	0.1	depth
D291	3	PAX7_detected	3plus_vs_1	0.1	depth_state
D292	3	PAX7_detected	3plus_vs_1	0.2	depth
D293	3	PAX7_detected	3plus_vs_1	0.2	depth_state
D294	3	PAX7_detected	3plus_vs_1	0.3	depth
D295	3	PAX7_detected	3plus_vs_1	0.3	depth_state
D296	3	PAX7_detected	4plus_vs_1	0.05	depth
D297	3	PAX7_detected	4plus_vs_1	0.05	depth_state
D298	3	PAX7_detected	4plus_vs_1	0.1	depth
D299	3	PAX7_detected	4plus_vs_1	0.1	depth_state
D300	3	PAX7_detected	4plus_vs_1	0.2	depth
D301	3	PAX7_detected	4plus_vs_1	0.2	depth_state
D302	3	PAX7_detected	4plus_vs_1	0.3	depth
D303	3	PAX7_detected	4plus_vs_1	0.3	depth_state
D304	3	PAX7_detected	detected_vs_zero	0.05	depth
D305	3	PAX7_detected	detected_vs_zero	0.05	depth_state
D306	3	PAX7_detected	detected_vs_zero	0.1	depth
D307	3	PAX7_detected	detected_vs_zero	0.1	depth_state
D308	3	PAX7_detected	detected_vs_zero	0.2	depth
D309	3	PAX7_detected	detected_vs_zero	0.2	depth_state
D310	3	PAX7_detected	detected_vs_zero	0.3	depth
D311	3	PAX7_detected	detected_vs_zero	0.3	depth_state
D312	3	PAX7_detected	2plus_vs_zero	0.05	depth
D313	3	PAX7_detected	2plus_vs_zero	0.05	depth_state
D314	3	PAX7_detected	2plus_vs_zero	0.1	depth
D315	3	PAX7_detected	2plus_vs_zero	0.1	depth_state
D316	3	PAX7_detected	2plus_vs_zero	0.2	depth
D317	3	PAX7_detected	2plus_vs_zero	0.2	depth_state
D318	3	PAX7_detected	2plus_vs_zero	0.3	depth
D319	3	PAX7_detected	2plus_vs_zero	0.3	depth_state
D320	3	PAX7_detected	2plus_vs_le1	0.05	depth
D321	3	PAX7_detected	2plus_vs_le1	0.05	depth_state
D322	3	PAX7_detected	2plus_vs_le1	0.1	depth
D323	3	PAX7_detected	2plus_vs_le1	0.1	depth_state
D324	3	PAX7_detected	2plus_vs_le1	0.2	depth
D325	3	PAX7_detected	2plus_vs_le1	0.2	depth_state
D326	3	PAX7_detected	2plus_vs_le1	0.3	depth
D327	3	PAX7_detected	2plus_vs_le1	0.3	depth_state
D328	3	PAX7_detected	positive_CP10k_Q25	0.05	depth
D329	3	PAX7_detected	positive_CP10k_Q25	0.05	depth_state
D330	3	PAX7_detected	positive_CP10k_Q25	0.1	depth
D331	3	PAX7_detected	positive_CP10k_Q25	0.1	depth_state
D332	3	PAX7_detected	positive_CP10k_Q25	0.2	depth
D333	3	PAX7_detected	positive_CP10k_Q25	0.2	depth_state
D334	3	PAX7_detected	positive_CP10k_Q25	0.3	depth
D335	3	PAX7_detected	positive_CP10k_Q25	0.3	depth_state
