stage_analysis	gate	contrast	promoter_kb	reciprocal_overlap	n_pairs	early_minus_late_fold	bootstrap_ci_low	bootstrap_ci_high	p_pair_scaled_difference
pooled	TSS_ge_2	2plus_vs_1	2	0.5	1020	0.02403009259259259	-0.06831196647095562	0.11048987586782344	0.590341061654528
pooled	TSS_ge_2	2plus_vs_1	2	0.25	1020	0.005866067036750744	-0.07877860766677384	0.08330595110138042	0.881287506225197
pooled	TSS_ge_2	2plus_vs_1	1	0.5	1020	0.028927858439201537	-0.06324602346158385	0.11511673647095186	0.5155686633633811
pooled	TSS_ge_2	2plus_vs_1	1	0.25	1020	0.009359681105315376	-0.07531602401380137	0.08571350214930885	0.8116640195951448
pooled	TSS_ge_2	3plus_vs_1	2	0.5	212	0.07744851603105429	-0.11933119697047395	0.2596493305869292	0.4389760410961864
pooled	TSS_ge_2	3plus_vs_1	2	0.25	212	-0.007611404812732481	-0.18507437285543843	0.15346695968819996	0.9288067086370295
pooled	TSS_ge_2	3plus_vs_1	1	0.5	212	0.10064735592935348	-0.09682086832612871	0.2858615674838689	0.3159760378303433
pooled	TSS_ge_2	3plus_vs_1	1	0.25	212	0.010968166653649192	-0.16557412266873606	0.17199129082629191	0.8979791384743883
pooled	TSS_ge_3	2plus_vs_1	2	0.5	958	0.002994039428980466	-0.09041058964411439	0.09105460569621907	0.9487745655078375
pooled	TSS_ge_3	2plus_vs_1	2	0.25	958	-0.015337310696764694	-0.09742982870383199	0.0669009717083696	0.7116820886135549
pooled	TSS_ge_3	2plus_vs_1	1	0.5	958	0.007214872924538707	-0.08547339862402516	0.09569962431699304	0.876562500046599
pooled	TSS_ge_3	2plus_vs_1	1	0.25	958	-0.012522250745581776	-0.09490398041835381	0.07140779962324154	0.7627415953670368
pooled	TSS_ge_3	3plus_vs_1	2	0.5	201	0.02934101997292804	-0.20628949742452826	0.22897789652758405	0.7819549833659923
pooled	TSS_ge_3	3plus_vs_1	2	0.25	201	-0.0428370348593774	-0.2416337628432772	0.13978918108770721	0.641407763671219
pooled	TSS_ge_3	3plus_vs_1	1	0.5	201	0.051854207012168585	-0.18765846659974986	0.2519576282110385	0.6261215257125506
pooled	TSS_ge_3	3plus_vs_1	1	0.25	201	-0.02474672646458176	-0.2241460577740914	0.15432339608893272	0.7888231780519468
stem	TSS_ge_2	2plus_vs_1	2	0.5	510	0.0012716904462439782	-0.1249001910210791	0.11961272014014322	0.9837190379893709
stem	TSS_ge_2	2plus_vs_1	2	0.25	510	-0.021408802578493313	-0.1327815705236311	0.08278498421832156	0.7016038881568281
stem	TSS_ge_2	2plus_vs_1	1	0.5	510	0.010129607320843226	-0.11589982652837805	0.1294921649591279	0.8702305300174038
stem	TSS_ge_2	2plus_vs_1	1	0.25	510	-0.014925936495330694	-0.12819170578981848	0.08994151092080829	0.7892801232570149
stem	TSS_ge_2	3plus_vs_1	2	0.5	104	0.05348331136788542	-0.24861800615820392	0.2985780441612961	0.6986384931078731
stem	TSS_ge_2	3plus_vs_1	2	0.25	104	0.05207143136815229	-0.1803025326696993	0.257742909356283	0.6462020067491945
stem	TSS_ge_2	3plus_vs_1	1	0.5	104	0.0800734797656919	-0.2224733374689156	0.3272446066476744	0.5648455789976408
stem	TSS_ge_2	3plus_vs_1	1	0.25	104	0.07095172551153617	-0.1647457900334373	0.2806409657478571	0.534934220851052
stem	TSS_ge_3	2plus_vs_1	2	0.5	507	0.000545895960996301	-0.12915280865800438	0.11488847960333355	0.9930105625735905
stem	TSS_ge_3	2plus_vs_1	2	0.25	507	-0.021833910719047722	-0.1358902137124474	0.08344728913123696	0.6959734605401217
stem	TSS_ge_3	2plus_vs_1	1	0.5	507	0.009522078713651183	-0.1199465222059485	0.12256793143803939	0.8779502387549665
stem	TSS_ge_3	2plus_vs_1	1	0.25	507	-0.01525960083501432	-0.1303600845355551	0.08904996740643732	0.7846891044190667
stem	TSS_ge_3	3plus_vs_1	2	0.5	104	0.05348331136788542	-0.24861800615820392	0.2985780441612961	0.6986384931078731
stem	TSS_ge_3	3plus_vs_1	2	0.25	104	0.05207143136815229	-0.1803025326696993	0.257742909356283	0.6462020067491945
stem	TSS_ge_3	3plus_vs_1	1	0.5	104	0.0800734797656919	-0.2224733374689156	0.3272446066476744	0.5648455789976408
stem	TSS_ge_3	3plus_vs_1	1	0.25	104	0.07095172551153617	-0.1647457900334373	0.2806409657478571	0.534934220851052
differentiated	TSS_ge_2	2plus_vs_1	2	0.5	510	0.04848439589683673	-0.08073838949491186	0.1686162461439694	0.44612005982518865
differentiated	TSS_ge_2	2plus_vs_1	2	0.25	510	0.033206649682704814	-0.07727510986399376	0.1385511714054181	0.545327950889003
differentiated	TSS_ge_2	2plus_vs_1	1	0.5	510	0.04836542767577201	-0.08007065132345874	0.1701822310332193	0.44684375259608355
differentiated	TSS_ge_2	2plus_vs_1	1	0.25	510	0.033105799936764546	-0.0785393965182032	0.13846618821680884	0.5468841194282856
differentiated	TSS_ge_2	3plus_vs_1	2	0.5	108	0.08701237286580432	-0.2128692518431628	0.3391818096765185	0.5527512240687824
differentiated	TSS_ge_2	3plus_vs_1	2	0.25	108	-0.073426573426573	-0.33447064192375275	0.1624876464826222	0.5643676143084932
differentiated	TSS_ge_2	3plus_vs_1	1	0.5	108	0.10674823646919307	-0.19197179844390735	0.3581135640761031	0.46560676682295377
differentiated	TSS_ge_2	3plus_vs_1	1	0.25	108	-0.055097680097680124	-0.31753699676568276	0.18155689830602878	0.6654886007033187
differentiated	TSS_ge_3	2plus_vs_1	2	0.5	451	0.009168792130788805	-0.1447834726267013	0.14715016880011209	0.8957024134753033
differentiated	TSS_ge_3	2plus_vs_1	2	0.25	451	-0.004733886312833668	-0.13046494844168965	0.1174245469812654	0.9388091410200272
differentiated	TSS_ge_3	2plus_vs_1	1	0.5	451	0.006493191996358227	-0.15017531758811484	0.14255326297872725	0.9259769013882991
differentiated	TSS_ge_3	2plus_vs_1	1	0.25	451	-0.007133539243630693	-0.13406314546980355	0.11439611465456988	0.9078940632455126
differentiated	TSS_ge_3	3plus_vs_1	2	0.5	97	-0.007698940625769923	-0.39566976518825814	0.2805938317095725	0.9630355911213215
differentiated	TSS_ge_3	3plus_vs_1	2	0.25	97	-0.16135353988149603	-0.48772365805725537	0.1098170466477018	0.28403586504791767
differentiated	TSS_ge_3	3plus_vs_1	1	0.5	97	0.009548084314439542	-0.37658950741310043	0.30186458184401965	0.9541640300884682
differentiated	TSS_ge_3	3plus_vs_1	1	0.25	97	-0.14429487841544142	-0.47078793474089126	0.1314933817180469	0.3385053641477096
