experiment	promoter_kb	hour	stratum	n_cells	standardization_weight	min_open_sites	max_open_sites
1	2	0	0	204	0.20021299254526093	1042	4738
1	2	0	1	216	0.20047923322683706	4747	8326
1	2	0	2	199	0.19941427050053248	8327	12977
1	2	0	3	141	0.19994675186368477	12984	20689
1	2	0	4	48	0.19994675186368477	20912	50590
1	2	24	0	150	0.20021299254526093	1003	4732
1	2	24	1	153	0.20047923322683706	4796	8326
1	2	24	2	155	0.19941427050053248	8330	12928
1	2	24	3	225	0.19994675186368477	12989	20694
1	2	24	4	312	0.19994675186368477	20731	68511
1	2	48	0	222	0.20021299254526093	1003	4732
1	2	48	1	216	0.20047923322683706	4749	8320
1	2	48	2	229	0.19941427050053248	8338	12964
1	2	48	3	199	0.19994675186368477	12999	20690
1	2	48	4	183	0.19994675186368477	20695	60295
1	2	72	0	176	0.20021299254526093	1008	4724
1	2	72	1	168	0.20047923322683706	4752	8326
1	2	72	2	166	0.19941427050053248	8362	12982
1	2	72	3	186	0.19994675186368477	12989	20582
1	2	72	4	208	0.19994675186368477	20696	63519
2	2	0	0	499	0.2001773442695633	1050	6435
2	2	0	1	460	0.1999556639326092	6437	9532
2	2	0	2	319	0.1999556639326092	9577	12841
2	2	0	3	234	0.1999556639326092	12846	17391
2	2	0	4	133	0.1999556639326092	17448	40477
2	2	72	0	404	0.2001773442695633	1000	6429
2	2	72	1	442	0.1999556639326092	6438	9554
2	2	72	2	583	0.1999556639326092	9555	12839
2	2	72	3	668	0.1999556639326092	12842	17400
2	2	72	4	769	0.1999556639326092	17406	64287
1	1	0	0	205	0.2001618559482061	1042	4794
1	1	0	1	212	0.19989209603452926	4810	8369
1	1	0	2	197	0.19989209603452926	8410	13033
1	1	0	3	136	0.2001618559482061	13060	20912
1	1	0	4	47	0.19989209603452926	20979	50590
1	1	24	0	145	0.2001618559482061	1003	4732
1	1	24	1	155	0.19989209603452926	4796	8365
1	1	24	2	154	0.19989209603452926	8393	13010
1	1	24	3	222	0.2001618559482061	13119	20863
1	1	24	4	309	0.19989209603452926	20928	68511
1	1	48	0	217	0.2001618559482061	1003	4772
1	1	48	1	210	0.19989209603452926	4802	8378
1	1	48	2	227	0.19989209603452926	8401	12999
1	1	48	3	199	0.2001618559482061	13038	20912
1	1	48	4	181	0.19989209603452926	20988	60295
1	1	72	0	175	0.2001618559482061	1008	4795
1	1	72	1	164	0.19989209603452926	4796	8373
1	1	72	2	163	0.19989209603452926	8394	13010
1	1	72	3	185	0.2001618559482061	13038	20898
1	1	72	4	204	0.19989209603452926	20925	63519
2	1	0	0	487	0.2	1050	6487
2	1	0	1	444	0.2	6499	9595
2	1	0	2	317	0.2	9607	12880
2	1	0	3	228	0.2	12917	17472
2	1	0	4	128	0.2	17500	40477
2	1	72	0	397	0.2	1000	6495
2	1	72	1	440	0.2	6499	9600
2	1	72	2	567	0.2	9627	12871
2	1	72	3	656	0.2	12886	17488
2	1	72	4	756	0.2	17493	64287
