scope	cumulative_step	n_peaks	n_pairs	n_genes	genes
all5097	all	5097	5484	221	ABL1;ABLIM1;ACHE;ACSL1;ACTA1;ACTC1;ACTN2;ACTN3;ADAM12;ADCY9;AEBP1;AGL;AGRN;AK1;AKT2;ANKRD2;APLNR;APOD;APP;ATP2A1;ATP6AP1;BAG1;BDKRB2;BHLHE40;BIN1;BNIP2;BOC;CACNA1H;CACNG1;CAMK2B;CASQ1;CASQ2;CAV3;CD36;CDC42;CDH13;CDH15;CDH2;CDH4;CDKN1A;CDON;CFD;CHRNA1;CHRNB1;CHRNG;CKB;CKM;CKMT2;CLU;CNN3;COL15A1;COL1A1;COL3A1;COL4A2;COL6A2;COL6A3;COX6A2;COX7A1;CRAT;CRYAB;CSRP3;CTF1;CTNNA1;CTNNA2;CTNNB1;DAPK2;DES;DMD;DMPK;DTNA;EFS;EIF4A2;ENO3;EPHB3;ERBB3;FABP3;FDPS;FGF2;FHL1;FKBP1B;FLII;FOXO4;FST;FXYD1;GAA;GABARAPL2;GADD45B;GJA5;GNAO1;GPX3;GSN;HBEGF;HDAC5;HRC;HSPB2;HSPB8;IFRD1;IGF1;IGFBP3;IGFBP7;ITGA7;ITGB1;ITGB4;ITGB5;KCNH1;KCNH2;KIFC3;KLF5;LAMA2;LARGE1;LDB3;LPIN1;LSP1;MAP2K6;MAPK11;MAPK12;MAPK14;MAPRE3;MB;MEF2A;MEF2B;MEF2C;MEF2D;MRAS;MYBPC3;MYBPH;MYF5;MYF6;MYH1;MYH11;MYH2;MYH3;MYH4;MYH7;MYH8;MYH9;MYL1;MYL2;MYL3;MYL4;MYL6B;MYL7;MYLK;MYO1C;MYOD1;MYOG;MYOM1;MYOM2;MYOZ1;NAV2;NCAM1;NEO1;NOS1;NOTCH1;NQO1;NTN3;OCEL1;PC;PDE4DIP;PDLIM7;PFKM;PGAM2;PICK1;PKIA;PLXNB2;PPFIA4;PPP1R3C;PRNP;PSEN2;PTGIS;PTP4A3;PVALB;PYGM;RB1;REEP1;RIT1;RYR1;SCD;SCHIP1;SGCA;SGCD;SGCG;SH2B1;SH3BGR;SIRT2;SLC6A8;SLN;SMTN;SOD3;SORBS1;SORBS3;SPAG9;SPARC;SPDEF;SPEG;SPHK1;SPTAN1;SSPN;STC2;SVIL;SYNGR2;TAGLN;TCAP;TCF12;TCF3;TCF4;TEAD4;TGFB1;TNNC1;TNNC2;TNNI1;TNNI2;TNNT1;TNNT2;TNNT3;TPD52L1;TPM2;TPM3;TSC2;VIPR1;WWTR1
all5097	nominal_positive_ATAC	79	80	63	ABLIM1;ACTA1;ADAM12;ADCY9;AK1;ATP6AP1;CACNA1H;CASQ2;CDC42;CHRNB1;CHRNG;CKB;COL15A1;COL1A1;COL4A2;COX7A1;CRAT;CSRP3;CTNNA1;DMD;DMPK;FDPS;FKBP1B;FXYD1;GADD45B;GNAO1;GPX3;HSPB8;IFRD1;ITGB5;KCNH2;LDB3;MAP2K6;MRAS;MYBPC3;MYBPH;MYH3;MYH9;MYL3;MYL4;MYO1C;MYOD1;MYOM2;MYOZ1;NAV2;NCAM1;NOS1;PSEN2;PYGM;REEP1;SGCA;SGCD;SPARC;SPTAN1;STC2;SYNGR2;TCAP;TCF4;TNNI1;TPM2;TSC2;VIPR1;WWTR1
all5097	positive_full_family_RNA_link	8	8	7	DMD;DMPK;HSPB8;MAP2K6;MYOD1;REEP1;WWTR1
all5097	positive_COQ_RNA_nominal	2	2	2	DMD;HSPB8
all5097	external_RNA_48h_up	2	2	2	DMD;HSPB8
HSMM1777	all	1777	1932	209	ABL1;ABLIM1;ACHE;ACSL1;ACTA1;ACTC1;ACTN2;ACTN3;ADAM12;ADCY9;AEBP1;AGL;AK1;AKT2;ANKRD2;APLNR;APP;ATP2A1;BAG1;BDKRB2;BHLHE40;BIN1;BOC;CACNA1H;CACNG1;CAMK2B;CASQ1;CASQ2;CAV3;CD36;CDC42;CDH13;CDH15;CDH2;CDH4;CDKN1A;CDON;CFD;CHRNA1;CHRNB1;CHRNG;CKB;CKM;CKMT2;CLU;CNN3;COL15A1;COL1A1;COL3A1;COL4A2;COL6A2;COL6A3;COX6A2;COX7A1;CRAT;CRYAB;CSRP3;CTF1;CTNNA1;CTNNA2;CTNNB1;DAPK2;DES;DMD;DMPK;DTNA;EFS;EIF4A2;ENO3;EPHB3;ERBB3;FABP3;FDPS;FGF2;FHL1;FKBP1B;FLII;FOXO4;FST;FXYD1;GAA;GADD45B;GJA5;GNAO1;GPX3;GSN;HBEGF;HDAC5;HRC;HSPB2;HSPB8;IFRD1;IGF1;IGFBP3;IGFBP7;ITGA7;ITGB1;ITGB4;ITGB5;KCNH1;KCNH2;KIFC3;KLF5;LAMA2;LARGE1;LDB3;LPIN1;LSP1;MAP2K6;MAPK11;MAPK12;MAPK14;MAPRE3;MB;MEF2A;MEF2C;MEF2D;MRAS;MYBPC3;MYBPH;MYF5;MYF6;MYH1;MYH11;MYH2;MYH3;MYH4;MYH8;MYH9;MYL1;MYL3;MYL4;MYL6B;MYL7;MYLK;MYO1C;MYOD1;MYOG;MYOM1;MYOM2;MYOZ1;NAV2;NCAM1;NOS1;NOTCH1;NQO1;NTN3;OCEL1;PC;PDE4DIP;PDLIM7;PGAM2;PICK1;PKIA;PLXNB2;PPFIA4;PPP1R3C;PRNP;PSEN2;PTGIS;PVALB;PYGM;RB1;REEP1;RIT1;RYR1;SCD;SCHIP1;SGCA;SGCD;SH2B1;SH3BGR;SIRT2;SLC6A8;SLN;SMTN;SOD3;SORBS1;SORBS3;SPAG9;SPARC;SPDEF;SPEG;SPHK1;SPTAN1;SSPN;STC2;SVIL;SYNGR2;TAGLN;TCAP;TCF12;TCF3;TCF4;TEAD4;TGFB1;TNNC1;TNNC2;TNNI1;TNNI2;TNNT1;TNNT2;TNNT3;TPD52L1;TPM2;TPM3;TSC2;VIPR1;WWTR1
HSMM1777	nominal_positive_ATAC	36	37	33	ABLIM1;ACTA1;ADAM12;ADCY9;AK1;CACNA1H;CASQ2;CKB;COL1A1;CSRP3;DMD;DMPK;GADD45B;GPX3;HSPB8;ITGB5;MAP2K6;MYBPH;MYH9;MYL4;MYOD1;MYOM2;MYOZ1;NCAM1;PSEN2;PYGM;SGCA;SGCD;STC2;TCF4;TNNI1;TPM2;WWTR1
HSMM1777	positive_full_family_RNA_link	5	5	5	DMD;DMPK;HSPB8;MYOD1;WWTR1
HSMM1777	positive_COQ_RNA_nominal	2	2	2	DMD;HSPB8
HSMM1777	external_RNA_48h_up	2	2	2	DMD;HSPB8
selective401	all	401	466	148	ABL1;ABLIM1;ACSL1;ACTA1;ACTC1;ACTN2;ADAM12;ADCY9;AEBP1;AGL;AK1;AKT2;ANKRD2;APLNR;APP;ATP2A1;BAG1;BHLHE40;BIN1;BOC;CACNA1H;CACNG1;CAMK2B;CASQ1;CAV3;CD36;CDC42;CDH13;CDH15;CDH2;CDH4;CDKN1A;CDON;CFD;CHRNA1;CHRNB1;CHRNG;CKB;CKMT2;CNN3;COL15A1;COL1A1;COL3A1;COL4A2;COL6A3;COX6A2;CRAT;CTF1;CTNNA1;CTNNA2;CTNNB1;DES;DMD;DMPK;ERBB3;FABP3;FGF2;FKBP1B;FOXO4;GNAO1;HRC;IGF1;IGFBP3;ITGA7;ITGB1;ITGB4;ITGB5;KCNH1;KCNH2;KIFC3;LAMA2;LARGE1;LDB3;LPIN1;LSP1;MAPK14;MAPRE3;MB;MEF2A;MEF2C;MRAS;MYBPC3;MYBPH;MYF5;MYF6;MYH1;MYH11;MYH2;MYH3;MYH4;MYH8;MYH9;MYL1;MYL3;MYL4;MYL6B;MYL7;MYLK;MYO1C;MYOD1;MYOG;MYOM1;MYOM2;MYOZ1;NAV2;NCAM1;OCEL1;PC;PDE4DIP;PDLIM7;PGAM2;PICK1;PKIA;PPFIA4;PPP1R3C;PSEN2;PTGIS;PYGM;RB1;REEP1;SCHIP1;SGCA;SGCD;SH2B1;SLC6A8;SLN;SORBS3;SPAG9;SPARC;SPEG;SPTAN1;SSPN;STC2;TCAP;TCF12;TCF4;TEAD4;TGFB1;TNNC2;TNNI1;TNNI2;TNNT2;TNNT3;TPD52L1;TPM2;TPM3;TSC2;WWTR1
selective401	nominal_positive_ATAC	6	7	7	ABLIM1;COL1A1;MYOD1;MYOM2;NCAM1;SGCA;SGCD
selective401	positive_full_family_RNA_link	1	1	1	MYOD1
selective401	positive_COQ_RNA_nominal	0	0	0	NA
selective401	external_RNA_48h_up	0	0	0	NA
