population	model	gene	n	gene_detected	estimable_sources	r	p	q_local6
D232_eligible	technical_coq	ADAM12	13434	5738	2	-0.006143189797905397	0.4766393538450765	0.967493788660516
D232_eligible	technical_coq	C10orf90	13434	393	2	0.01293910401342681	0.1338419117914988	0.8030514707489927
D232_eligible	technical_coq	DHX32	13434	7934	2	0.0038287332053098607	0.6573507826879679	0.967493788660516
D232_eligible	technical_coq	FANK1	13434	1793	2	0.0021170982263984802	0.8062448238837634	0.967493788660516
D232_eligible	technical_coq	FANK1-AS1	13434	0	0	NA	NA	NA
D232_eligible	technical_coq	LINC00601	13434	55	2	-0.0022550932209842267	0.7938915793690862	0.967493788660516
D232_eligible	technical_coq_state	ADAM12	13434	5738	2	0.005778369979623909	0.5032396348780084	0.8956553660120713
D232_eligible	technical_coq_state	C10orf90	13434	393	2	0.015275974353832338	0.07676401372712052	0.46058408236272314
D232_eligible	technical_coq_state	DHX32	13434	7934	2	0.004562716380321697	0.5971035773413809	0.8956553660120713
D232_eligible	technical_coq_state	FANK1	13434	1793	2	0.006316247977851193	0.46434331299007037	0.8956553660120713
D232_eligible	technical_coq_state	FANK1-AS1	13434	0	0	NA	NA	NA
D232_eligible	technical_coq_state	LINC00601	13434	55	2	-0.0008707531635249814	0.9196519235352365	1.0
D232_matched	technical_coq	ADAM12	160	79	2	-0.009044156176812713	0.9123856551908464	1.0
D232_matched	technical_coq	C10orf90	160	9	0	NA	NA	NA
D232_matched	technical_coq	DHX32	160	119	2	0.0028220375291089085	0.9726126791769015	1.0
D232_matched	technical_coq	FANK1	160	35	2	-0.03292907896725666	0.6886083009769564	1.0
D232_matched	technical_coq	FANK1-AS1	160	0	0	NA	NA	NA
D232_matched	technical_coq	LINC00601	160	1	0	NA	NA	NA
D232_matched	technical_coq_state	ADAM12	160	79	2	0.013810381029793475	0.8674628342451639	1.0
D232_matched	technical_coq_state	C10orf90	160	9	0	NA	NA	NA
D232_matched	technical_coq_state	DHX32	160	119	2	0.024249115952437734	0.7694758061163669	1.0
D232_matched	technical_coq_state	FANK1	160	35	2	-0.020990652330544802	0.7997518434256287	1.0
D232_matched	technical_coq_state	FANK1-AS1	160	0	0	NA	NA	NA
D232_matched	technical_coq_state	LINC00601	160	1	0	NA	NA	NA
