population	model	gsm	gene	n	df	r	p	gene_detected	peak_detected
D232_eligible	technical_coq	GSM6339597	ADAM12	5782	5777	-0.00237978800308448	0.856468068494459	2566	740
D232_eligible	technical_coq	GSM6339597	C10orf90	5782	5777	0.014947102829217785	0.2559178767962789	206	740
D232_eligible	technical_coq	GSM6339597	DHX32	5782	5777	-0.008046086857108885	0.5408428293329809	3833	740
D232_eligible	technical_coq	GSM6339597	FANK1	5782	5777	-0.0024102356525937986	0.8546519971035145	1203	740
D232_eligible	technical_coq	GSM6339597	FANK1-AS1	5782	5777			0	740
D232_eligible	technical_coq	GSM6339597	LINC00601	5782	5777	0.01078357366123924	0.4124379580424419	21	740
D232_eligible	technical_coq_state	GSM6339597	ADAM12	5782	5776	0.006035597188300824	0.646457004267603	2566	740
D232_eligible	technical_coq_state	GSM6339597	C10orf90	5782	5776	0.01692876088533953	0.19822595607915963	206	740
D232_eligible	technical_coq_state	GSM6339597	DHX32	5782	5776	-0.0062392648738770215	0.6353799525768866	3833	740
D232_eligible	technical_coq_state	GSM6339597	FANK1	5782	5776	0.0021221860292071296	0.8718733952492184	1203	740
D232_eligible	technical_coq_state	GSM6339597	FANK1-AS1	5782	5776			0	740
D232_eligible	technical_coq_state	GSM6339597	LINC00601	5782	5776	0.012273857258104317	0.350919155740961	21	740
D232_matched	technical_coq	GSM6339597	ADAM12	70	65	-0.10905918598643806	0.3796654643774756	40	16
D232_matched	technical_coq	GSM6339597	C10orf90	70	65	-0.11875400194067111	0.33849504428701493	5	16
D232_matched	technical_coq	GSM6339597	DHX32	70	65	-0.12245766495691554	0.32353596739131807	64	16
D232_matched	technical_coq	GSM6339597	FANK1	70	65	-0.08374855786264519	0.5004409909835239	24	16
D232_matched	technical_coq	GSM6339597	FANK1-AS1	70	65			0	16
D232_matched	technical_coq	GSM6339597	LINC00601	70	65			0	16
D232_matched	technical_coq_state	GSM6339597	ADAM12	70	64	-0.1623763386887177	0.19270758110104044	40	16
D232_matched	technical_coq_state	GSM6339597	C10orf90	70	64	-0.13944634266846204	0.2641275057415117	5	16
D232_matched	technical_coq_state	GSM6339597	DHX32	70	64	-0.10801281631300652	0.3879925193703465	64	16
D232_matched	technical_coq_state	GSM6339597	FANK1	70	64	-0.10308710113633429	0.4101215467409567	24	16
D232_matched	technical_coq_state	GSM6339597	FANK1-AS1	70	64			0	16
D232_matched	technical_coq_state	GSM6339597	LINC00601	70	64			0	16
D232_eligible	technical_coq	GSM6339601	ADAM12	7652	7647	-0.008986058046844722	0.43198751881364006	3172	1029
D232_eligible	technical_coq	GSM6339601	C10orf90	7652	7647	0.011422136062780284	0.31787564188553064	187	1029
D232_eligible	technical_coq	GSM6339601	DHX32	7652	7647	0.012798766008716081	0.26304434899666274	4101	1029
D232_eligible	technical_coq	GSM6339601	FANK1	7652	7647	0.005537124018992227	0.6282485719244928	590	1029
D232_eligible	technical_coq	GSM6339601	FANK1-AS1	7652	7647			0	1029
D232_eligible	technical_coq	GSM6339601	LINC00601	7652	7647	-0.01210459427299084	0.2898201863251603	34	1029
D232_eligible	technical_coq_state	GSM6339601	ADAM12	7652	7646	0.005584061147686656	0.6253614297000172	3172	1029
D232_eligible	technical_coq_state	GSM6339601	C10orf90	7652	7646	0.014027410704482357	0.21997417463461091	187	1029
D232_eligible	technical_coq_state	GSM6339601	DHX32	7652	7646	0.012721916731322308	0.2659528970464098	4101	1029
D232_eligible	technical_coq_state	GSM6339601	FANK1	7652	7646	0.009484284921262805	0.4069285776139979	590	1029
D232_eligible	technical_coq_state	GSM6339601	FANK1-AS1	7652	7646			0	1029
D232_eligible	technical_coq_state	GSM6339601	LINC00601	7652	7646	-0.010800181192859198	0.34497563953633437	34	1029
D232_matched	technical_coq	GSM6339601	ADAM12	90	85	0.06738686039748626	0.5351542566340457	39	21
D232_matched	technical_coq	GSM6339601	C10orf90	90	85	-0.06412497353028684	0.5551405476802296	4	21
D232_matched	technical_coq	GSM6339601	DHX32	90	85	0.09842418916485879	0.364424672753038	55	21
D232_matched	technical_coq	GSM6339601	FANK1	90	85	0.005919282386393025	0.9566058869514185	11	21
D232_matched	technical_coq	GSM6339601	FANK1-AS1	90	85			0	21
D232_matched	technical_coq	GSM6339601	LINC00601	90	85	0.05246787878532883	0.6293498899313583	1	21
D232_matched	technical_coq_state	GSM6339601	ADAM12	90	84	0.1475594913867222	0.1751560267636528	39	21
D232_matched	technical_coq_state	GSM6339601	C10orf90	90	84	-0.038456652943533245	0.7251804183996104	4	21
D232_matched	technical_coq_state	GSM6339601	DHX32	90	84	0.12432361635616429	0.2540821803898758	55	21
D232_matched	technical_coq_state	GSM6339601	FANK1	90	84	0.04157307584586872	0.7039040622795931	11	21
D232_matched	technical_coq_state	GSM6339601	FANK1-AS1	90	84			0	21
D232_matched	technical_coq_state	GSM6339601	LINC00601	90	84	0.0701394613062996	0.5210552439327469	1	21
