set_id	gsm	pair	high	low
HSMM_strong_enhancers	GSM6339597	0	0.036015753	0.04783342
HSMM_strong_enhancers	GSM6339597	1	0.0112549225	0.0073156995
HSMM_strong_enhancers	GSM6339597	2	0.042768706	0.047270674
HSMM_strong_enhancers	GSM6339597	3	0.016882384	0.015756892
HSMM_strong_enhancers	GSM6339597	4	0.014068653	0.010692176
HSMM_strong_enhancers	GSM6339597	5	0.02025886	0.02476083
HSMM_strong_enhancers	GSM6339597	6	0.12830651	0.104108304
HSMM_strong_enhancers	GSM6339597	7	0.074845314	0.074282564
HSMM_strong_enhancers	GSM6339597	8	0.13843587	0.1232418
HSMM_strong_enhancers	GSM6339597	9	0.31570145	0.29713047
HSMM_strong_enhancers	GSM6339597	10	0.1052338	0.10692205
HSMM_strong_enhancers	GSM6339597	11	0.14293781	0.13956136
HSMM_strong_enhancers	GSM6339597	12	0.021947099	0.018570622
HSMM_strong_enhancers	GSM6339597	13	0.2926284	0.3044463
HSMM_strong_enhancers	GSM6339597	14	0.2847498	0.26055124
HSMM_strong_enhancers	GSM6339597	15	0.20315124	0.21609432
HSMM_strong_enhancers	GSM6339597	16	0.26167676	0.24198046
HSMM_strong_enhancers	GSM6339597	17	0.33258417	0.29431668
HSMM_strong_enhancers	GSM6339597	18	0.18908268	0.2065277
HSMM_strong_enhancers	GSM6339597	19	0.13505942	0.12042805
HSMM_strong_enhancers	GSM6339597	20	0.1176143	0.13899861
HSMM_strong_enhancers	GSM6339597	21	0.1654475	0.16826122
HSMM_strong_enhancers	GSM6339597	22	0.21553157	0.20427673
HSMM_strong_enhancers	GSM6339597	23	0.23072562	0.21496883
HSMM_strong_enhancers	GSM6339597	24	0.12830651	0.13899861
HSMM_strong_enhancers	GSM6339597	25	0.21665706	0.21384335
HSMM_strong_enhancers	GSM6339597	26	0.23691578	0.24366869
HSMM_strong_enhancers	GSM6339597	27	0.14350055	0.17670235
HSMM_strong_enhancers	GSM6339597	28	0.28306153	0.27349466
HSMM_strong_enhancers	GSM6339597	29	0.07878456	0.08441206
HSMM_strong_enhancers	GSM6339597	30	0.279685	0.29319116
HSMM_strong_enhancers	GSM6339597	31	0.12267905	0.1086103
HSMM_strong_enhancers	GSM6339597	32	0.18289252	0.16207105
HSMM_strong_enhancers	GSM6339597	33	0.25773746	0.2993815
HSMM_strong_enhancers	GSM6339597	34	0.15982008	0.15644363
HSMM_strong_enhancers	GSM6339597	35	0.12661828	0.1164888
HSMM_strong_enhancers	GSM6339597	36	0.1221163	0.13168296
HSMM_strong_enhancers	GSM6339597	37	0.25830022	0.25830022
HSMM_strong_enhancers	GSM6339597	38	0.13280845	0.14237507
HSMM_strong_enhancers	GSM6339597	39	0.16488476	0.1615083
HSMM_strong_enhancers	GSM6339597	40	0.1108613	0.13393393
HSMM_strong_enhancers	GSM6339597	41	0.20540221	0.18626897
HSMM_strong_enhancers	GSM6339597	42	0.26561606	0.2757457
HSMM_strong_enhancers	GSM6339597	43	0.100169055	0.08666306
HSMM_strong_enhancers	GSM6339597	44	0.23466481	0.2279119
HSMM_strong_enhancers	GSM6339597	45	0.20427673	0.20033753
HSMM_strong_MYOD_bound_enhancers	GSM6339597	0	0.0403397	0.05520168
HSMM_strong_MYOD_bound_enhancers	GSM6339597	1	0.010615711	0.0042462847
HSMM_strong_MYOD_bound_enhancers	GSM6339597	2	0.0509554	0.05307854
HSMM_strong_MYOD_bound_enhancers	GSM6339597	3	0.01910828	0.018046709
HSMM_strong_MYOD_bound_enhancers	GSM6339597	4	0.014861994	0.00955414
HSMM_strong_MYOD_bound_enhancers	GSM6339597	5	0.026539283	0.03184714
HSMM_strong_MYOD_bound_enhancers	GSM6339597	6	0.14331226	0.10509562
HSMM_strong_MYOD_bound_enhancers	GSM6339597	7	0.104034044	0.095541455
HSMM_strong_MYOD_bound_enhancers	GSM6339597	8	0.16454373	0.14225069
HSMM_strong_MYOD_bound_enhancers	GSM6339597	9	0.38110292	0.33439434
HSMM_strong_MYOD_bound_enhancers	GSM6339597	10	0.1178345	0.13163495
HSMM_strong_MYOD_bound_enhancers	GSM6339597	11	0.16666688	0.17622104
HSMM_strong_MYOD_bound_enhancers	GSM6339597	12	0.03078557	0.020169852
HSMM_strong_MYOD_bound_enhancers	GSM6339597	13	0.32590187	0.3588102
HSMM_strong_MYOD_bound_enhancers	GSM6339597	14	0.36517954	0.31634784
HSMM_strong_MYOD_bound_enhancers	GSM6339597	15	0.24097703	0.2738855
HSMM_strong_MYOD_bound_enhancers	GSM6339597	16	0.31528628	0.29830134
HSMM_strong_MYOD_bound_enhancers	GSM6339597	17	0.3715489	0.37048733
HSMM_strong_MYOD_bound_enhancers	GSM6339597	18	0.25902367	0.25477743
HSMM_strong_MYOD_bound_enhancers	GSM6339597	19	0.17515947	0.15286642
HSMM_strong_MYOD_bound_enhancers	GSM6339597	20	0.13269652	0.15923586
HSMM_strong_MYOD_bound_enhancers	GSM6339597	21	0.19639094	0.18365206
HSMM_strong_MYOD_bound_enhancers	GSM6339597	22	0.2505312	0.23566917
HSMM_strong_MYOD_bound_enhancers	GSM6339597	23	0.2707008	0.26539302
HSMM_strong_MYOD_bound_enhancers	GSM6339597	24	0.15711272	0.16879003
HSMM_strong_MYOD_bound_enhancers	GSM6339597	25	0.25159276	0.26751614
HSMM_strong_MYOD_bound_enhancers	GSM6339597	26	0.25690055	0.29087043
HSMM_strong_MYOD_bound_enhancers	GSM6339597	27	0.15605114	0.21656084
HSMM_strong_MYOD_bound_enhancers	GSM6339597	28	0.3481946	0.32908654
HSMM_strong_MYOD_bound_enhancers	GSM6339597	29	0.08598729	0.09447988
HSMM_strong_MYOD_bound_enhancers	GSM6339597	30	0.33333278	0.33120966
HSMM_strong_MYOD_bound_enhancers	GSM6339597	31	0.14012754	0.11677293
HSMM_strong_MYOD_bound_enhancers	GSM6339597	32	0.20382196	0.19851409
HSMM_strong_MYOD_bound_enhancers	GSM6339597	33	0.33651745	0.35244083
HSMM_strong_MYOD_bound_enhancers	GSM6339597	34	0.17940576	0.16135901
HSMM_strong_MYOD_bound_enhancers	GSM6339597	35	0.16348216	0.13588125
HSMM_strong_MYOD_bound_enhancers	GSM6339597	36	0.13800439	0.16242059
HSMM_strong_MYOD_bound_enhancers	GSM6339597	37	0.30891693	0.32059407
HSMM_strong_MYOD_bound_enhancers	GSM6339597	38	0.14649698	0.16772845
HSMM_strong_MYOD_bound_enhancers	GSM6339597	39	0.19532937	0.18471363
HSMM_strong_MYOD_bound_enhancers	GSM6339597	40	0.13057338	0.17622104
HSMM_strong_MYOD_bound_enhancers	GSM6339597	41	0.24416175	0.23673074
HSMM_strong_MYOD_bound_enhancers	GSM6339597	42	0.30785537	0.3067938
HSMM_strong_MYOD_bound_enhancers	GSM6339597	43	0.118896075	0.110403486
HSMM_strong_MYOD_bound_enhancers	GSM6339597	44	0.28768575	0.26114678
HSMM_strong_MYOD_bound_enhancers	GSM6339597	45	0.23673074	0.23566917
MYOD1_strong_MYOD_bound	GSM6339597	0	0.1	0.0
MYOD1_strong_MYOD_bound	GSM6339597	1	0.0	0.0
MYOD1_strong_MYOD_bound	GSM6339597	2	0.2	0.0
MYOD1_strong_MYOD_bound	GSM6339597	3	0.0	0.1
MYOD1_strong_MYOD_bound	GSM6339597	4	0.0	0.0
MYOD1_strong_MYOD_bound	GSM6339597	5	0.0	0.0
MYOD1_strong_MYOD_bound	GSM6339597	6	0.0	0.0
MYOD1_strong_MYOD_bound	GSM6339597	7	0.2	0.1
MYOD1_strong_MYOD_bound	GSM6339597	8	0.1	0.1
MYOD1_strong_MYOD_bound	GSM6339597	9	0.6	0.4
MYOD1_strong_MYOD_bound	GSM6339597	10	0.1	0.1
MYOD1_strong_MYOD_bound	GSM6339597	11	0.1	0.1
MYOD1_strong_MYOD_bound	GSM6339597	12	0.0	0.0
MYOD1_strong_MYOD_bound	GSM6339597	13	0.2	0.3
MYOD1_strong_MYOD_bound	GSM6339597	14	0.70000005	0.5
MYOD1_strong_MYOD_bound	GSM6339597	15	0.3	0.1
MYOD1_strong_MYOD_bound	GSM6339597	16	0.2	0.6
MYOD1_strong_MYOD_bound	GSM6339597	17	0.2	0.6
MYOD1_strong_MYOD_bound	GSM6339597	18	0.4	0.3
MYOD1_strong_MYOD_bound	GSM6339597	19	0.2	0.3
MYOD1_strong_MYOD_bound	GSM6339597	20	0.1	0.2
MYOD1_strong_MYOD_bound	GSM6339597	21	0.2	0.1
MYOD1_strong_MYOD_bound	GSM6339597	22	0.3	0.2
MYOD1_strong_MYOD_bound	GSM6339597	23	0.1	0.0
MYOD1_strong_MYOD_bound	GSM6339597	24	0.2	0.2
MYOD1_strong_MYOD_bound	GSM6339597	25	0.2	0.4
MYOD1_strong_MYOD_bound	GSM6339597	26	0.2	0.2
MYOD1_strong_MYOD_bound	GSM6339597	27	0.1	0.4
MYOD1_strong_MYOD_bound	GSM6339597	28	0.3	0.3
MYOD1_strong_MYOD_bound	GSM6339597	29	0.1	0.0
MYOD1_strong_MYOD_bound	GSM6339597	30	0.1	0.2
MYOD1_strong_MYOD_bound	GSM6339597	31	0.1	0.2
MYOD1_strong_MYOD_bound	GSM6339597	32	0.1	0.1
MYOD1_strong_MYOD_bound	GSM6339597	33	0.3	0.4
MYOD1_strong_MYOD_bound	GSM6339597	34	0.0	0.1
MYOD1_strong_MYOD_bound	GSM6339597	35	0.2	0.0
MYOD1_strong_MYOD_bound	GSM6339597	36	0.2	0.3
MYOD1_strong_MYOD_bound	GSM6339597	37	0.3	0.4
MYOD1_strong_MYOD_bound	GSM6339597	38	0.1	0.1
MYOD1_strong_MYOD_bound	GSM6339597	39	0.4	0.1
MYOD1_strong_MYOD_bound	GSM6339597	40	0.2	0.3
MYOD1_strong_MYOD_bound	GSM6339597	41	0.6	0.1
MYOD1_strong_MYOD_bound	GSM6339597	42	0.5	0.2
MYOD1_strong_MYOD_bound	GSM6339597	43	0.1	0.2
MYOD1_strong_MYOD_bound	GSM6339597	44	0.4	0.2
MYOD1_strong_MYOD_bound	GSM6339597	45	0.2	0.1
MYOG_strong_MYOD_bound	GSM6339597	0	0.0	0.0
MYOG_strong_MYOD_bound	GSM6339597	1	0.0	0.0
MYOG_strong_MYOD_bound	GSM6339597	2	0.09090909	0.0
MYOG_strong_MYOD_bound	GSM6339597	3	0.09090909	0.09090909
MYOG_strong_MYOD_bound	GSM6339597	4	0.09090909	0.18181819
MYOG_strong_MYOD_bound	GSM6339597	5	0.0	0.0
MYOG_strong_MYOD_bound	GSM6339597	6	0.18181819	0.27272728
MYOG_strong_MYOD_bound	GSM6339597	7	0.54545456	0.09090909
MYOG_strong_MYOD_bound	GSM6339597	8	0.18181819	0.09090909
MYOG_strong_MYOD_bound	GSM6339597	9	0.36363637	0.36363637
MYOG_strong_MYOD_bound	GSM6339597	10	0.09090909	0.0
MYOG_strong_MYOD_bound	GSM6339597	11	0.18181819	0.27272728
MYOG_strong_MYOD_bound	GSM6339597	12	0.0	0.0
MYOG_strong_MYOD_bound	GSM6339597	13	0.0	0.45454547
MYOG_strong_MYOD_bound	GSM6339597	14	0.8181819	0.45454547
MYOG_strong_MYOD_bound	GSM6339597	15	0.27272728	0.54545456
MYOG_strong_MYOD_bound	GSM6339597	16	0.36363637	0.45454547
MYOG_strong_MYOD_bound	GSM6339597	17	0.27272728	0.27272728
MYOG_strong_MYOD_bound	GSM6339597	18	0.36363637	0.54545456
MYOG_strong_MYOD_bound	GSM6339597	19	0.18181819	0.36363637
MYOG_strong_MYOD_bound	GSM6339597	20	0.27272728	0.0
MYOG_strong_MYOD_bound	GSM6339597	21	0.27272728	0.36363637
MYOG_strong_MYOD_bound	GSM6339597	22	0.18181819	0.36363637
MYOG_strong_MYOD_bound	GSM6339597	23	0.18181819	0.09090909
MYOG_strong_MYOD_bound	GSM6339597	24	0.0	0.18181819
MYOG_strong_MYOD_bound	GSM6339597	25	0.27272728	0.27272728
MYOG_strong_MYOD_bound	GSM6339597	26	0.18181819	0.36363637
MYOG_strong_MYOD_bound	GSM6339597	27	0.09090909	0.45454547
MYOG_strong_MYOD_bound	GSM6339597	28	0.36363637	0.36363637
MYOG_strong_MYOD_bound	GSM6339597	29	0.0	0.18181819
MYOG_strong_MYOD_bound	GSM6339597	30	0.45454547	0.27272728
MYOG_strong_MYOD_bound	GSM6339597	31	0.09090909	0.09090909
MYOG_strong_MYOD_bound	GSM6339597	32	0.18181819	0.27272728
MYOG_strong_MYOD_bound	GSM6339597	33	0.54545456	0.45454547
MYOG_strong_MYOD_bound	GSM6339597	34	0.27272728	0.0
MYOG_strong_MYOD_bound	GSM6339597	35	0.27272728	0.0
MYOG_strong_MYOD_bound	GSM6339597	36	0.09090909	0.27272728
MYOG_strong_MYOD_bound	GSM6339597	37	0.36363637	0.36363637
MYOG_strong_MYOD_bound	GSM6339597	38	0.0	0.0
MYOG_strong_MYOD_bound	GSM6339597	39	0.36363637	0.18181819
MYOG_strong_MYOD_bound	GSM6339597	40	0.18181819	0.45454547
MYOG_strong_MYOD_bound	GSM6339597	41	0.27272728	0.09090909
MYOG_strong_MYOD_bound	GSM6339597	42	0.09090909	0.36363637
MYOG_strong_MYOD_bound	GSM6339597	43	0.18181819	0.18181819
MYOG_strong_MYOD_bound	GSM6339597	44	0.27272728	0.54545456
MYOG_strong_MYOD_bound	GSM6339597	45	0.09090909	0.36363637
MYF5_MYF6_shared_strong_MYOD_bound	GSM6339597	0	0.0	0.0
MYF5_MYF6_shared_strong_MYOD_bound	GSM6339597	1	0.0	0.0
MYF5_MYF6_shared_strong_MYOD_bound	GSM6339597	2	0.5	0.0
MYF5_MYF6_shared_strong_MYOD_bound	GSM6339597	3	0.0	0.0
MYF5_MYF6_shared_strong_MYOD_bound	GSM6339597	4	0.0	0.0
MYF5_MYF6_shared_strong_MYOD_bound	GSM6339597	5	0.0	0.0
MYF5_MYF6_shared_strong_MYOD_bound	GSM6339597	6	0.0	0.0
MYF5_MYF6_shared_strong_MYOD_bound	GSM6339597	7	0.0	0.0
MYF5_MYF6_shared_strong_MYOD_bound	GSM6339597	8	0.0	0.5
MYF5_MYF6_shared_strong_MYOD_bound	GSM6339597	9	0.0	0.0
MYF5_MYF6_shared_strong_MYOD_bound	GSM6339597	10	0.0	0.0
MYF5_MYF6_shared_strong_MYOD_bound	GSM6339597	11	0.0	0.0
MYF5_MYF6_shared_strong_MYOD_bound	GSM6339597	12	0.5	0.0
MYF5_MYF6_shared_strong_MYOD_bound	GSM6339597	13	0.5	0.5
MYF5_MYF6_shared_strong_MYOD_bound	GSM6339597	14	0.0	0.0
MYF5_MYF6_shared_strong_MYOD_bound	GSM6339597	15	0.0	0.0
MYF5_MYF6_shared_strong_MYOD_bound	GSM6339597	16	0.5	0.0
MYF5_MYF6_shared_strong_MYOD_bound	GSM6339597	17	0.5	0.0
MYF5_MYF6_shared_strong_MYOD_bound	GSM6339597	18	0.0	0.0
MYF5_MYF6_shared_strong_MYOD_bound	GSM6339597	19	0.0	0.0
MYF5_MYF6_shared_strong_MYOD_bound	GSM6339597	20	0.0	0.0
MYF5_MYF6_shared_strong_MYOD_bound	GSM6339597	21	0.0	0.0
MYF5_MYF6_shared_strong_MYOD_bound	GSM6339597	22	0.0	0.0
MYF5_MYF6_shared_strong_MYOD_bound	GSM6339597	23	0.0	0.0
MYF5_MYF6_shared_strong_MYOD_bound	GSM6339597	24	0.0	0.0
MYF5_MYF6_shared_strong_MYOD_bound	GSM6339597	25	0.5	0.5
MYF5_MYF6_shared_strong_MYOD_bound	GSM6339597	26	0.0	0.0
MYF5_MYF6_shared_strong_MYOD_bound	GSM6339597	27	0.0	0.0
MYF5_MYF6_shared_strong_MYOD_bound	GSM6339597	28	0.0	0.0
MYF5_MYF6_shared_strong_MYOD_bound	GSM6339597	29	0.0	0.0
MYF5_MYF6_shared_strong_MYOD_bound	GSM6339597	30	0.5	0.0
MYF5_MYF6_shared_strong_MYOD_bound	GSM6339597	31	0.0	0.0
MYF5_MYF6_shared_strong_MYOD_bound	GSM6339597	32	0.0	0.5
MYF5_MYF6_shared_strong_MYOD_bound	GSM6339597	33	0.0	0.0
MYF5_MYF6_shared_strong_MYOD_bound	GSM6339597	34	0.0	0.0
MYF5_MYF6_shared_strong_MYOD_bound	GSM6339597	35	0.0	0.0
MYF5_MYF6_shared_strong_MYOD_bound	GSM6339597	36	0.0	0.0
MYF5_MYF6_shared_strong_MYOD_bound	GSM6339597	37	0.0	0.5
MYF5_MYF6_shared_strong_MYOD_bound	GSM6339597	38	0.0	0.0
MYF5_MYF6_shared_strong_MYOD_bound	GSM6339597	39	0.5	0.0
MYF5_MYF6_shared_strong_MYOD_bound	GSM6339597	40	0.0	0.0
MYF5_MYF6_shared_strong_MYOD_bound	GSM6339597	41	0.0	0.0
MYF5_MYF6_shared_strong_MYOD_bound	GSM6339597	42	0.0	0.5
MYF5_MYF6_shared_strong_MYOD_bound	GSM6339597	43	0.0	0.0
MYF5_MYF6_shared_strong_MYOD_bound	GSM6339597	44	0.0	0.0
MYF5_MYF6_shared_strong_MYOD_bound	GSM6339597	45	0.0	0.0
MRF_core_union	GSM6339597	0	0.04347826	0.0
MRF_core_union	GSM6339597	1	0.0	0.0
MRF_core_union	GSM6339597	2	0.17391305	0.0
MRF_core_union	GSM6339597	3	0.04347826	0.08695652
MRF_core_union	GSM6339597	4	0.04347826	0.08695652
MRF_core_union	GSM6339597	5	0.0	0.0
MRF_core_union	GSM6339597	6	0.08695652	0.13043478
MRF_core_union	GSM6339597	7	0.34782606	0.08695652
MRF_core_union	GSM6339597	8	0.13043478	0.13043478
MRF_core_union	GSM6339597	9	0.43478256	0.34782606
MRF_core_union	GSM6339597	10	0.08695652	0.04347826
MRF_core_union	GSM6339597	11	0.13043478	0.17391305
MRF_core_union	GSM6339597	12	0.04347826	0.0
MRF_core_union	GSM6339597	13	0.13043478	0.3913043
MRF_core_union	GSM6339597	14	0.69565207	0.43478256
MRF_core_union	GSM6339597	15	0.26086956	0.3043478
MRF_core_union	GSM6339597	16	0.3043478	0.47826082
MRF_core_union	GSM6339597	17	0.26086956	0.3913043
MRF_core_union	GSM6339597	18	0.34782606	0.3913043
MRF_core_union	GSM6339597	19	0.17391305	0.3043478
MRF_core_union	GSM6339597	20	0.17391305	0.08695652
MRF_core_union	GSM6339597	21	0.21739131	0.21739131
MRF_core_union	GSM6339597	22	0.21739131	0.26086956
MRF_core_union	GSM6339597	23	0.13043478	0.04347826
MRF_core_union	GSM6339597	24	0.08695652	0.17391305
MRF_core_union	GSM6339597	25	0.26086956	0.34782606
MRF_core_union	GSM6339597	26	0.17391305	0.26086956
MRF_core_union	GSM6339597	27	0.08695652	0.3913043
MRF_core_union	GSM6339597	28	0.3043478	0.3043478
MRF_core_union	GSM6339597	29	0.04347826	0.08695652
MRF_core_union	GSM6339597	30	0.3043478	0.21739131
MRF_core_union	GSM6339597	31	0.08695652	0.13043478
MRF_core_union	GSM6339597	32	0.13043478	0.21739131
MRF_core_union	GSM6339597	33	0.3913043	0.3913043
MRF_core_union	GSM6339597	34	0.13043478	0.04347826
MRF_core_union	GSM6339597	35	0.21739131	0.0
MRF_core_union	GSM6339597	36	0.13043478	0.26086956
MRF_core_union	GSM6339597	37	0.3043478	0.3913043
MRF_core_union	GSM6339597	38	0.04347826	0.04347826
MRF_core_union	GSM6339597	39	0.3913043	0.13043478
MRF_core_union	GSM6339597	40	0.17391305	0.34782606
MRF_core_union	GSM6339597	41	0.3913043	0.08695652
MRF_core_union	GSM6339597	42	0.26086956	0.3043478
MRF_core_union	GSM6339597	43	0.13043478	0.17391305
MRF_core_union	GSM6339597	44	0.3043478	0.34782606
MRF_core_union	GSM6339597	45	0.13043478	0.21739131
HSMM_strong_enhancers	GSM6339599	0	0.020821607	0.023072591
HSMM_strong_enhancers	GSM6339599	1	0.061339326	0.08384931
HSMM_strong_enhancers	GSM6339599	2	0.028700052	0.025323575
HSMM_strong_enhancers	GSM6339599	3	0.03770399	0.032639276
HSMM_strong_enhancers	GSM6339599	4	0.009003938	0.009003938
HSMM_strong_enhancers	GSM6339599	5	0.033202022	0.029262798
HSMM_strong_enhancers	GSM6339599	6	0.026449068	0.034327514
HSMM_strong_enhancers	GSM6339599	7	0.15306717	0.15194169
HSMM_strong_enhancers	GSM6339599	8	0.057400104	0.052898135
HSMM_strong_enhancers	GSM6339599	9	0.08891406	0.08553756
HSMM_strong_enhancers	GSM6339599	10	0.08778856	0.073719814
HSMM_strong_enhancers	GSM6339599	11	0.1221163	0.102420054
HSMM_strong_enhancers	GSM6339599	12	0.023072591	0.026449068
HSMM_strong_enhancers	GSM6339599	13	0.024198083	0.022509845
HSMM_strong_enhancers	GSM6339599	14	0.08328656	0.09454156
HSMM_strong_enhancers	GSM6339599	15	0.17782784	0.20990415
HSMM_strong_enhancers	GSM6339599	16	0.20202576	0.21496883
HSMM_strong_enhancers	GSM6339599	17	0.05233539	0.048958912
HSMM_strong_enhancers	GSM6339599	18	0.1176143	0.102982804
HSMM_strong_enhancers	GSM6339599	19	0.061339326	0.048396166
HSMM_strong_enhancers	GSM6339599	20	0.21890803	0.21834528
HSMM_strong_enhancers	GSM6339599	21	0.17839058	0.14631426
HSMM_strong_enhancers	GSM6339599	22	0.13112022	0.14293781
HSMM_strong_enhancers	GSM6339599	23	0.11705155	0.13055748
HSMM_strong_enhancers	GSM6339599	24	0.098480806	0.1074848
HSMM_strong_enhancers	GSM6339599	25	0.022509845	0.018570622
HSMM_strong_enhancers	GSM6339599	26	0.13731039	0.11930255
HSMM_strong_enhancers	GSM6339599	27	0.18064155	0.20765318
HSMM_strong_enhancers	GSM6339599	28	0.18176703	0.19752382
HSMM_strong_enhancers	GSM6339599	29	0.023072591	0.038266737
HSMM_strong_enhancers	GSM6339599	30	0.08553756	0.09229056
HSMM_strong_enhancers	GSM6339599	31	0.16319653	0.15531814
HSMM_strong_enhancers	GSM6339599	32	0.08778856	0.097918056
HSMM_strong_enhancers	GSM6339599	33	0.13280845	0.1401241
HSMM_strong_enhancers	GSM6339599	34	0.12830651	0.14518878
HSMM_strong_enhancers	GSM6339599	35	0.14518878	0.13843587
HSMM_strong_enhancers	GSM6339599	36	0.08553756	0.1198653
HSMM_strong_enhancers	GSM6339599	37	0.16432202	0.15925734
HSMM_strong_enhancers	GSM6339599	38	0.08891406	0.09566706
HSMM_strong_enhancers	GSM6339599	39	0.13731039	0.15588088
HSMM_strong_enhancers	GSM6339599	40	0.14237507	0.14350055
HSMM_strong_enhancers	GSM6339599	41	0.16657299	0.18851994
HSMM_strong_enhancers	GSM6339599	42	0.10467105	0.08722581
HSMM_strong_enhancers	GSM6339599	43	0.08159831	0.08103556
HSMM_strong_enhancers	GSM6339599	44	0.16207105	0.16488476
HSMM_strong_enhancers	GSM6339599	45	0.23297659	0.20765318
HSMM_strong_enhancers	GSM6339599	46	0.20090027	0.2025885
HSMM_strong_enhancers	GSM6339599	47	0.15419266	0.14350055
HSMM_strong_enhancers	GSM6339599	48	0.1243673	0.12042805
HSMM_strong_enhancers	GSM6339599	49	0.18345526	0.17388864
HSMM_strong_enhancers	GSM6339599	50	0.14518878	0.16263379
HSMM_strong_enhancers	GSM6339599	51	0.14631426	0.15419266
HSMM_strong_enhancers	GSM6339599	52	0.15813185	0.146877
HSMM_strong_enhancers	GSM6339599	53	0.15362991	0.13956136
HSMM_strong_enhancers	GSM6339599	54	0.1693867	0.15982008
HSMM_strong_enhancers	GSM6339599	55	0.23353933	0.22453545
HSMM_strong_enhancers	GSM6339599	56	0.1108613	0.1131123
HSMM_strong_enhancers	GSM6339599	57	0.08159831	0.1232418
HSMM_strong_enhancers	GSM6339599	58	0.1209908	0.101857305
HSMM_strong_enhancers	GSM6339599	59	0.08216106	0.09622981
HSMM_strong_enhancers	GSM6339599	60	0.1164888	0.13280845
HSMM_strong_enhancers	GSM6339599	61	0.15194169	0.1547554
HSMM_strong_enhancers	GSM6339599	62	0.15306717	0.14181232
HSMM_strong_enhancers	GSM6339599	63	0.12661828	0.12661828
HSMM_strong_enhancers	GSM6339599	64	0.13562216	0.1232418
HSMM_strong_enhancers	GSM6339599	65	0.20090027	0.19977479
HSMM_strong_enhancers	GSM6339599	66	0.1361849	0.1322457
HSMM_strong_enhancers	GSM6339599	67	0.06752957	0.059088342
HSMM_strong_enhancers	GSM6339599	68	0.1401241	0.12886925
HSMM_strong_enhancers	GSM6339599	69	0.050084405	0.03939223
HSMM_strong_enhancers	GSM6339599	70	0.15250443	0.17951606
HSMM_strong_enhancers	GSM6339599	71	0.2279119	0.2132806
HSMM_strong_enhancers	GSM6339599	72	0.146877	0.13562216
HSMM_strong_enhancers	GSM6339599	73	0.19133365	0.18458074
HSMM_strong_MYOD_bound_enhancers	GSM6339599	0	0.020169852	0.03078557
HSMM_strong_MYOD_bound_enhancers	GSM6339599	1	0.06581739	0.0976646
HSMM_strong_MYOD_bound_enhancers	GSM6339599	2	0.026539283	0.018046709
HSMM_strong_MYOD_bound_enhancers	GSM6339599	3	0.04246284	0.04352441
HSMM_strong_MYOD_bound_enhancers	GSM6339599	4	0.00955414	0.012738853
HSMM_strong_MYOD_bound_enhancers	GSM6339599	5	0.04564755	0.03609342
HSMM_strong_MYOD_bound_enhancers	GSM6339599	6	0.03397028	0.04458598
HSMM_strong_MYOD_bound_enhancers	GSM6339599	7	0.16348216	0.17091317
HSMM_strong_MYOD_bound_enhancers	GSM6339599	8	0.05838639	0.05626325
HSMM_strong_MYOD_bound_enhancers	GSM6339599	9	0.10828034	0.0976646
HSMM_strong_MYOD_bound_enhancers	GSM6339599	10	0.10934191	0.083864145
HSMM_strong_MYOD_bound_enhancers	GSM6339599	11	0.1496817	0.1337581
HSMM_strong_MYOD_bound_enhancers	GSM6339599	12	0.02441614	0.03184714
HSMM_strong_MYOD_bound_enhancers	GSM6339599	13	0.028662426	0.013800424
HSMM_strong_MYOD_bound_enhancers	GSM6339599	14	0.10084932	0.1019109
HSMM_strong_MYOD_bound_enhancers	GSM6339599	15	0.21549927	0.26645458
HSMM_strong_MYOD_bound_enhancers	GSM6339599	16	0.19851409	0.24097703
HSMM_strong_MYOD_bound_enhancers	GSM6339599	17	0.06263267	0.063694246
HSMM_strong_MYOD_bound_enhancers	GSM6339599	18	0.13163495	0.11252663
HSMM_strong_MYOD_bound_enhancers	GSM6339599	19	0.06581739	0.05414011
HSMM_strong_MYOD_bound_enhancers	GSM6339599	20	0.24416175	0.23248444
HSMM_strong_MYOD_bound_enhancers	GSM6339599	21	0.19745252	0.18259048
HSMM_strong_MYOD_bound_enhancers	GSM6339599	22	0.15605114	0.19320622
HSMM_strong_MYOD_bound_enhancers	GSM6339599	23	0.13588125	0.14331226
HSMM_strong_MYOD_bound_enhancers	GSM6339599	24	0.11571135	0.12845023
HSMM_strong_MYOD_bound_enhancers	GSM6339599	25	0.02441614	0.012738853
HSMM_strong_MYOD_bound_enhancers	GSM6339599	26	0.18046734	0.12526551
HSMM_strong_MYOD_bound_enhancers	GSM6339599	27	0.20276038	0.24522333
HSMM_strong_MYOD_bound_enhancers	GSM6339599	28	0.21337612	0.23354602
HSMM_strong_MYOD_bound_enhancers	GSM6339599	29	0.025477711	0.04670912
HSMM_strong_MYOD_bound_enhancers	GSM6339599	30	0.0976646	0.118896075
HSMM_strong_MYOD_bound_enhancers	GSM6339599	31	0.19214465	0.1740979
HSMM_strong_MYOD_bound_enhancers	GSM6339599	32	0.10828034	0.10934191
HSMM_strong_MYOD_bound_enhancers	GSM6339599	33	0.1656053	0.1496817
HSMM_strong_MYOD_bound_enhancers	GSM6339599	34	0.15498957	0.18683678
HSMM_strong_MYOD_bound_enhancers	GSM6339599	35	0.15817429	0.15605114
HSMM_strong_MYOD_bound_enhancers	GSM6339599	36	0.0976646	0.12526551
HSMM_strong_MYOD_bound_enhancers	GSM6339599	37	0.19532937	0.17940576
HSMM_strong_MYOD_bound_enhancers	GSM6339599	38	0.10297247	0.107218765
HSMM_strong_MYOD_bound_enhancers	GSM6339599	39	0.17091317	0.16772845
HSMM_strong_MYOD_bound_enhancers	GSM6339599	40	0.15498957	0.16029744
HSMM_strong_MYOD_bound_enhancers	GSM6339599	41	0.20912983	0.23142287
HSMM_strong_MYOD_bound_enhancers	GSM6339599	42	0.12738866	0.1019109
HSMM_strong_MYOD_bound_enhancers	GSM6339599	43	0.1178345	0.08811044
HSMM_strong_MYOD_bound_enhancers	GSM6339599	44	0.1900215	0.21337612
HSMM_strong_MYOD_bound_enhancers	GSM6339599	45	0.2526543	0.23566917
HSMM_strong_MYOD_bound_enhancers	GSM6339599	46	0.25477743	0.24416175
HSMM_strong_MYOD_bound_enhancers	GSM6339599	47	0.18683678	0.14543541
HSMM_strong_MYOD_bound_enhancers	GSM6339599	48	0.12632708	0.13481967
HSMM_strong_MYOD_bound_enhancers	GSM6339599	49	0.24097703	0.22399186
HSMM_strong_MYOD_bound_enhancers	GSM6339599	50	0.18259048	0.18152891
HSMM_strong_MYOD_bound_enhancers	GSM6339599	51	0.17091317	0.1942678
HSMM_strong_MYOD_bound_enhancers	GSM6339599	52	0.18259048	0.15498957
HSMM_strong_MYOD_bound_enhancers	GSM6339599	53	0.16242059	0.16029744
HSMM_strong_MYOD_bound_enhancers	GSM6339599	54	0.17303632	0.17622104
HSMM_strong_MYOD_bound_enhancers	GSM6339599	55	0.25690055	0.24416175
HSMM_strong_MYOD_bound_enhancers	GSM6339599	56	0.13800439	0.13269652
HSMM_strong_MYOD_bound_enhancers	GSM6339599	57	0.080679424	0.14437383
HSMM_strong_MYOD_bound_enhancers	GSM6339599	58	0.13481967	0.107218765
HSMM_strong_MYOD_bound_enhancers	GSM6339599	59	0.08917201	0.10509562
HSMM_strong_MYOD_bound_enhancers	GSM6339599	60	0.14331226	0.14012754
HSMM_strong_MYOD_bound_enhancers	GSM6339599	61	0.1740979	0.19214465
HSMM_strong_MYOD_bound_enhancers	GSM6339599	62	0.17834419	0.16454373
HSMM_strong_MYOD_bound_enhancers	GSM6339599	63	0.14331226	0.13481967
HSMM_strong_MYOD_bound_enhancers	GSM6339599	64	0.15074328	0.14118911
HSMM_strong_MYOD_bound_enhancers	GSM6339599	65	0.22717658	0.2526543
HSMM_strong_MYOD_bound_enhancers	GSM6339599	66	0.16666688	0.17091317
HSMM_strong_MYOD_bound_enhancers	GSM6339599	67	0.087048866	0.072186835
HSMM_strong_MYOD_bound_enhancers	GSM6339599	68	0.17940576	0.14543541
HSMM_strong_MYOD_bound_enhancers	GSM6339599	69	0.06687897	0.04564755
HSMM_strong_MYOD_bound_enhancers	GSM6339599	70	0.17197475	0.20063724
HSMM_strong_MYOD_bound_enhancers	GSM6339599	71	0.25477743	0.24734648
HSMM_strong_MYOD_bound_enhancers	GSM6339599	72	0.1857752	0.17622104
HSMM_strong_MYOD_bound_enhancers	GSM6339599	73	0.20912983	0.22293028
MYOD1_strong_MYOD_bound	GSM6339599	0	0.1	0.0
MYOD1_strong_MYOD_bound	GSM6339599	1	0.1	0.0
MYOD1_strong_MYOD_bound	GSM6339599	2	0.0	0.0
MYOD1_strong_MYOD_bound	GSM6339599	3	0.0	0.1
MYOD1_strong_MYOD_bound	GSM6339599	4	0.0	0.0
MYOD1_strong_MYOD_bound	GSM6339599	5	0.1	0.0
MYOD1_strong_MYOD_bound	GSM6339599	6	0.0	0.1
MYOD1_strong_MYOD_bound	GSM6339599	7	0.1	0.0
MYOD1_strong_MYOD_bound	GSM6339599	8	0.0	0.0
MYOD1_strong_MYOD_bound	GSM6339599	9	0.2	0.1
MYOD1_strong_MYOD_bound	GSM6339599	10	0.1	0.0
MYOD1_strong_MYOD_bound	GSM6339599	11	0.0	0.1
MYOD1_strong_MYOD_bound	GSM6339599	12	0.0	0.1
MYOD1_strong_MYOD_bound	GSM6339599	13	0.0	0.0
MYOD1_strong_MYOD_bound	GSM6339599	14	0.2	0.1
MYOD1_strong_MYOD_bound	GSM6339599	15	0.3	0.5
MYOD1_strong_MYOD_bound	GSM6339599	16	0.1	0.1
MYOD1_strong_MYOD_bound	GSM6339599	17	0.0	0.1
MYOD1_strong_MYOD_bound	GSM6339599	18	0.1	0.0
MYOD1_strong_MYOD_bound	GSM6339599	19	0.0	0.1
MYOD1_strong_MYOD_bound	GSM6339599	20	0.3	0.1
MYOD1_strong_MYOD_bound	GSM6339599	21	0.0	0.2
MYOD1_strong_MYOD_bound	GSM6339599	22	0.1	0.4
MYOD1_strong_MYOD_bound	GSM6339599	23	0.2	0.1
MYOD1_strong_MYOD_bound	GSM6339599	24	0.2	0.0
MYOD1_strong_MYOD_bound	GSM6339599	25	0.1	0.0
MYOD1_strong_MYOD_bound	GSM6339599	26	0.1	0.0
MYOD1_strong_MYOD_bound	GSM6339599	27	0.1	0.3
MYOD1_strong_MYOD_bound	GSM6339599	28	0.2	0.3
MYOD1_strong_MYOD_bound	GSM6339599	29	0.1	0.0
MYOD1_strong_MYOD_bound	GSM6339599	30	0.3	0.0
MYOD1_strong_MYOD_bound	GSM6339599	31	0.1	0.1
MYOD1_strong_MYOD_bound	GSM6339599	32	0.1	0.3
MYOD1_strong_MYOD_bound	GSM6339599	33	0.1	0.1
MYOD1_strong_MYOD_bound	GSM6339599	34	0.1	0.1
MYOD1_strong_MYOD_bound	GSM6339599	35	0.1	0.1
MYOD1_strong_MYOD_bound	GSM6339599	36	0.0	0.0
MYOD1_strong_MYOD_bound	GSM6339599	37	0.1	0.1
MYOD1_strong_MYOD_bound	GSM6339599	38	0.1	0.0
MYOD1_strong_MYOD_bound	GSM6339599	39	0.0	0.0
MYOD1_strong_MYOD_bound	GSM6339599	40	0.0	0.1
MYOD1_strong_MYOD_bound	GSM6339599	41	0.1	0.2
MYOD1_strong_MYOD_bound	GSM6339599	42	0.2	0.1
MYOD1_strong_MYOD_bound	GSM6339599	43	0.1	0.2
MYOD1_strong_MYOD_bound	GSM6339599	44	0.1	0.1
MYOD1_strong_MYOD_bound	GSM6339599	45	0.1	0.2
MYOD1_strong_MYOD_bound	GSM6339599	46	0.4	0.0
MYOD1_strong_MYOD_bound	GSM6339599	47	0.2	0.2
MYOD1_strong_MYOD_bound	GSM6339599	48	0.0	0.0
MYOD1_strong_MYOD_bound	GSM6339599	49	0.3	0.2
MYOD1_strong_MYOD_bound	GSM6339599	50	0.1	0.0
MYOD1_strong_MYOD_bound	GSM6339599	51	0.1	0.3
MYOD1_strong_MYOD_bound	GSM6339599	52	0.1	0.1
MYOD1_strong_MYOD_bound	GSM6339599	53	0.1	0.0
MYOD1_strong_MYOD_bound	GSM6339599	54	0.0	0.1
MYOD1_strong_MYOD_bound	GSM6339599	55	0.0	0.0
MYOD1_strong_MYOD_bound	GSM6339599	56	0.2	0.1
MYOD1_strong_MYOD_bound	GSM6339599	57	0.2	0.0
MYOD1_strong_MYOD_bound	GSM6339599	58	0.0	0.0
MYOD1_strong_MYOD_bound	GSM6339599	59	0.0	0.2
MYOD1_strong_MYOD_bound	GSM6339599	60	0.0	0.1
MYOD1_strong_MYOD_bound	GSM6339599	61	0.1	0.4
MYOD1_strong_MYOD_bound	GSM6339599	62	0.2	0.0
MYOD1_strong_MYOD_bound	GSM6339599	63	0.0	0.1
MYOD1_strong_MYOD_bound	GSM6339599	64	0.2	0.1
MYOD1_strong_MYOD_bound	GSM6339599	65	0.0	0.4
MYOD1_strong_MYOD_bound	GSM6339599	66	0.2	0.5
MYOD1_strong_MYOD_bound	GSM6339599	67	0.0	0.0
MYOD1_strong_MYOD_bound	GSM6339599	68	0.3	0.0
MYOD1_strong_MYOD_bound	GSM6339599	69	0.1	0.0
MYOD1_strong_MYOD_bound	GSM6339599	70	0.0	0.0
MYOD1_strong_MYOD_bound	GSM6339599	71	0.1	0.0
MYOD1_strong_MYOD_bound	GSM6339599	72	0.3	0.2
MYOD1_strong_MYOD_bound	GSM6339599	73	0.1	0.3
MYOG_strong_MYOD_bound	GSM6339599	0	0.0	0.0
MYOG_strong_MYOD_bound	GSM6339599	1	0.0	0.18181819
MYOG_strong_MYOD_bound	GSM6339599	2	0.0	0.0
MYOG_strong_MYOD_bound	GSM6339599	3	0.09090909	0.18181819
MYOG_strong_MYOD_bound	GSM6339599	4	0.0	0.0
MYOG_strong_MYOD_bound	GSM6339599	5	0.0	0.09090909
MYOG_strong_MYOD_bound	GSM6339599	6	0.0	0.09090909
MYOG_strong_MYOD_bound	GSM6339599	7	0.18181819	0.27272728
MYOG_strong_MYOD_bound	GSM6339599	8	0.0	0.09090909
MYOG_strong_MYOD_bound	GSM6339599	9	0.18181819	0.18181819
MYOG_strong_MYOD_bound	GSM6339599	10	0.0	0.09090909
MYOG_strong_MYOD_bound	GSM6339599	11	0.0	0.18181819
MYOG_strong_MYOD_bound	GSM6339599	12	0.0	0.18181819
MYOG_strong_MYOD_bound	GSM6339599	13	0.0	0.09090909
MYOG_strong_MYOD_bound	GSM6339599	14	0.09090909	0.18181819
MYOG_strong_MYOD_bound	GSM6339599	15	0.0	0.18181819
MYOG_strong_MYOD_bound	GSM6339599	16	0.0	0.27272728
MYOG_strong_MYOD_bound	GSM6339599	17	0.09090909	0.0
MYOG_strong_MYOD_bound	GSM6339599	18	0.0	0.0
MYOG_strong_MYOD_bound	GSM6339599	19	0.0	0.0
MYOG_strong_MYOD_bound	GSM6339599	20	0.09090909	0.36363637
MYOG_strong_MYOD_bound	GSM6339599	21	0.27272728	0.09090909
MYOG_strong_MYOD_bound	GSM6339599	22	0.18181819	0.18181819
MYOG_strong_MYOD_bound	GSM6339599	23	0.27272728	0.27272728
MYOG_strong_MYOD_bound	GSM6339599	24	0.18181819	0.27272728
MYOG_strong_MYOD_bound	GSM6339599	25	0.0	0.0
MYOG_strong_MYOD_bound	GSM6339599	26	0.27272728	0.36363637
MYOG_strong_MYOD_bound	GSM6339599	27	0.27272728	0.18181819
MYOG_strong_MYOD_bound	GSM6339599	28	0.18181819	0.45454547
MYOG_strong_MYOD_bound	GSM6339599	29	0.0	0.09090909
MYOG_strong_MYOD_bound	GSM6339599	30	0.0	0.09090909
MYOG_strong_MYOD_bound	GSM6339599	31	0.0	0.0
MYOG_strong_MYOD_bound	GSM6339599	32	0.09090909	0.18181819
MYOG_strong_MYOD_bound	GSM6339599	33	0.09090909	0.0
MYOG_strong_MYOD_bound	GSM6339599	34	0.09090909	0.18181819
MYOG_strong_MYOD_bound	GSM6339599	35	0.09090909	0.18181819
MYOG_strong_MYOD_bound	GSM6339599	36	0.18181819	0.18181819
MYOG_strong_MYOD_bound	GSM6339599	37	0.27272728	0.18181819
MYOG_strong_MYOD_bound	GSM6339599	38	0.09090909	0.0
MYOG_strong_MYOD_bound	GSM6339599	39	0.18181819	0.27272728
MYOG_strong_MYOD_bound	GSM6339599	40	0.09090909	0.18181819
MYOG_strong_MYOD_bound	GSM6339599	41	0.09090909	0.18181819
MYOG_strong_MYOD_bound	GSM6339599	42	0.36363637	0.09090909
MYOG_strong_MYOD_bound	GSM6339599	43	0.18181819	0.09090909
MYOG_strong_MYOD_bound	GSM6339599	44	0.18181819	0.27272728
MYOG_strong_MYOD_bound	GSM6339599	45	0.36363637	0.18181819
MYOG_strong_MYOD_bound	GSM6339599	46	0.54545456	0.27272728
MYOG_strong_MYOD_bound	GSM6339599	47	0.36363637	0.0
MYOG_strong_MYOD_bound	GSM6339599	48	0.0	0.36363637
MYOG_strong_MYOD_bound	GSM6339599	49	0.36363637	0.0
MYOG_strong_MYOD_bound	GSM6339599	50	0.27272728	0.18181819
MYOG_strong_MYOD_bound	GSM6339599	51	0.09090909	0.27272728
MYOG_strong_MYOD_bound	GSM6339599	52	0.09090909	0.18181819
MYOG_strong_MYOD_bound	GSM6339599	53	0.09090909	0.0
MYOG_strong_MYOD_bound	GSM6339599	54	0.27272728	0.0
MYOG_strong_MYOD_bound	GSM6339599	55	0.27272728	0.09090909
MYOG_strong_MYOD_bound	GSM6339599	56	0.18181819	0.18181819
MYOG_strong_MYOD_bound	GSM6339599	57	0.0	0.09090909
MYOG_strong_MYOD_bound	GSM6339599	58	0.09090909	0.0
MYOG_strong_MYOD_bound	GSM6339599	59	0.0	0.0
MYOG_strong_MYOD_bound	GSM6339599	60	0.0	0.18181819
MYOG_strong_MYOD_bound	GSM6339599	61	0.18181819	0.27272728
MYOG_strong_MYOD_bound	GSM6339599	62	0.0	0.18181819
MYOG_strong_MYOD_bound	GSM6339599	63	0.18181819	0.18181819
MYOG_strong_MYOD_bound	GSM6339599	64	0.0	0.09090909
MYOG_strong_MYOD_bound	GSM6339599	65	0.09090909	0.0
MYOG_strong_MYOD_bound	GSM6339599	66	0.45454547	0.18181819
MYOG_strong_MYOD_bound	GSM6339599	67	0.45454547	0.0
MYOG_strong_MYOD_bound	GSM6339599	68	0.09090909	0.0
MYOG_strong_MYOD_bound	GSM6339599	69	0.09090909	0.0
MYOG_strong_MYOD_bound	GSM6339599	70	0.18181819	0.09090909
MYOG_strong_MYOD_bound	GSM6339599	71	0.27272728	0.27272728
MYOG_strong_MYOD_bound	GSM6339599	72	0.09090909	0.45454547
MYOG_strong_MYOD_bound	GSM6339599	73	0.45454547	0.18181819
MYF5_MYF6_shared_strong_MYOD_bound	GSM6339599	0	0.0	0.0
MYF5_MYF6_shared_strong_MYOD_bound	GSM6339599	1	0.0	0.0
MYF5_MYF6_shared_strong_MYOD_bound	GSM6339599	2	0.0	0.0
MYF5_MYF6_shared_strong_MYOD_bound	GSM6339599	3	0.0	0.0
MYF5_MYF6_shared_strong_MYOD_bound	GSM6339599	4	0.0	0.0
MYF5_MYF6_shared_strong_MYOD_bound	GSM6339599	5	0.0	0.0
MYF5_MYF6_shared_strong_MYOD_bound	GSM6339599	6	0.0	0.0
MYF5_MYF6_shared_strong_MYOD_bound	GSM6339599	7	0.0	0.0
MYF5_MYF6_shared_strong_MYOD_bound	GSM6339599	8	0.0	0.0
MYF5_MYF6_shared_strong_MYOD_bound	GSM6339599	9	0.0	0.0
MYF5_MYF6_shared_strong_MYOD_bound	GSM6339599	10	0.5	0.0
MYF5_MYF6_shared_strong_MYOD_bound	GSM6339599	11	1.0	0.0
MYF5_MYF6_shared_strong_MYOD_bound	GSM6339599	12	0.0	0.0
MYF5_MYF6_shared_strong_MYOD_bound	GSM6339599	13	0.0	0.0
MYF5_MYF6_shared_strong_MYOD_bound	GSM6339599	14	0.5	0.0
MYF5_MYF6_shared_strong_MYOD_bound	GSM6339599	15	0.5	0.0
MYF5_MYF6_shared_strong_MYOD_bound	GSM6339599	16	0.0	0.0
MYF5_MYF6_shared_strong_MYOD_bound	GSM6339599	17	0.0	0.0
MYF5_MYF6_shared_strong_MYOD_bound	GSM6339599	18	0.5	0.5
MYF5_MYF6_shared_strong_MYOD_bound	GSM6339599	19	0.5	0.0
MYF5_MYF6_shared_strong_MYOD_bound	GSM6339599	20	0.0	0.0
MYF5_MYF6_shared_strong_MYOD_bound	GSM6339599	21	0.0	0.0
MYF5_MYF6_shared_strong_MYOD_bound	GSM6339599	22	0.0	0.0
MYF5_MYF6_shared_strong_MYOD_bound	GSM6339599	23	0.0	0.0
MYF5_MYF6_shared_strong_MYOD_bound	GSM6339599	24	0.0	0.0
MYF5_MYF6_shared_strong_MYOD_bound	GSM6339599	25	0.0	0.0
MYF5_MYF6_shared_strong_MYOD_bound	GSM6339599	26	0.0	0.0
MYF5_MYF6_shared_strong_MYOD_bound	GSM6339599	27	0.0	0.0
MYF5_MYF6_shared_strong_MYOD_bound	GSM6339599	28	0.5	0.5
MYF5_MYF6_shared_strong_MYOD_bound	GSM6339599	29	0.0	0.0
MYF5_MYF6_shared_strong_MYOD_bound	GSM6339599	30	0.0	0.0
MYF5_MYF6_shared_strong_MYOD_bound	GSM6339599	31	0.5	0.0
MYF5_MYF6_shared_strong_MYOD_bound	GSM6339599	32	0.0	0.0
MYF5_MYF6_shared_strong_MYOD_bound	GSM6339599	33	0.0	0.0
MYF5_MYF6_shared_strong_MYOD_bound	GSM6339599	34	0.0	0.5
MYF5_MYF6_shared_strong_MYOD_bound	GSM6339599	35	0.0	0.0
MYF5_MYF6_shared_strong_MYOD_bound	GSM6339599	36	0.5	0.0
MYF5_MYF6_shared_strong_MYOD_bound	GSM6339599	37	0.0	0.5
MYF5_MYF6_shared_strong_MYOD_bound	GSM6339599	38	0.0	0.0
MYF5_MYF6_shared_strong_MYOD_bound	GSM6339599	39	0.0	0.0
MYF5_MYF6_shared_strong_MYOD_bound	GSM6339599	40	0.5	0.0
MYF5_MYF6_shared_strong_MYOD_bound	GSM6339599	41	0.0	0.0
MYF5_MYF6_shared_strong_MYOD_bound	GSM6339599	42	0.0	0.0
MYF5_MYF6_shared_strong_MYOD_bound	GSM6339599	43	0.0	0.0
MYF5_MYF6_shared_strong_MYOD_bound	GSM6339599	44	0.0	0.0
MYF5_MYF6_shared_strong_MYOD_bound	GSM6339599	45	0.0	0.5
MYF5_MYF6_shared_strong_MYOD_bound	GSM6339599	46	0.5	0.0
MYF5_MYF6_shared_strong_MYOD_bound	GSM6339599	47	0.0	0.0
MYF5_MYF6_shared_strong_MYOD_bound	GSM6339599	48	0.0	0.0
MYF5_MYF6_shared_strong_MYOD_bound	GSM6339599	49	0.0	0.0
MYF5_MYF6_shared_strong_MYOD_bound	GSM6339599	50	0.0	0.0
MYF5_MYF6_shared_strong_MYOD_bound	GSM6339599	51	0.0	0.0
MYF5_MYF6_shared_strong_MYOD_bound	GSM6339599	52	0.0	0.0
MYF5_MYF6_shared_strong_MYOD_bound	GSM6339599	53	0.0	0.0
MYF5_MYF6_shared_strong_MYOD_bound	GSM6339599	54	0.0	0.0
MYF5_MYF6_shared_strong_MYOD_bound	GSM6339599	55	0.5	0.0
MYF5_MYF6_shared_strong_MYOD_bound	GSM6339599	56	0.0	0.0
MYF5_MYF6_shared_strong_MYOD_bound	GSM6339599	57	0.0	0.0
MYF5_MYF6_shared_strong_MYOD_bound	GSM6339599	58	0.0	0.5
MYF5_MYF6_shared_strong_MYOD_bound	GSM6339599	59	0.0	0.0
MYF5_MYF6_shared_strong_MYOD_bound	GSM6339599	60	0.0	0.5
MYF5_MYF6_shared_strong_MYOD_bound	GSM6339599	61	0.5	0.0
MYF5_MYF6_shared_strong_MYOD_bound	GSM6339599	62	0.5	0.0
MYF5_MYF6_shared_strong_MYOD_bound	GSM6339599	63	0.0	0.0
MYF5_MYF6_shared_strong_MYOD_bound	GSM6339599	64	0.0	0.0
MYF5_MYF6_shared_strong_MYOD_bound	GSM6339599	65	0.5	0.0
MYF5_MYF6_shared_strong_MYOD_bound	GSM6339599	66	0.0	0.0
MYF5_MYF6_shared_strong_MYOD_bound	GSM6339599	67	0.0	0.0
MYF5_MYF6_shared_strong_MYOD_bound	GSM6339599	68	0.0	0.0
MYF5_MYF6_shared_strong_MYOD_bound	GSM6339599	69	0.0	0.0
MYF5_MYF6_shared_strong_MYOD_bound	GSM6339599	70	0.0	0.5
MYF5_MYF6_shared_strong_MYOD_bound	GSM6339599	71	0.0	0.0
MYF5_MYF6_shared_strong_MYOD_bound	GSM6339599	72	0.0	0.0
MYF5_MYF6_shared_strong_MYOD_bound	GSM6339599	73	0.0	0.0
MRF_core_union	GSM6339599	0	0.04347826	0.0
MRF_core_union	GSM6339599	1	0.04347826	0.08695652
MRF_core_union	GSM6339599	2	0.0	0.0
MRF_core_union	GSM6339599	3	0.04347826	0.13043478
MRF_core_union	GSM6339599	4	0.0	0.0
MRF_core_union	GSM6339599	5	0.04347826	0.04347826
MRF_core_union	GSM6339599	6	0.0	0.08695652
MRF_core_union	GSM6339599	7	0.13043478	0.13043478
MRF_core_union	GSM6339599	8	0.0	0.04347826
MRF_core_union	GSM6339599	9	0.17391305	0.13043478
MRF_core_union	GSM6339599	10	0.08695652	0.04347826
MRF_core_union	GSM6339599	11	0.08695652	0.13043478
MRF_core_union	GSM6339599	12	0.0	0.13043478
MRF_core_union	GSM6339599	13	0.0	0.04347826
MRF_core_union	GSM6339599	14	0.17391305	0.13043478
MRF_core_union	GSM6339599	15	0.17391305	0.3043478
MRF_core_union	GSM6339599	16	0.04347826	0.17391305
MRF_core_union	GSM6339599	17	0.04347826	0.04347826
MRF_core_union	GSM6339599	18	0.08695652	0.04347826
MRF_core_union	GSM6339599	19	0.04347826	0.04347826
MRF_core_union	GSM6339599	20	0.17391305	0.21739131
MRF_core_union	GSM6339599	21	0.13043478	0.13043478
MRF_core_union	GSM6339599	22	0.13043478	0.26086956
MRF_core_union	GSM6339599	23	0.21739131	0.17391305
MRF_core_union	GSM6339599	24	0.17391305	0.13043478
MRF_core_union	GSM6339599	25	0.04347826	0.0
MRF_core_union	GSM6339599	26	0.17391305	0.17391305
MRF_core_union	GSM6339599	27	0.17391305	0.21739131
MRF_core_union	GSM6339599	28	0.21739131	0.3913043
MRF_core_union	GSM6339599	29	0.04347826	0.04347826
MRF_core_union	GSM6339599	30	0.13043478	0.04347826
MRF_core_union	GSM6339599	31	0.08695652	0.04347826
MRF_core_union	GSM6339599	32	0.08695652	0.21739131
MRF_core_union	GSM6339599	33	0.08695652	0.04347826
MRF_core_union	GSM6339599	34	0.08695652	0.17391305
MRF_core_union	GSM6339599	35	0.08695652	0.13043478
MRF_core_union	GSM6339599	36	0.13043478	0.08695652
MRF_core_union	GSM6339599	37	0.17391305	0.17391305
MRF_core_union	GSM6339599	38	0.08695652	0.0
MRF_core_union	GSM6339599	39	0.08695652	0.13043478
MRF_core_union	GSM6339599	40	0.08695652	0.13043478
MRF_core_union	GSM6339599	41	0.08695652	0.17391305
MRF_core_union	GSM6339599	42	0.26086956	0.08695652
MRF_core_union	GSM6339599	43	0.13043478	0.13043478
MRF_core_union	GSM6339599	44	0.13043478	0.17391305
MRF_core_union	GSM6339599	45	0.21739131	0.21739131
MRF_core_union	GSM6339599	46	0.47826082	0.13043478
MRF_core_union	GSM6339599	47	0.26086956	0.08695652
MRF_core_union	GSM6339599	48	0.0	0.17391305
MRF_core_union	GSM6339599	49	0.3043478	0.08695652
MRF_core_union	GSM6339599	50	0.17391305	0.08695652
MRF_core_union	GSM6339599	51	0.08695652	0.26086956
MRF_core_union	GSM6339599	52	0.08695652	0.13043478
MRF_core_union	GSM6339599	53	0.08695652	0.0
MRF_core_union	GSM6339599	54	0.13043478	0.04347826
MRF_core_union	GSM6339599	55	0.17391305	0.04347826
MRF_core_union	GSM6339599	56	0.17391305	0.13043478
MRF_core_union	GSM6339599	57	0.08695652	0.04347826
MRF_core_union	GSM6339599	58	0.04347826	0.04347826
MRF_core_union	GSM6339599	59	0.0	0.08695652
MRF_core_union	GSM6339599	60	0.0	0.17391305
MRF_core_union	GSM6339599	61	0.17391305	0.3043478
MRF_core_union	GSM6339599	62	0.13043478	0.08695652
MRF_core_union	GSM6339599	63	0.08695652	0.13043478
MRF_core_union	GSM6339599	64	0.08695652	0.08695652
MRF_core_union	GSM6339599	65	0.08695652	0.17391305
MRF_core_union	GSM6339599	66	0.3043478	0.3043478
MRF_core_union	GSM6339599	67	0.21739131	0.0
MRF_core_union	GSM6339599	68	0.17391305	0.0
MRF_core_union	GSM6339599	69	0.08695652	0.0
MRF_core_union	GSM6339599	70	0.08695652	0.08695652
MRF_core_union	GSM6339599	71	0.17391305	0.13043478
MRF_core_union	GSM6339599	72	0.17391305	0.3043478
MRF_core_union	GSM6339599	73	0.26086956	0.21739131
HSMM_strong_enhancers	GSM6339601	0	0.101294555	0.08610031
HSMM_strong_enhancers	GSM6339601	1	0.0112549225	0.008441192
HSMM_strong_enhancers	GSM6339601	2	0.038829483	0.034327514
HSMM_strong_enhancers	GSM6339601	3	0.038829483	0.030951036
HSMM_strong_enhancers	GSM6339601	4	0.103545554	0.08778856
HSMM_strong_enhancers	GSM6339601	5	0.05796285	0.056837358
HSMM_strong_enhancers	GSM6339601	6	0.046145182	0.047270674
HSMM_strong_enhancers	GSM6339601	7	0.011817669	0.009003938
HSMM_strong_enhancers	GSM6339601	8	0.02476083	0.027011814
HSMM_strong_enhancers	GSM6339601	9	0.022509845	0.029262798
HSMM_strong_enhancers	GSM6339601	10	0.12718102	0.13843587
HSMM_strong_enhancers	GSM6339601	11	0.070906065	0.073157065
HSMM_strong_enhancers	GSM6339601	12	0.04783342	0.038266737
HSMM_strong_enhancers	GSM6339601	13	0.016319638	0.016882384
HSMM_strong_enhancers	GSM6339601	14	0.18120429	0.17051218
HSMM_strong_enhancers	GSM6339601	15	0.13337119	0.14518878
HSMM_strong_enhancers	GSM6339601	16	0.06246482	0.08216106
HSMM_strong_enhancers	GSM6339601	17	0.14518878	0.15250443
HSMM_strong_enhancers	GSM6339601	18	0.19696108	0.22960013
HSMM_strong_enhancers	GSM6339601	19	0.15250443	0.1142378
HSMM_strong_enhancers	GSM6339601	20	0.15700637	0.13449667
HSMM_strong_enhancers	GSM6339601	21	0.15194169	0.16319653
HSMM_strong_enhancers	GSM6339601	22	0.16769847	0.184018
HSMM_strong_enhancers	GSM6339601	23	0.16038282	0.16769847
HSMM_strong_enhancers	GSM6339601	24	0.09172781	0.09285331
HSMM_strong_enhancers	GSM6339601	25	0.09060231	0.097355306
HSMM_strong_enhancers	GSM6339601	26	0.048396166	0.05233539
HSMM_strong_enhancers	GSM6339601	27	0.008441192	0.010692176
HSMM_strong_enhancers	GSM6339601	28	0.11367505	0.11142405
HSMM_strong_enhancers	GSM6339601	29	0.058525596	0.05627461
HSMM_strong_enhancers	GSM6339601	30	0.14631426	0.14181232
HSMM_strong_enhancers	GSM6339601	31	0.13787313	0.12380455
HSMM_strong_enhancers	GSM6339601	32	0.09229056	0.098480806
HSMM_strong_enhancers	GSM6339601	33	0.18176703	0.20877866
HSMM_strong_enhancers	GSM6339601	34	0.1221163	0.13449667
HSMM_strong_enhancers	GSM6339601	35	0.20315124	0.2065277
HSMM_strong_enhancers	GSM6339601	36	0.13562216	0.13112022
HSMM_strong_enhancers	GSM6339601	37	0.11817705	0.101294555
HSMM_strong_enhancers	GSM6339601	38	0.16769847	0.18683171
HSMM_strong_enhancers	GSM6339601	39	0.04333145	0.054586373
HSMM_strong_enhancers	GSM6339601	40	0.2504216	0.20146301
HSMM_strong_enhancers	GSM6339601	41	0.23691578	0.20596495
HSMM_strong_enhancers	GSM6339601	42	0.06527857	0.055711865
HSMM_strong_enhancers	GSM6339601	43	0.09679256	0.08553756
HSMM_strong_enhancers	GSM6339601	44	0.13674764	0.16207105
HSMM_strong_enhancers	GSM6339601	45	0.1074848	0.102420054
HSMM_strong_enhancers	GSM6339601	46	0.1440633	0.16207105
HSMM_strong_enhancers	GSM6339601	47	0.19808656	0.17613961
HSMM_strong_enhancers	GSM6339601	48	0.15700637	0.15250443
HSMM_strong_enhancers	GSM6339601	49	0.18345526	0.17613961
HSMM_strong_enhancers	GSM6339601	50	0.23016287	0.2357903
HSMM_strong_enhancers	GSM6339601	51	0.0365785	0.045582436
HSMM_strong_enhancers	GSM6339601	52	0.056837358	0.054586373
HSMM_strong_enhancers	GSM6339601	53	0.11367505	0.1142378
HSMM_strong_enhancers	GSM6339601	54	0.19808656	0.19133365
HSMM_strong_enhancers	GSM6339601	55	0.074282564	0.074282564
HSMM_strong_enhancers	GSM6339601	56	0.09397881	0.1097358
HSMM_strong_enhancers	GSM6339601	57	0.10804755	0.1176143
HSMM_strong_MYOD_bound_enhancers	GSM6339601	0	0.1337581	0.10509562
HSMM_strong_MYOD_bound_enhancers	GSM6339601	1	0.013800424	0.008492569
HSMM_strong_MYOD_bound_enhancers	GSM6339601	2	0.04777069	0.04140127
HSMM_strong_MYOD_bound_enhancers	GSM6339601	3	0.05944796	0.03927813
HSMM_strong_MYOD_bound_enhancers	GSM6339601	4	0.13906597	0.11464978
HSMM_strong_MYOD_bound_enhancers	GSM6339601	5	0.0774947	0.06794054
HSMM_strong_MYOD_bound_enhancers	GSM6339601	6	0.04670912	0.04777069
HSMM_strong_MYOD_bound_enhancers	GSM6339601	7	0.016985137	0.008492569
HSMM_strong_MYOD_bound_enhancers	GSM6339601	8	0.03397028	0.028662426
HSMM_strong_MYOD_bound_enhancers	GSM6339601	9	0.03397028	0.03821656
HSMM_strong_MYOD_bound_enhancers	GSM6339601	10	0.18365206	0.1740979
HSMM_strong_MYOD_bound_enhancers	GSM6339601	11	0.0976646	0.10828034
HSMM_strong_MYOD_bound_enhancers	GSM6339601	12	0.06581739	0.0509554
HSMM_strong_MYOD_bound_enhancers	GSM6339601	13	0.023354568	0.02441614
HSMM_strong_MYOD_bound_enhancers	GSM6339601	14	0.21549927	0.21656084
HSMM_strong_MYOD_bound_enhancers	GSM6339601	15	0.1857752	0.18683678
HSMM_strong_MYOD_bound_enhancers	GSM6339601	16	0.08492572	0.104034044
HSMM_strong_MYOD_bound_enhancers	GSM6339601	17	0.1857752	0.16879003
HSMM_strong_MYOD_bound_enhancers	GSM6339601	18	0.23673074	0.30360913
HSMM_strong_MYOD_bound_enhancers	GSM6339601	19	0.20488353	0.09978775
HSMM_strong_MYOD_bound_enhancers	GSM6339601	20	0.18895993	0.13694282
HSMM_strong_MYOD_bound_enhancers	GSM6339601	21	0.20169881	0.18259048
HSMM_strong_MYOD_bound_enhancers	GSM6339601	22	0.22293028	0.22186871
HSMM_strong_MYOD_bound_enhancers	GSM6339601	23	0.21762241	0.18259048
HSMM_strong_MYOD_bound_enhancers	GSM6339601	24	0.12314237	0.11464978
HSMM_strong_MYOD_bound_enhancers	GSM6339601	25	0.12526551	0.13694282
HSMM_strong_MYOD_bound_enhancers	GSM6339601	26	0.07006369	0.04670912
HSMM_strong_MYOD_bound_enhancers	GSM6339601	27	0.013800424	0.015923565
HSMM_strong_MYOD_bound_enhancers	GSM6339601	28	0.1656053	0.14118911
HSMM_strong_MYOD_bound_enhancers	GSM6339601	29	0.07324841	0.063694246
HSMM_strong_MYOD_bound_enhancers	GSM6339601	30	0.18365206	0.1295118
HSMM_strong_MYOD_bound_enhancers	GSM6339601	31	0.18895993	0.15923586
HSMM_strong_MYOD_bound_enhancers	GSM6339601	32	0.11146506	0.1337581
HSMM_strong_MYOD_bound_enhancers	GSM6339601	33	0.23885389	0.24946962
HSMM_strong_MYOD_bound_enhancers	GSM6339601	34	0.15817429	0.17091317
HSMM_strong_MYOD_bound_enhancers	GSM6339601	35	0.24734648	0.25371587
HSMM_strong_MYOD_bound_enhancers	GSM6339601	36	0.1698516	0.17091317
HSMM_strong_MYOD_bound_enhancers	GSM6339601	37	0.14862013	0.12845023
HSMM_strong_MYOD_bound_enhancers	GSM6339601	38	0.22186871	0.21549927
HSMM_strong_MYOD_bound_enhancers	GSM6339601	39	0.05307854	0.0774947
HSMM_strong_MYOD_bound_enhancers	GSM6339601	40	0.3121016	0.18789835
HSMM_strong_MYOD_bound_enhancers	GSM6339601	41	0.30042446	0.2738855
HSMM_strong_MYOD_bound_enhancers	GSM6339601	42	0.09023359	0.069002114
HSMM_strong_MYOD_bound_enhancers	GSM6339601	43	0.12420394	0.10615719
HSMM_strong_MYOD_bound_enhancers	GSM6339601	44	0.17197475	0.20063724
HSMM_strong_MYOD_bound_enhancers	GSM6339601	45	0.13906597	0.12632708
HSMM_strong_MYOD_bound_enhancers	GSM6339601	46	0.17940576	0.20806825
HSMM_strong_MYOD_bound_enhancers	GSM6339601	47	0.2813164	0.24097703
HSMM_strong_MYOD_bound_enhancers	GSM6339601	48	0.1942678	0.1656053
HSMM_strong_MYOD_bound_enhancers	GSM6339601	49	0.23991546	0.20063724
HSMM_strong_MYOD_bound_enhancers	GSM6339601	50	0.30891693	0.28237796
HSMM_strong_MYOD_bound_enhancers	GSM6339601	51	0.04670912	0.06794054
HSMM_strong_MYOD_bound_enhancers	GSM6339601	52	0.05414011	0.07961785
HSMM_strong_MYOD_bound_enhancers	GSM6339601	53	0.13057338	0.14012754
HSMM_strong_MYOD_bound_enhancers	GSM6339601	54	0.2526543	0.2303613
HSMM_strong_MYOD_bound_enhancers	GSM6339601	55	0.09129516	0.08917201
HSMM_strong_MYOD_bound_enhancers	GSM6339601	56	0.12526551	0.14437383
HSMM_strong_MYOD_bound_enhancers	GSM6339601	57	0.14649698	0.15817429
MYOD1_strong_MYOD_bound	GSM6339601	0	0.4	0.1
MYOD1_strong_MYOD_bound	GSM6339601	1	0.0	0.0
MYOD1_strong_MYOD_bound	GSM6339601	2	0.0	0.1
MYOD1_strong_MYOD_bound	GSM6339601	3	0.0	0.0
MYOD1_strong_MYOD_bound	GSM6339601	4	0.2	0.0
MYOD1_strong_MYOD_bound	GSM6339601	5	0.2	0.1
MYOD1_strong_MYOD_bound	GSM6339601	6	0.0	0.1
MYOD1_strong_MYOD_bound	GSM6339601	7	0.0	0.0
MYOD1_strong_MYOD_bound	GSM6339601	8	0.1	0.0
MYOD1_strong_MYOD_bound	GSM6339601	9	0.2	0.1
MYOD1_strong_MYOD_bound	GSM6339601	10	0.3	0.2
MYOD1_strong_MYOD_bound	GSM6339601	11	0.3	0.2
MYOD1_strong_MYOD_bound	GSM6339601	12	0.2	0.1
MYOD1_strong_MYOD_bound	GSM6339601	13	0.0	0.0
MYOD1_strong_MYOD_bound	GSM6339601	14	0.3	0.1
MYOD1_strong_MYOD_bound	GSM6339601	15	0.3	0.4
MYOD1_strong_MYOD_bound	GSM6339601	16	0.0	0.1
MYOD1_strong_MYOD_bound	GSM6339601	17	0.1	0.3
MYOD1_strong_MYOD_bound	GSM6339601	18	0.1	0.2
MYOD1_strong_MYOD_bound	GSM6339601	19	0.0	0.1
MYOD1_strong_MYOD_bound	GSM6339601	20	0.4	0.0
MYOD1_strong_MYOD_bound	GSM6339601	21	0.5	0.1
MYOD1_strong_MYOD_bound	GSM6339601	22	0.2	0.6
MYOD1_strong_MYOD_bound	GSM6339601	23	0.4	0.0
MYOD1_strong_MYOD_bound	GSM6339601	24	0.3	0.2
MYOD1_strong_MYOD_bound	GSM6339601	25	0.2	0.3
MYOD1_strong_MYOD_bound	GSM6339601	26	0.1	0.0
MYOD1_strong_MYOD_bound	GSM6339601	27	0.0	0.2
MYOD1_strong_MYOD_bound	GSM6339601	28	0.4	0.2
MYOD1_strong_MYOD_bound	GSM6339601	29	0.0	0.0
MYOD1_strong_MYOD_bound	GSM6339601	30	0.1	0.0
MYOD1_strong_MYOD_bound	GSM6339601	31	0.3	0.1
MYOD1_strong_MYOD_bound	GSM6339601	32	0.3	0.0
MYOD1_strong_MYOD_bound	GSM6339601	33	0.3	0.4
MYOD1_strong_MYOD_bound	GSM6339601	34	0.1	0.2
MYOD1_strong_MYOD_bound	GSM6339601	35	0.4	0.1
MYOD1_strong_MYOD_bound	GSM6339601	36	0.4	0.5
MYOD1_strong_MYOD_bound	GSM6339601	37	0.1	0.2
MYOD1_strong_MYOD_bound	GSM6339601	38	0.4	0.2
MYOD1_strong_MYOD_bound	GSM6339601	39	0.0	0.3
MYOD1_strong_MYOD_bound	GSM6339601	40	0.4	0.0
MYOD1_strong_MYOD_bound	GSM6339601	41	0.4	0.5
MYOD1_strong_MYOD_bound	GSM6339601	42	0.3	0.0
MYOD1_strong_MYOD_bound	GSM6339601	43	0.2	0.2
MYOD1_strong_MYOD_bound	GSM6339601	44	0.6	0.2
MYOD1_strong_MYOD_bound	GSM6339601	45	0.2	0.2
MYOD1_strong_MYOD_bound	GSM6339601	46	0.1	0.6
MYOD1_strong_MYOD_bound	GSM6339601	47	0.6	0.4
MYOD1_strong_MYOD_bound	GSM6339601	48	0.3	0.4
MYOD1_strong_MYOD_bound	GSM6339601	49	0.4	0.3
MYOD1_strong_MYOD_bound	GSM6339601	50	0.4	0.5
MYOD1_strong_MYOD_bound	GSM6339601	51	0.1	0.0
MYOD1_strong_MYOD_bound	GSM6339601	52	0.0	0.1
MYOD1_strong_MYOD_bound	GSM6339601	53	0.2	0.4
MYOD1_strong_MYOD_bound	GSM6339601	54	0.8000001	0.3
MYOD1_strong_MYOD_bound	GSM6339601	55	0.2	0.0
MYOD1_strong_MYOD_bound	GSM6339601	56	0.0	0.2
MYOD1_strong_MYOD_bound	GSM6339601	57	0.2	0.0
MYOG_strong_MYOD_bound	GSM6339601	0	0.36363637	0.0
MYOG_strong_MYOD_bound	GSM6339601	1	0.0	0.0
MYOG_strong_MYOD_bound	GSM6339601	2	0.0	0.18181819
MYOG_strong_MYOD_bound	GSM6339601	3	0.18181819	0.09090909
MYOG_strong_MYOD_bound	GSM6339601	4	0.27272728	0.18181819
MYOG_strong_MYOD_bound	GSM6339601	5	0.18181819	0.0
MYOG_strong_MYOD_bound	GSM6339601	6	0.0	0.09090909
MYOG_strong_MYOD_bound	GSM6339601	7	0.0	0.0
MYOG_strong_MYOD_bound	GSM6339601	8	0.09090909	0.0
MYOG_strong_MYOD_bound	GSM6339601	9	0.09090909	0.0
MYOG_strong_MYOD_bound	GSM6339601	10	0.45454547	0.36363637
MYOG_strong_MYOD_bound	GSM6339601	11	0.36363637	0.27272728
MYOG_strong_MYOD_bound	GSM6339601	12	0.09090909	0.18181819
MYOG_strong_MYOD_bound	GSM6339601	13	0.0	0.09090909
MYOG_strong_MYOD_bound	GSM6339601	14	0.18181819	0.18181819
MYOG_strong_MYOD_bound	GSM6339601	15	0.36363637	0.0
MYOG_strong_MYOD_bound	GSM6339601	16	0.09090909	0.18181819
MYOG_strong_MYOD_bound	GSM6339601	17	0.36363637	0.0
MYOG_strong_MYOD_bound	GSM6339601	18	0.27272728	0.54545456
MYOG_strong_MYOD_bound	GSM6339601	19	0.18181819	0.0
MYOG_strong_MYOD_bound	GSM6339601	20	0.09090909	0.0
MYOG_strong_MYOD_bound	GSM6339601	21	0.18181819	0.36363637
MYOG_strong_MYOD_bound	GSM6339601	22	0.18181819	0.45454547
MYOG_strong_MYOD_bound	GSM6339601	23	0.45454547	0.18181819
MYOG_strong_MYOD_bound	GSM6339601	24	0.09090909	0.18181819
MYOG_strong_MYOD_bound	GSM6339601	25	0.27272728	0.36363637
MYOG_strong_MYOD_bound	GSM6339601	26	0.09090909	0.0
MYOG_strong_MYOD_bound	GSM6339601	27	0.0	0.0
MYOG_strong_MYOD_bound	GSM6339601	28	0.09090909	0.0
MYOG_strong_MYOD_bound	GSM6339601	29	0.09090909	0.09090909
MYOG_strong_MYOD_bound	GSM6339601	30	0.18181819	0.18181819
MYOG_strong_MYOD_bound	GSM6339601	31	0.54545456	0.09090909
MYOG_strong_MYOD_bound	GSM6339601	32	0.0	0.27272728
MYOG_strong_MYOD_bound	GSM6339601	33	0.27272728	0.27272728
MYOG_strong_MYOD_bound	GSM6339601	34	0.18181819	0.0
MYOG_strong_MYOD_bound	GSM6339601	35	0.36363637	0.18181819
MYOG_strong_MYOD_bound	GSM6339601	36	0.18181819	0.27272728
MYOG_strong_MYOD_bound	GSM6339601	37	0.09090909	0.09090909
MYOG_strong_MYOD_bound	GSM6339601	38	0.36363637	0.09090909
MYOG_strong_MYOD_bound	GSM6339601	39	0.0	0.09090909
MYOG_strong_MYOD_bound	GSM6339601	40	0.09090909	0.18181819
MYOG_strong_MYOD_bound	GSM6339601	41	0.45454547	0.27272728
MYOG_strong_MYOD_bound	GSM6339601	42	0.0	0.09090909
MYOG_strong_MYOD_bound	GSM6339601	43	0.18181819	0.18181819
MYOG_strong_MYOD_bound	GSM6339601	44	0.18181819	0.18181819
MYOG_strong_MYOD_bound	GSM6339601	45	0.09090909	0.18181819
MYOG_strong_MYOD_bound	GSM6339601	46	0.45454547	0.18181819
MYOG_strong_MYOD_bound	GSM6339601	47	0.54545456	0.18181819
MYOG_strong_MYOD_bound	GSM6339601	48	0.36363637	0.0
MYOG_strong_MYOD_bound	GSM6339601	49	0.09090909	0.09090909
MYOG_strong_MYOD_bound	GSM6339601	50	0.27272728	0.36363637
MYOG_strong_MYOD_bound	GSM6339601	51	0.09090909	0.18181819
MYOG_strong_MYOD_bound	GSM6339601	52	0.0	0.18181819
MYOG_strong_MYOD_bound	GSM6339601	53	0.45454547	0.09090909
MYOG_strong_MYOD_bound	GSM6339601	54	0.45454547	0.36363637
MYOG_strong_MYOD_bound	GSM6339601	55	0.0	0.09090909
MYOG_strong_MYOD_bound	GSM6339601	56	0.09090909	0.18181819
MYOG_strong_MYOD_bound	GSM6339601	57	0.09090909	0.18181819
MYF5_MYF6_shared_strong_MYOD_bound	GSM6339601	0	0.0	0.5
MYF5_MYF6_shared_strong_MYOD_bound	GSM6339601	1	0.0	0.0
MYF5_MYF6_shared_strong_MYOD_bound	GSM6339601	2	0.0	0.0
MYF5_MYF6_shared_strong_MYOD_bound	GSM6339601	3	0.0	0.0
MYF5_MYF6_shared_strong_MYOD_bound	GSM6339601	4	0.0	0.0
MYF5_MYF6_shared_strong_MYOD_bound	GSM6339601	5	0.0	0.0
MYF5_MYF6_shared_strong_MYOD_bound	GSM6339601	6	0.0	0.0
MYF5_MYF6_shared_strong_MYOD_bound	GSM6339601	7	0.0	0.0
MYF5_MYF6_shared_strong_MYOD_bound	GSM6339601	8	0.0	0.0
MYF5_MYF6_shared_strong_MYOD_bound	GSM6339601	9	0.0	0.0
MYF5_MYF6_shared_strong_MYOD_bound	GSM6339601	10	0.0	0.0
MYF5_MYF6_shared_strong_MYOD_bound	GSM6339601	11	0.0	0.0
MYF5_MYF6_shared_strong_MYOD_bound	GSM6339601	12	0.0	0.0
MYF5_MYF6_shared_strong_MYOD_bound	GSM6339601	13	0.0	0.0
MYF5_MYF6_shared_strong_MYOD_bound	GSM6339601	14	0.0	0.0
MYF5_MYF6_shared_strong_MYOD_bound	GSM6339601	15	0.5	0.0
MYF5_MYF6_shared_strong_MYOD_bound	GSM6339601	16	0.0	0.0
MYF5_MYF6_shared_strong_MYOD_bound	GSM6339601	17	0.5	0.0
MYF5_MYF6_shared_strong_MYOD_bound	GSM6339601	18	0.0	0.0
MYF5_MYF6_shared_strong_MYOD_bound	GSM6339601	19	0.5	0.0
MYF5_MYF6_shared_strong_MYOD_bound	GSM6339601	20	0.5	0.0
MYF5_MYF6_shared_strong_MYOD_bound	GSM6339601	21	0.5	0.0
MYF5_MYF6_shared_strong_MYOD_bound	GSM6339601	22	0.0	0.0
MYF5_MYF6_shared_strong_MYOD_bound	GSM6339601	23	0.0	0.0
MYF5_MYF6_shared_strong_MYOD_bound	GSM6339601	24	0.0	0.0
MYF5_MYF6_shared_strong_MYOD_bound	GSM6339601	25	0.0	0.0
MYF5_MYF6_shared_strong_MYOD_bound	GSM6339601	26	0.0	0.0
MYF5_MYF6_shared_strong_MYOD_bound	GSM6339601	27	0.0	0.0
MYF5_MYF6_shared_strong_MYOD_bound	GSM6339601	28	0.0	0.0
MYF5_MYF6_shared_strong_MYOD_bound	GSM6339601	29	0.0	0.0
MYF5_MYF6_shared_strong_MYOD_bound	GSM6339601	30	0.0	0.0
MYF5_MYF6_shared_strong_MYOD_bound	GSM6339601	31	0.0	0.0
MYF5_MYF6_shared_strong_MYOD_bound	GSM6339601	32	0.0	0.0
MYF5_MYF6_shared_strong_MYOD_bound	GSM6339601	33	0.0	0.5
MYF5_MYF6_shared_strong_MYOD_bound	GSM6339601	34	0.0	0.0
MYF5_MYF6_shared_strong_MYOD_bound	GSM6339601	35	0.0	0.0
MYF5_MYF6_shared_strong_MYOD_bound	GSM6339601	36	0.5	0.0
MYF5_MYF6_shared_strong_MYOD_bound	GSM6339601	37	0.0	0.0
MYF5_MYF6_shared_strong_MYOD_bound	GSM6339601	38	0.0	0.5
MYF5_MYF6_shared_strong_MYOD_bound	GSM6339601	39	0.0	0.0
MYF5_MYF6_shared_strong_MYOD_bound	GSM6339601	40	0.0	0.5
MYF5_MYF6_shared_strong_MYOD_bound	GSM6339601	41	0.0	0.0
MYF5_MYF6_shared_strong_MYOD_bound	GSM6339601	42	0.0	0.0
MYF5_MYF6_shared_strong_MYOD_bound	GSM6339601	43	0.0	0.0
MYF5_MYF6_shared_strong_MYOD_bound	GSM6339601	44	0.0	0.5
MYF5_MYF6_shared_strong_MYOD_bound	GSM6339601	45	0.0	0.0
MYF5_MYF6_shared_strong_MYOD_bound	GSM6339601	46	0.5	0.0
MYF5_MYF6_shared_strong_MYOD_bound	GSM6339601	47	0.5	0.0
MYF5_MYF6_shared_strong_MYOD_bound	GSM6339601	48	0.0	0.0
MYF5_MYF6_shared_strong_MYOD_bound	GSM6339601	49	0.5	0.0
MYF5_MYF6_shared_strong_MYOD_bound	GSM6339601	50	0.0	0.0
MYF5_MYF6_shared_strong_MYOD_bound	GSM6339601	51	0.0	0.0
MYF5_MYF6_shared_strong_MYOD_bound	GSM6339601	52	0.0	0.0
MYF5_MYF6_shared_strong_MYOD_bound	GSM6339601	53	0.0	0.0
MYF5_MYF6_shared_strong_MYOD_bound	GSM6339601	54	0.0	0.5
MYF5_MYF6_shared_strong_MYOD_bound	GSM6339601	55	0.0	0.0
MYF5_MYF6_shared_strong_MYOD_bound	GSM6339601	56	0.0	0.0
MYF5_MYF6_shared_strong_MYOD_bound	GSM6339601	57	0.0	0.0
MRF_core_union	GSM6339601	0	0.34782606	0.08695652
MRF_core_union	GSM6339601	1	0.0	0.0
MRF_core_union	GSM6339601	2	0.0	0.13043478
MRF_core_union	GSM6339601	3	0.08695652	0.04347826
MRF_core_union	GSM6339601	4	0.21739131	0.08695652
MRF_core_union	GSM6339601	5	0.17391305	0.04347826
MRF_core_union	GSM6339601	6	0.0	0.08695652
MRF_core_union	GSM6339601	7	0.0	0.0
MRF_core_union	GSM6339601	8	0.08695652	0.0
MRF_core_union	GSM6339601	9	0.13043478	0.04347826
MRF_core_union	GSM6339601	10	0.34782606	0.26086956
MRF_core_union	GSM6339601	11	0.3043478	0.21739131
MRF_core_union	GSM6339601	12	0.13043478	0.13043478
MRF_core_union	GSM6339601	13	0.0	0.04347826
MRF_core_union	GSM6339601	14	0.21739131	0.13043478
MRF_core_union	GSM6339601	15	0.34782606	0.17391305
MRF_core_union	GSM6339601	16	0.04347826	0.13043478
MRF_core_union	GSM6339601	17	0.26086956	0.13043478
MRF_core_union	GSM6339601	18	0.17391305	0.34782606
MRF_core_union	GSM6339601	19	0.13043478	0.04347826
MRF_core_union	GSM6339601	20	0.26086956	0.0
MRF_core_union	GSM6339601	21	0.34782606	0.21739131
MRF_core_union	GSM6339601	22	0.17391305	0.47826082
MRF_core_union	GSM6339601	23	0.3913043	0.08695652
MRF_core_union	GSM6339601	24	0.17391305	0.17391305
MRF_core_union	GSM6339601	25	0.21739131	0.3043478
MRF_core_union	GSM6339601	26	0.08695652	0.0
MRF_core_union	GSM6339601	27	0.0	0.08695652
MRF_core_union	GSM6339601	28	0.21739131	0.08695652
MRF_core_union	GSM6339601	29	0.04347826	0.04347826
MRF_core_union	GSM6339601	30	0.13043478	0.08695652
MRF_core_union	GSM6339601	31	0.3913043	0.08695652
MRF_core_union	GSM6339601	32	0.13043478	0.13043478
MRF_core_union	GSM6339601	33	0.26086956	0.34782606
MRF_core_union	GSM6339601	34	0.13043478	0.08695652
MRF_core_union	GSM6339601	35	0.34782606	0.13043478
MRF_core_union	GSM6339601	36	0.3043478	0.34782606
MRF_core_union	GSM6339601	37	0.08695652	0.13043478
MRF_core_union	GSM6339601	38	0.34782606	0.17391305
MRF_core_union	GSM6339601	39	0.0	0.17391305
MRF_core_union	GSM6339601	40	0.21739131	0.13043478
MRF_core_union	GSM6339601	41	0.3913043	0.34782606
MRF_core_union	GSM6339601	42	0.13043478	0.04347826
MRF_core_union	GSM6339601	43	0.17391305	0.17391305
MRF_core_union	GSM6339601	44	0.34782606	0.21739131
MRF_core_union	GSM6339601	45	0.13043478	0.17391305
MRF_core_union	GSM6339601	46	0.3043478	0.34782606
MRF_core_union	GSM6339601	47	0.5652173	0.26086956
MRF_core_union	GSM6339601	48	0.3043478	0.17391305
MRF_core_union	GSM6339601	49	0.26086956	0.17391305
MRF_core_union	GSM6339601	50	0.3043478	0.3913043
MRF_core_union	GSM6339601	51	0.08695652	0.08695652
MRF_core_union	GSM6339601	52	0.0	0.13043478
MRF_core_union	GSM6339601	53	0.3043478	0.21739131
MRF_core_union	GSM6339601	54	0.5652173	0.34782606
MRF_core_union	GSM6339601	55	0.08695652	0.04347826
MRF_core_union	GSM6339601	56	0.04347826	0.17391305
MRF_core_union	GSM6339601	57	0.13043478	0.08695652
HSMM_strong_enhancers	GSM6339603	0	0.047270674	0.05346088
HSMM_strong_enhancers	GSM6339603	1	0.18064155	0.18345526
HSMM_strong_enhancers	GSM6339603	2	0.052898135	0.04333145
HSMM_strong_enhancers	GSM6339603	3	0.09454156	0.08666306
HSMM_strong_enhancers	GSM6339603	4	0.104108304	0.101857305
HSMM_strong_enhancers	GSM6339603	5	0.17107493	0.18232977
HSMM_strong_enhancers	GSM6339603	6	0.1198653	0.099043556
HSMM_strong_enhancers	GSM6339603	7	0.08610031	0.1243673
HSMM_strong_enhancers	GSM6339603	8	0.18232977	0.15362991
HSMM_strong_enhancers	GSM6339603	9	0.25098437	0.24423143
HSMM_strong_enhancers	GSM6339603	10	0.26955536	0.25830022
HSMM_strong_enhancers	GSM6339603	11	0.23297659	0.20427673
HSMM_strong_enhancers	GSM6339603	12	0.25773746	0.2560492
HSMM_strong_enhancers	GSM6339603	13	0.13055748	0.12886925
HSMM_strong_enhancers	GSM6339603	14	0.14293781	0.14856523
HSMM_strong_enhancers	GSM6339603	15	0.1986493	0.18458074
HSMM_strong_enhancers	GSM6339603	16	0.13280845	0.16769847
HSMM_strong_enhancers	GSM6339603	17	0.15756911	0.17670235
HSMM_strong_enhancers	GSM6339603	18	0.19414736	0.17839058
HSMM_strong_enhancers	GSM6339603	19	0.25492367	0.21778254
HSMM_strong_enhancers	GSM6339603	20	0.17501412	0.18739446
HSMM_strong_enhancers	GSM6339603	21	0.13956136	0.1052338
HSMM_strong_enhancers	GSM6339603	22	0.221159	0.20821592
HSMM_strong_MYOD_bound_enhancers	GSM6339603	0	0.04670912	0.05414011
HSMM_strong_MYOD_bound_enhancers	GSM6339603	1	0.19108307	0.19214465
HSMM_strong_MYOD_bound_enhancers	GSM6339603	2	0.04777069	0.04140127
HSMM_strong_MYOD_bound_enhancers	GSM6339603	3	0.087048866	0.0774947
HSMM_strong_MYOD_bound_enhancers	GSM6339603	4	0.107218765	0.11146506
HSMM_strong_MYOD_bound_enhancers	GSM6339603	5	0.15817429	0.1942678
HSMM_strong_MYOD_bound_enhancers	GSM6339603	6	0.12845023	0.0976646
HSMM_strong_MYOD_bound_enhancers	GSM6339603	7	0.0774947	0.14543541
HSMM_strong_MYOD_bound_enhancers	GSM6339603	8	0.19108307	0.16242059
HSMM_strong_MYOD_bound_enhancers	GSM6339603	9	0.22717658	0.24840805
HSMM_strong_MYOD_bound_enhancers	GSM6339603	10	0.2707008	0.24310018
HSMM_strong_MYOD_bound_enhancers	GSM6339603	11	0.21974556	0.1900215
HSMM_strong_MYOD_bound_enhancers	GSM6339603	12	0.2462849	0.26433146
HSMM_strong_MYOD_bound_enhancers	GSM6339603	13	0.1295118	0.13163495
HSMM_strong_MYOD_bound_enhancers	GSM6339603	14	0.12526551	0.13163495
HSMM_strong_MYOD_bound_enhancers	GSM6339603	15	0.19214465	0.19639094
HSMM_strong_MYOD_bound_enhancers	GSM6339603	16	0.11358821	0.16666688
HSMM_strong_MYOD_bound_enhancers	GSM6339603	17	0.15923586	0.17834419
HSMM_strong_MYOD_bound_enhancers	GSM6339603	18	0.18895993	0.16454373
HSMM_strong_MYOD_bound_enhancers	GSM6339603	19	0.25902367	0.22293028
HSMM_strong_MYOD_bound_enhancers	GSM6339603	20	0.16666688	0.20169881
HSMM_strong_MYOD_bound_enhancers	GSM6339603	21	0.16135901	0.104034044
HSMM_strong_MYOD_bound_enhancers	GSM6339603	22	0.21549927	0.19957566
MYOD1_strong_MYOD_bound	GSM6339603	0	0.0	0.0
MYOD1_strong_MYOD_bound	GSM6339603	1	0.0	0.0
MYOD1_strong_MYOD_bound	GSM6339603	2	0.0	0.0
MYOD1_strong_MYOD_bound	GSM6339603	3	0.0	0.0
MYOD1_strong_MYOD_bound	GSM6339603	4	0.0	0.0
MYOD1_strong_MYOD_bound	GSM6339603	5	0.0	0.0
MYOD1_strong_MYOD_bound	GSM6339603	6	0.1	0.0
MYOD1_strong_MYOD_bound	GSM6339603	7	0.0	0.2
MYOD1_strong_MYOD_bound	GSM6339603	8	0.4	0.1
MYOD1_strong_MYOD_bound	GSM6339603	9	0.0	0.0
MYOD1_strong_MYOD_bound	GSM6339603	10	0.1	0.0
MYOD1_strong_MYOD_bound	GSM6339603	11	0.1	0.0
MYOD1_strong_MYOD_bound	GSM6339603	12	0.0	0.0
MYOD1_strong_MYOD_bound	GSM6339603	13	0.0	0.3
MYOD1_strong_MYOD_bound	GSM6339603	14	0.0	0.0
MYOD1_strong_MYOD_bound	GSM6339603	15	0.0	0.2
MYOD1_strong_MYOD_bound	GSM6339603	16	0.1	0.1
MYOD1_strong_MYOD_bound	GSM6339603	17	0.0	0.0
MYOD1_strong_MYOD_bound	GSM6339603	18	0.1	0.0
MYOD1_strong_MYOD_bound	GSM6339603	19	0.0	0.3
MYOD1_strong_MYOD_bound	GSM6339603	20	0.1	0.0
MYOD1_strong_MYOD_bound	GSM6339603	21	0.3	0.0
MYOD1_strong_MYOD_bound	GSM6339603	22	0.1	0.1
MYOG_strong_MYOD_bound	GSM6339603	0	0.09090909	0.0
MYOG_strong_MYOD_bound	GSM6339603	1	0.09090909	0.09090909
MYOG_strong_MYOD_bound	GSM6339603	2	0.0	0.0
MYOG_strong_MYOD_bound	GSM6339603	3	0.09090909	0.09090909
MYOG_strong_MYOD_bound	GSM6339603	4	0.0	0.0
MYOG_strong_MYOD_bound	GSM6339603	5	0.0	0.0
MYOG_strong_MYOD_bound	GSM6339603	6	0.0	0.0
MYOG_strong_MYOD_bound	GSM6339603	7	0.0	0.18181819
MYOG_strong_MYOD_bound	GSM6339603	8	0.18181819	0.0
MYOG_strong_MYOD_bound	GSM6339603	9	0.0	0.09090909
MYOG_strong_MYOD_bound	GSM6339603	10	0.09090909	0.09090909
MYOG_strong_MYOD_bound	GSM6339603	11	0.0	0.0
MYOG_strong_MYOD_bound	GSM6339603	12	0.27272728	0.09090909
MYOG_strong_MYOD_bound	GSM6339603	13	0.0	0.09090909
MYOG_strong_MYOD_bound	GSM6339603	14	0.0	0.09090909
MYOG_strong_MYOD_bound	GSM6339603	15	0.0	0.0
MYOG_strong_MYOD_bound	GSM6339603	16	0.18181819	0.0
MYOG_strong_MYOD_bound	GSM6339603	17	0.0	0.0
MYOG_strong_MYOD_bound	GSM6339603	18	0.18181819	0.0
MYOG_strong_MYOD_bound	GSM6339603	19	0.27272728	0.36363637
MYOG_strong_MYOD_bound	GSM6339603	20	0.09090909	0.18181819
MYOG_strong_MYOD_bound	GSM6339603	21	0.27272728	0.09090909
MYOG_strong_MYOD_bound	GSM6339603	22	0.18181819	0.09090909
MYF5_MYF6_shared_strong_MYOD_bound	GSM6339603	0	0.0	0.0
MYF5_MYF6_shared_strong_MYOD_bound	GSM6339603	1	0.5	0.0
MYF5_MYF6_shared_strong_MYOD_bound	GSM6339603	2	0.0	0.0
MYF5_MYF6_shared_strong_MYOD_bound	GSM6339603	3	0.0	0.0
MYF5_MYF6_shared_strong_MYOD_bound	GSM6339603	4	0.0	0.0
MYF5_MYF6_shared_strong_MYOD_bound	GSM6339603	5	0.0	0.5
MYF5_MYF6_shared_strong_MYOD_bound	GSM6339603	6	0.0	0.0
MYF5_MYF6_shared_strong_MYOD_bound	GSM6339603	7	0.0	0.0
MYF5_MYF6_shared_strong_MYOD_bound	GSM6339603	8	0.5	0.0
MYF5_MYF6_shared_strong_MYOD_bound	GSM6339603	9	0.5	0.0
MYF5_MYF6_shared_strong_MYOD_bound	GSM6339603	10	0.5	0.5
MYF5_MYF6_shared_strong_MYOD_bound	GSM6339603	11	0.0	0.0
MYF5_MYF6_shared_strong_MYOD_bound	GSM6339603	12	0.0	0.0
MYF5_MYF6_shared_strong_MYOD_bound	GSM6339603	13	0.0	0.0
MYF5_MYF6_shared_strong_MYOD_bound	GSM6339603	14	0.0	0.0
MYF5_MYF6_shared_strong_MYOD_bound	GSM6339603	15	0.0	0.0
MYF5_MYF6_shared_strong_MYOD_bound	GSM6339603	16	0.0	0.5
MYF5_MYF6_shared_strong_MYOD_bound	GSM6339603	17	0.5	0.0
MYF5_MYF6_shared_strong_MYOD_bound	GSM6339603	18	0.0	0.0
MYF5_MYF6_shared_strong_MYOD_bound	GSM6339603	19	0.5	0.5
MYF5_MYF6_shared_strong_MYOD_bound	GSM6339603	20	0.0	0.0
MYF5_MYF6_shared_strong_MYOD_bound	GSM6339603	21	0.0	0.0
MYF5_MYF6_shared_strong_MYOD_bound	GSM6339603	22	0.0	0.5
MRF_core_union	GSM6339603	0	0.04347826	0.0
MRF_core_union	GSM6339603	1	0.08695652	0.04347826
MRF_core_union	GSM6339603	2	0.0	0.0
MRF_core_union	GSM6339603	3	0.04347826	0.04347826
MRF_core_union	GSM6339603	4	0.0	0.0
MRF_core_union	GSM6339603	5	0.0	0.04347826
MRF_core_union	GSM6339603	6	0.04347826	0.0
MRF_core_union	GSM6339603	7	0.0	0.17391305
MRF_core_union	GSM6339603	8	0.3043478	0.04347826
MRF_core_union	GSM6339603	9	0.04347826	0.04347826
MRF_core_union	GSM6339603	10	0.13043478	0.08695652
MRF_core_union	GSM6339603	11	0.04347826	0.0
MRF_core_union	GSM6339603	12	0.13043478	0.04347826
MRF_core_union	GSM6339603	13	0.0	0.17391305
MRF_core_union	GSM6339603	14	0.0	0.04347826
MRF_core_union	GSM6339603	15	0.0	0.08695652
MRF_core_union	GSM6339603	16	0.13043478	0.08695652
MRF_core_union	GSM6339603	17	0.04347826	0.0
MRF_core_union	GSM6339603	18	0.13043478	0.0
MRF_core_union	GSM6339603	19	0.17391305	0.34782606
MRF_core_union	GSM6339603	20	0.08695652	0.08695652
MRF_core_union	GSM6339603	21	0.26086956	0.04347826
MRF_core_union	GSM6339603	22	0.13043478	0.13043478
