"file","bytes","sha256"
"GSM6339597_C1-human_muscle-1_filtered_feature_bc_matrix.h5","225053437","8590b4290a1418e05ffeebacbebbb9f716e0f4b8edc904068757b0915c14f83b"
"GSM6339597_C1-human_muscle-1_per_barcode_metrics.csv.gz","22109326","08145101724ae2d72ed4cd05d04512086dbf8e602797eba118906309e1b53a5c"
"GSM6339599_C2-human_muscle-1_differentiated_filtered_feature_bc_matrix.h5","230901361","685d4c8baef61b26e2c1ae54381dbee23e3107661050b58b5def2f62aa0fcbd5"
"GSM6339599_C2-human_muscle-1_differentiated_per_barcode_metrics.csv.gz","20405576","bf5580c017548e9434a96fd324b2ff7701fc4bafc267af3fe39c8a759b342ead"
"GSM6339601_C3-human_muscle-2_filtered_feature_bc_matrix.h5","241136476","2b6191ffa2659fec4120d88a19f0fcfa844269b1bc9e9c718c7934b2d4825d5e"
"GSM6339601_C3-human_muscle-2_per_barcode_metrics.csv.gz","21083693","63c47840f7707fea8322f5cc797790a193d2c6a9bf0751b6188fc2c21d5a7cf8"
"GSM6339603_C4-human_muscle-2_differentiated_filtered_feature_bc_matrix.h5","249081096","ba9ffc6e2b536b7e42f3504c4eb544f98ad38f16507a6b2eb0fad794a09aedc6"
"GSM6339603_C4-human_muscle-2_differentiated_per_barcode_metrics.csv.gz","20025866","8d727dbb1970a401d3baf87a0fb06ee9642989daf24d58203337df3745e158b6"
"gencode.v48.annotation.gtf.gz","58971717","37a298c2b57e41988cfe12667134106523c69c24a1807347679d19e88aa1f4a9"
